review_id,reviewer_id,reviewer_type,objects_identifiable,lateral_relation,on_top_supported,target_on_table,transit_or_gripper,occlusion_or_other_ambiguity,confidence,notes
RV-00f789dcac,,,,,,,,,,
RV-06656e4baf,,,,,,,,,,
RV-068c39ec07,,,,,,,,,,
RV-15551fee93,,,,,,,,,,
RV-17986530f9,,,,,,,,,,
RV-1e22f64bce,,,,,na,na,,,,
RV-1ea3e8031c,,,,,na,na,,,,
RV-256e4383e2,,,,,,,,,,
RV-262f5bbda5,,,,,,,,,,
RV-2bf3ccb9ac,,,,,,,,,,
RV-3010cb0bcf,,,,,na,na,,,,
RV-30ed2b5d2d,,,,,,,,,,
RV-34168941e8,,,,,na,na,,,,
RV-38eac53fb8,,,,,,,,,,
RV-3b613791e4,,,,,na,na,,,,
RV-3cf8fa1f93,,,,,na,na,,,,
RV-3e737e2aa3,,,,,,,,,,
RV-3e9659bf72,,,,,na,na,,,,
RV-442a15d757,,,,,,,,,,
RV-45520a5fe1,,,,,na,na,,,,
RV-46c6a21335,,,,,na,na,,,,
RV-46dc95e0a4,,,,,na,na,,,,
RV-47d4ffa741,,,,,na,na,,,,
RV-484665973b,,,,,,,,,,
RV-575f6da12f,,,,,,,,,,
RV-57604ae152,,,,,,,,,,
RV-65222d3503,,,,,na,na,,,,
RV-67e634534b,,,,,,,,,,
RV-6c2f31b22d,,,,,,,,,,
RV-6d33d4e252,,,,,na,na,,,,
RV-6f36528bcb,,,,,,,,,,
RV-6f75e76e14,,,,,na,na,,,,
RV-6fb8e0b2fc,,,,,na,na,,,,
RV-6fe961b2c1,,,,,na,na,,,,
RV-712f53d935,,,,,,,,,,
RV-760de6bf58,,,,,,,,,,
RV-7785b8a661,,,,,,,,,,
RV-78ff195f00,,,,,,,,,,
RV-7a3df03ccc,,,,,,,,,,
RV-7b5140e2b9,,,,,,,,,,
RV-7c8c8788d7,,,,,na,na,,,,
RV-81d4bbe4b8,,,,,,,,,,
RV-820643529e,,,,,na,na,,,,
RV-89f4e9920d,,,,,,,,,,
RV-8a66d7d9ad,,,,,na,na,,,,
RV-9544990ec2,,,,,,,,,,
RV-9c212f5ec4,,,,,,,,,,
RV-9c2b672d61,,,,,,,,,,
RV-9dfadf1ffc,,,,,na,na,,,,
RV-9f9364308f,,,,,,,,,,
RV-a124c9c362,,,,,,,,,,
RV-a1da38fa0d,,,,,na,na,,,,
RV-add0667f29,,,,,,,,,,
RV-b902896e39,,,,,na,na,,,,
RV-ba891b813b,,,,,,,,,,
RV-bdea502e20,,,,,,,,,,
RV-c0118af5cd,,,,,,,,,,
RV-c260b13a94,,,,,,,,,,
RV-c5f7ac782f,,,,,,,,,,
RV-d235f1dafd,,,,,,,,,,
RV-dbc706dae6,,,,,na,na,,,,
RV-dff11dd07d,,,,,,,,,,
RV-e068e99341,,,,,,,,,,
RV-e3a2953704,,,,,,,,,,
RV-e60224fe66,,,,,,,,,,
RV-e8be917c3a,,,,,,,,,,
RV-e95214c516,,,,,,,,,,
RV-eb22f975d8,,,,,,,,,,
RV-ee9bc76360,,,,,,,,,,
RV-ef5b29a531,,,,,na,na,,,,
RV-f86a769832,,,,,,,,,,
RV-f9b34ce860,,,,,,,,,,
