lane,scene,goal,start,match_frame,nonmatch_frame,both_correct_DIR,both_correct_TF,both_correct_RF
N3-policy,S1,R,S1-C04,S1-C04-initial,S1-C04-secondary-50,0.0,0.0,0.0
N3-policy,S3,TOP,S3-C07,S3-C07-secondary-50,S3-C07-initial,0.0,0.0,0.0
N3-policy,S1,L,S1-C01,S1-C01-secondary-50,S1-C01-initial,0.0,0.0,0.0
N3-policy,S3,R,S3-C02,S3-C02-initial,S3-C02-secondary-50,0.0,0.0,0.0
N3-policy,S4,L,S4-C05,S4-C05-initial,S4-C05-secondary-50,0.0,0.0,0.0
N3-policy,S4,R,S4-C05,S4-C05-secondary-50,S4-C05-initial,0.0,0.0,0.0
N3-policy,S4,L,S4-C06,S4-C06-initial,S4-C06-secondary-100,0.0,0.0,0.0
N3-policy,S1,R,S1-C01,S1-C01-initial,S1-C01-secondary-50,0.0,0.0,0.0
N3-policy,S3,R,S3-C07,S3-C07-initial,S3-C07-secondary-100,0.0,0.0,0.0
N3-policy,S4,R,S4-C06,S4-C06-secondary-100,S4-C06-initial,0.0,0.0,0.0
N3-policy,S1,B,S1-C04,S1-C04-secondary-50,S1-C04-initial,0.0,0.0,0.0
E3-policy,S1,R,S1-C04,S1-C04-initial,S1-C04-secondary-50,0.0,0.0,0.0
E3-policy,S3,TOP,S3-C07,S3-C07-secondary-50,S3-C07-initial,0.5,1.0,1.0
E3-policy,S1,L,S1-C01,S1-C01-secondary-50,S1-C01-initial,0.0,0.0,0.0
E3-policy,S3,R,S3-C02,S3-C02-initial,S3-C02-secondary-50,0.0,0.0,0.0
E3-policy,S4,L,S4-C05,S4-C05-initial,S4-C05-secondary-50,0.0,0.0,0.0
E3-policy,S4,R,S4-C05,S4-C05-secondary-50,S4-C05-initial,0.0,0.0,0.0
E3-policy,S4,L,S4-C06,S4-C06-initial,S4-C06-secondary-100,0.0,0.0,0.0
E3-policy,S1,R,S1-C01,S1-C01-initial,S1-C01-secondary-50,0.0,0.0,0.0
E3-policy,S3,R,S3-C07,S3-C07-initial,S3-C07-secondary-100,0.0,0.0,0.0
E3-policy,S4,R,S4-C06,S4-C06-secondary-100,S4-C06-initial,0.0,0.0,0.0
E3-policy,S1,B,S1-C04,S1-C04-secondary-50,S1-C04-initial,0.0,0.0,0.0
F3-qwen3vl4b,S1,R,S1-C04,S1-C04-initial,S1-C04-secondary-50,0.0,0.0,0.0
F3-qwen3vl4b,S3,TOP,S3-C07,S3-C07-secondary-50,S3-C07-initial,0.0,0.0,0.0
F3-qwen3vl4b,S1,L,S1-C01,S1-C01-secondary-50,S1-C01-initial,0.0,0.0,0.0
F3-qwen3vl4b,S3,R,S3-C02,S3-C02-initial,S3-C02-secondary-50,0.0,0.0,0.0
F3-qwen3vl4b,S4,L,S4-C05,S4-C05-initial,S4-C05-secondary-50,0.0,0.0,0.0
F3-qwen3vl4b,S4,R,S4-C05,S4-C05-secondary-50,S4-C05-initial,0.0,0.0,0.0
F3-qwen3vl4b,S4,L,S4-C06,S4-C06-initial,S4-C06-secondary-100,0.0,0.0,0.0
F3-qwen3vl4b,S1,R,S1-C01,S1-C01-initial,S1-C01-secondary-50,0.0,0.0,0.0
F3-qwen3vl4b,S3,R,S3-C07,S3-C07-initial,S3-C07-secondary-100,0.0,0.0,0.0
F3-qwen3vl4b,S4,R,S4-C06,S4-C06-secondary-100,S4-C06-initial,0.0,0.0,0.0
F3-qwen3vl4b,S1,B,S1-C04,S1-C04-secondary-50,S1-C04-initial,0.0,0.0,0.0
