lane,kind,family,bank,condition,planned,answerable_original_mask,delivered,valid,invalid,unknown_code,truncated,infrastructure_missing
N3-policy,B2,original,initial,I,240,240,240,240,0,0,0,0
N3-policy,B2,original,initial,IH,240,240,240,240,0,0,0,0
N3-policy,B2,original,no_image,H,30,30,30,30,0,0,0,0
N3-policy,B2,original,no_image,T,30,30,30,30,0,0,0,0
N3-policy,B2,placement,initial,IH,128,128,128,128,0,0,0,0
N3-policy,B2,placement,no_image,T,16,16,16,16,0,0,0,0
N3-policy,C2,original,initial,R1-presentation,480,468,480,480,0,0,0,0
N3-policy,C2,original,no_image,no_image_camera_text_retained,60,0,60,60,0,48,0,0
N3-policy,C2,original,secondary,R1-presentation,960,720,960,960,0,0,0,0
E3-policy,B2,original,initial,I,240,240,240,240,0,0,0,0
E3-policy,B2,original,initial,IH,240,240,240,240,0,0,0,0
E3-policy,B2,original,no_image,H,30,30,30,30,0,0,0,0
E3-policy,B2,original,no_image,T,30,30,30,30,0,0,0,0
E3-policy,B2,placement,initial,IH,128,128,128,128,0,0,0,0
E3-policy,B2,placement,no_image,T,16,16,16,16,0,0,0,0
E3-policy,C2,original,initial,R1-presentation,480,468,480,480,0,0,0,0
E3-policy,C2,original,no_image,no_image_camera_text_retained,60,0,60,60,0,25,0,0
E3-policy,C2,original,secondary,R1-presentation,960,720,960,960,0,0,0,0
F3-qwen3vl4b,B2,original,initial,I,240,240,240,240,0,0,0,0
F3-qwen3vl4b,B2,original,initial,IH,240,240,240,240,0,0,0,0
F3-qwen3vl4b,B2,original,no_image,H,30,30,30,30,0,0,0,0
F3-qwen3vl4b,B2,original,no_image,T,30,30,30,30,0,0,0,0
F3-qwen3vl4b,B2,placement,initial,IH,128,128,128,128,0,0,0,0
F3-qwen3vl4b,B2,placement,no_image,T,16,16,16,16,0,0,0,0
F3-qwen3vl4b,C2,original,initial,R1-presentation,480,468,480,480,0,0,0,0
F3-qwen3vl4b,C2,original,no_image,no_image_camera_text_retained,60,0,60,60,0,0,0,0
F3-qwen3vl4b,C2,original,secondary,R1-presentation,960,720,960,960,0,0,0,0
