metric,estimate,ci_low,ci_high,n_items,support,status
lanes/N3-policy/b2_image/I/all_goals/tuple_accuracy,0.9768518518518517,0.9583333333333334,0.9953703703703703,240,,
lanes/N3-policy/b2_image/I/all_goals/target_accuracy,1.0,1.0,1.0,240,,
lanes/N3-policy/b2_image/I/all_goals/reference_accuracy,1.0,1.0,1.0,240,,
lanes/N3-policy/b2_image/I/all_goals/relation_accuracy,0.9768518518518517,0.9583333333333334,0.9953703703703703,240,,
lanes/N3-policy/b2_image/I/all_goals/tuple_accuracy_DIR,1.0,1.0,1.0,80,,
lanes/N3-policy/b2_image/I/all_goals/tuple_accuracy_RF,0.9305555555555555,0.875,0.9861111111111112,80,,
lanes/N3-policy/b2_image/I/all_goals/tuple_accuracy_TF,1.0,1.0,1.0,80,,
lanes/N3-policy/b2_image/I/all_goals/gap_TF_minus_RF,0.06944444444444445,0.013888888888888888,0.125,80,,
lanes/N3-policy/b2_image/I/all_goals/both_correct_TF_RF,0.9305555555555555,0.875,0.9861111111111112,80,,
lanes/N3-policy/b2_image/I/all_goals/gap_DIR_minus_TF,0.0,0.0,0.0,80,,
lanes/N3-policy/b2_image/I/all_goals/both_correct_DIR_TF,1.0,1.0,1.0,80,,
lanes/N3-policy/b2_image/I/all_goals/gap_DIR_minus_RF,0.06944444444444445,0.013888888888888888,0.125,80,,
lanes/N3-policy/b2_image/I/all_goals/both_correct_DIR_RF,0.9305555555555555,0.875,0.9861111111111112,80,,
lanes/N3-policy/b2_image/I/lateral_8_goals/tuple_accuracy,0.9722222222222222,0.951388888888889,0.9930555555555555,192,,
lanes/N3-policy/b2_image/I/lateral_8_goals/target_accuracy,1.0,1.0,1.0,192,,
lanes/N3-policy/b2_image/I/lateral_8_goals/reference_accuracy,1.0,1.0,1.0,192,,
lanes/N3-policy/b2_image/I/lateral_8_goals/relation_accuracy,0.9722222222222222,0.951388888888889,0.9930555555555555,192,,
lanes/N3-policy/b2_image/I/lateral_8_goals/tuple_accuracy_DIR,1.0,1.0,1.0,64,,
lanes/N3-policy/b2_image/I/lateral_8_goals/tuple_accuracy_RF,0.9166666666666666,0.8541666666666666,0.9791666666666666,64,,
lanes/N3-policy/b2_image/I/lateral_8_goals/tuple_accuracy_TF,1.0,1.0,1.0,64,,
lanes/N3-policy/b2_image/I/lateral_8_goals/gap_TF_minus_RF,0.08333333333333333,0.020833333333333332,0.14583333333333334,64,,
lanes/N3-policy/b2_image/I/lateral_8_goals/both_correct_TF_RF,0.9166666666666666,0.8541666666666666,0.9791666666666666,64,,
lanes/N3-policy/b2_image/I/lateral_8_goals/gap_DIR_minus_TF,0.0,0.0,0.0,64,,
lanes/N3-policy/b2_image/I/lateral_8_goals/both_correct_DIR_TF,1.0,1.0,1.0,64,,
lanes/N3-policy/b2_image/I/lateral_8_goals/gap_DIR_minus_RF,0.08333333333333333,0.020833333333333332,0.14583333333333334,64,,
lanes/N3-policy/b2_image/I/lateral_8_goals/both_correct_DIR_RF,0.9166666666666666,0.8541666666666666,0.9791666666666666,64,,
lanes/N3-policy/b2_image/IH/all_goals/tuple_accuracy,0.9664351851851851,0.9513888888888888,0.9826388888888888,240,,
lanes/N3-policy/b2_image/IH/all_goals/target_accuracy,1.0,1.0,1.0,240,,
lanes/N3-policy/b2_image/IH/all_goals/reference_accuracy,1.0,1.0,1.0,240,,
lanes/N3-policy/b2_image/IH/all_goals/relation_accuracy,0.9664351851851851,0.9513888888888888,0.9826388888888888,240,,
lanes/N3-policy/b2_image/IH/all_goals/tuple_accuracy_DIR,1.0,1.0,1.0,80,,
lanes/N3-policy/b2_image/IH/all_goals/tuple_accuracy_RF,0.8993055555555555,0.8541666666666666,0.9479166666666666,80,,
lanes/N3-policy/b2_image/IH/all_goals/tuple_accuracy_TF,1.0,1.0,1.0,80,,
lanes/N3-policy/b2_image/IH/all_goals/gap_TF_minus_RF,0.10069444444444446,0.052083333333333336,0.14583333333333334,80,,
lanes/N3-policy/b2_image/IH/all_goals/both_correct_TF_RF,0.8993055555555555,0.8541666666666666,0.9479166666666666,80,,
lanes/N3-policy/b2_image/IH/all_goals/gap_DIR_minus_TF,0.0,0.0,0.0,80,,
lanes/N3-policy/b2_image/IH/all_goals/both_correct_DIR_TF,1.0,1.0,1.0,80,,
lanes/N3-policy/b2_image/IH/all_goals/gap_DIR_minus_RF,0.10069444444444446,0.052083333333333336,0.14583333333333334,80,,
lanes/N3-policy/b2_image/IH/all_goals/both_correct_DIR_RF,0.8993055555555555,0.8541666666666666,0.9479166666666666,80,,
lanes/N3-policy/b2_image/IH/lateral_8_goals/tuple_accuracy,0.954861111111111,0.9340277777777778,0.9756944444444445,192,,
lanes/N3-policy/b2_image/IH/lateral_8_goals/target_accuracy,1.0,1.0,1.0,192,,
lanes/N3-policy/b2_image/IH/lateral_8_goals/reference_accuracy,1.0,1.0,1.0,192,,
lanes/N3-policy/b2_image/IH/lateral_8_goals/relation_accuracy,0.954861111111111,0.9340277777777778,0.9756944444444445,192,,
lanes/N3-policy/b2_image/IH/lateral_8_goals/tuple_accuracy_DIR,1.0,1.0,1.0,64,,
lanes/N3-policy/b2_image/IH/lateral_8_goals/tuple_accuracy_RF,0.8645833333333334,0.8020833333333334,0.9270833333333334,64,,
lanes/N3-policy/b2_image/IH/lateral_8_goals/tuple_accuracy_TF,1.0,1.0,1.0,64,,
lanes/N3-policy/b2_image/IH/lateral_8_goals/gap_TF_minus_RF,0.13541666666666666,0.07291666666666667,0.19791666666666666,64,,
lanes/N3-policy/b2_image/IH/lateral_8_goals/both_correct_TF_RF,0.8645833333333334,0.8020833333333334,0.9270833333333334,64,,
lanes/N3-policy/b2_image/IH/lateral_8_goals/gap_DIR_minus_TF,0.0,0.0,0.0,64,,
lanes/N3-policy/b2_image/IH/lateral_8_goals/both_correct_DIR_TF,1.0,1.0,1.0,64,,
lanes/N3-policy/b2_image/IH/lateral_8_goals/gap_DIR_minus_RF,0.13541666666666666,0.07291666666666667,0.19791666666666666,64,,
lanes/N3-policy/b2_image/IH/lateral_8_goals/both_correct_DIR_RF,0.8645833333333334,0.8020833333333334,0.9270833333333334,64,,
lanes/N3-policy/b2_placement_image/all_goals/tuple_accuracy,1.0,1.0,1.0,128,,
lanes/N3-policy/b2_placement_image/all_goals/target_accuracy,1.0,1.0,1.0,128,,
lanes/N3-policy/b2_placement_image/all_goals/reference_accuracy,1.0,1.0,1.0,128,,
lanes/N3-policy/b2_placement_image/all_goals/relation_accuracy,1.0,1.0,1.0,128,,
lanes/N3-policy/b2_placement_image/all_goals/tuple_accuracy_reference_early,1.0,1.0,1.0,64,,
lanes/N3-policy/b2_placement_image/all_goals/tuple_accuracy_reference_late,1.0,1.0,1.0,64,,
lanes/N3-policy/b2_placement_image/all_goals/gap_reference_early_minus_reference_late,0.0,0.0,0.0,64,,
lanes/N3-policy/b2_placement_image/all_goals/both_correct_reference_early_reference_late,1.0,1.0,1.0,64,,
lanes/N3-policy/b2_placement_image/lateral_8_goals/tuple_accuracy,1.0,1.0,1.0,128,,
lanes/N3-policy/b2_placement_image/lateral_8_goals/target_accuracy,1.0,1.0,1.0,128,,
lanes/N3-policy/b2_placement_image/lateral_8_goals/reference_accuracy,1.0,1.0,1.0,128,,
lanes/N3-policy/b2_placement_image/lateral_8_goals/relation_accuracy,1.0,1.0,1.0,128,,
lanes/N3-policy/b2_placement_image/lateral_8_goals/tuple_accuracy_reference_early,1.0,1.0,1.0,64,,
lanes/N3-policy/b2_placement_image/lateral_8_goals/tuple_accuracy_reference_late,1.0,1.0,1.0,64,,
lanes/N3-policy/b2_placement_image/lateral_8_goals/gap_reference_early_minus_reference_late,0.0,0.0,0.0,64,,
lanes/N3-policy/b2_placement_image/lateral_8_goals/both_correct_reference_early_reference_late,1.0,1.0,1.0,64,,
lanes/N3-policy/b2_contrasts/image_I_minus_T/all_goals/tuple_all,-0.023148148148148143,-0.041666666666666664,-0.004629629629629629,240,,
lanes/N3-policy/b2_contrasts/image_I_minus_T/all_goals/tuple_DIR,0.0,0.0,0.0,80,,
lanes/N3-policy/b2_contrasts/image_I_minus_T/all_goals/tuple_TF,0.0,0.0,0.0,80,,
lanes/N3-policy/b2_contrasts/image_I_minus_T/all_goals/tuple_RF,-0.06944444444444445,-0.125,-0.013888888888888888,80,,
lanes/N3-policy/b2_contrasts/image_I_minus_T/all_goals/tf_rf_gap_difference,0.06944444444444445,0.013888888888888888,0.125,80,,
lanes/N3-policy/b2_contrasts/image_I_minus_T/lateral_8_goals/tuple_all,-0.027777777777777776,-0.048611111111111105,-0.006944444444444444,192,,
lanes/N3-policy/b2_contrasts/image_I_minus_T/lateral_8_goals/tuple_DIR,0.0,0.0,0.0,64,,
lanes/N3-policy/b2_contrasts/image_I_minus_T/lateral_8_goals/tuple_TF,0.0,0.0,0.0,64,,
lanes/N3-policy/b2_contrasts/image_I_minus_T/lateral_8_goals/tuple_RF,-0.08333333333333333,-0.14583333333333334,-0.020833333333333332,64,,
lanes/N3-policy/b2_contrasts/image_I_minus_T/lateral_8_goals/tf_rf_gap_difference,0.08333333333333333,0.020833333333333332,0.14583333333333334,64,,
lanes/N3-policy/b2_contrasts/image_IH_minus_H/all_goals/tuple_all,-0.03356481481481481,-0.048611111111111105,-0.01736111111111111,240,,
lanes/N3-policy/b2_contrasts/image_IH_minus_H/all_goals/tuple_DIR,0.0,0.0,0.0,80,,
lanes/N3-policy/b2_contrasts/image_IH_minus_H/all_goals/tuple_TF,0.0,0.0,0.0,80,,
lanes/N3-policy/b2_contrasts/image_IH_minus_H/all_goals/tuple_RF,-0.10069444444444446,-0.14583333333333334,-0.052083333333333336,80,,
lanes/N3-policy/b2_contrasts/image_IH_minus_H/all_goals/tf_rf_gap_difference,0.10069444444444446,0.052083333333333336,0.14583333333333334,80,,
lanes/N3-policy/b2_contrasts/image_IH_minus_H/lateral_8_goals/tuple_all,-0.04513888888888889,-0.06597222222222221,-0.024305555555555552,192,,
lanes/N3-policy/b2_contrasts/image_IH_minus_H/lateral_8_goals/tuple_DIR,0.0,0.0,0.0,64,,
lanes/N3-policy/b2_contrasts/image_IH_minus_H/lateral_8_goals/tuple_TF,0.0,0.0,0.0,64,,
lanes/N3-policy/b2_contrasts/image_IH_minus_H/lateral_8_goals/tuple_RF,-0.13541666666666666,-0.19791666666666666,-0.07291666666666667,64,,
lanes/N3-policy/b2_contrasts/image_IH_minus_H/lateral_8_goals/tf_rf_gap_difference,0.13541666666666666,0.07291666666666667,0.19791666666666666,64,,
lanes/N3-policy/b2_contrasts/header_IH_minus_I/all_goals/tuple_all,-0.010416666666666666,-0.026620370370370367,0.005787037037037038,240,,
lanes/N3-policy/b2_contrasts/header_IH_minus_I/all_goals/tuple_DIR,0.0,0.0,0.0,80,,
lanes/N3-policy/b2_contrasts/header_IH_minus_I/all_goals/tuple_TF,0.0,0.0,0.0,80,,
lanes/N3-policy/b2_contrasts/header_IH_minus_I/all_goals/tuple_RF,-0.03125,-0.0798611111111111,0.01736111111111111,80,,
lanes/N3-policy/b2_contrasts/header_IH_minus_I/all_goals/tf_rf_gap_difference,0.03125,-0.01736111111111111,0.0798611111111111,80,,
lanes/N3-policy/b2_contrasts/header_IH_minus_I/lateral_8_goals/tuple_all,-0.01736111111111111,-0.03472222222222222,-0.003472222222222222,192,,
lanes/N3-policy/b2_contrasts/header_IH_minus_I/lateral_8_goals/tuple_DIR,0.0,0.0,0.0,64,,
lanes/N3-policy/b2_contrasts/header_IH_minus_I/lateral_8_goals/tuple_TF,0.0,0.0,0.0,64,,
lanes/N3-policy/b2_contrasts/header_IH_minus_I/lateral_8_goals/tuple_RF,-0.052083333333333336,-0.10416666666666667,-0.010416666666666666,64,,
lanes/N3-policy/b2_contrasts/header_IH_minus_I/lateral_8_goals/tf_rf_gap_difference,0.052083333333333336,0.010416666666666666,0.10416666666666667,64,,
lanes/N3-policy/c2/original/initial/balanced_accuracy_all_forms/recall_match,0.0,0.0,0.0,,66,
lanes/N3-policy/c2/original/initial/balanced_accuracy_all_forms/recall_nonmatch,0.9875000000000003,0.9775,0.9966666666666669,,168,
lanes/N3-policy/c2/original/initial/balanced_accuracy_all_forms/balanced_accuracy,0.49375000000000013,0.48875,0.49833333333333346,,,
lanes/N3-policy/c2/original/initial/accuracy_all_forms,0.685763888888889,0.6788194444444443,0.6921296296296297,234,,
lanes/N3-policy/c2/original/initial/balanced_accuracy_DIR/recall_match,0.0,0.0,0.0,,22,
lanes/N3-policy/c2/original/initial/balanced_accuracy_DIR/recall_nonmatch,0.9700000000000001,0.9400000000000001,0.9900000000000002,,56,
lanes/N3-policy/c2/original/initial/balanced_accuracy_DIR/balanced_accuracy,0.48500000000000004,0.47000000000000003,0.4950000000000001,,,
lanes/N3-policy/c2/original/initial/accuracy_DIR,0.673611111111111,0.6527777777777777,0.6875,78,,
lanes/N3-policy/c2/original/initial/balanced_accuracy_TF/recall_match,0.0,0.0,0.0,,22,
lanes/N3-policy/c2/original/initial/balanced_accuracy_TF/recall_nonmatch,0.9925000000000002,0.9775,1.0,,56,
lanes/N3-policy/c2/original/initial/balanced_accuracy_TF/balanced_accuracy,0.4962500000000001,0.48875,0.5,,,
lanes/N3-policy/c2/original/initial/accuracy_TF,0.689236111111111,0.6788194444444443,0.6944444444444443,78,,
lanes/N3-policy/c2/original/initial/balanced_accuracy_RF/recall_match,0.0,0.0,0.0,,22,
lanes/N3-policy/c2/original/initial/balanced_accuracy_RF/recall_nonmatch,1.0,1.0,1.0,,56,
lanes/N3-policy/c2/original/initial/balanced_accuracy_RF/balanced_accuracy,0.5,0.5,0.5,,,
lanes/N3-policy/c2/original/initial/accuracy_RF,0.6944444444444443,0.6944444444444443,0.6944444444444443,78,,
lanes/N3-policy/c2/original/initial/order0_balanced_accuracy/recall_match,0.0,0.0,0.0,,66,
lanes/N3-policy/c2/original/initial/order0_balanced_accuracy/recall_nonmatch,1.0,1.0,1.0,,168,
lanes/N3-policy/c2/original/initial/order0_balanced_accuracy/balanced_accuracy,0.5,0.5,0.5,,,
lanes/N3-policy/c2/original/initial/order0_accuracy,0.6944444444444443,0.6944444444444443,0.6944444444444443,234,,
lanes/N3-policy/c2/original/initial/order1_balanced_accuracy/recall_match,0.0,0.0,0.0,,66,
lanes/N3-policy/c2/original/initial/order1_balanced_accuracy/recall_nonmatch,0.9750000000000002,0.9550000000000003,0.9933333333333335,,168,
lanes/N3-policy/c2/original/initial/order1_balanced_accuracy/balanced_accuracy,0.4875000000000001,0.47750000000000015,0.49666666666666676,,,
lanes/N3-policy/c2/original/initial/order1_accuracy,0.6770833333333334,0.6631944444444445,0.6898148148148148,234,,
lanes/N3-policy/c2/original/initial/gap_TF_minus_RF,-0.005208333333333333,-0.015625,0.0,78,,
lanes/N3-policy/c2/original/initial/both_correct_TF_RF,0.689236111111111,0.6788194444444443,0.6944444444444443,78,,
lanes/N3-policy/c2/original/initial/disagreement_TF_RF,0.005208333333333333,0.0,0.015625,78,,
lanes/N3-policy/c2/original/initial/gap_DIR_minus_TF,-0.015625,-0.036458333333333336,0.005208333333333333,78,,
lanes/N3-policy/c2/original/initial/both_correct_DIR_TF,0.6684027777777777,0.6475694444444443,0.6875,78,,
lanes/N3-policy/c2/original/initial/disagreement_DIR_TF,0.026041666666666668,0.006944444444444444,0.046875,78,,
lanes/N3-policy/c2/original/initial/gap_DIR_minus_RF,-0.020833333333333332,-0.041666666666666664,-0.006944444444444444,78,,
lanes/N3-policy/c2/original/initial/both_correct_DIR_RF,0.673611111111111,0.6527777777777777,0.6875,78,,
lanes/N3-policy/c2/original/initial/disagreement_DIR_RF,0.020833333333333332,0.006944444444444444,0.041666666666666664,78,,
lanes/N3-policy/c2/original/secondary/balanced_accuracy_all_forms/recall_match,0.0,0.0,0.0,,90,
lanes/N3-policy/c2/original/secondary/balanced_accuracy_all_forms/recall_nonmatch,0.9953300124533003,0.9887044786504279,1.0,,270,
lanes/N3-policy/c2/original/secondary/balanced_accuracy_all_forms/balanced_accuracy,0.49766500622665016,0.49435223932521394,0.5,,,
lanes/N3-policy/c2/original/secondary/accuracy_all_forms,0.7400462962962963,0.6966765873015873,0.7899305555555555,360,,
lanes/N3-policy/c2/original/secondary/balanced_accuracy_DIR/recall_match,0.0,0.0,0.0,,30,
lanes/N3-policy/c2/original/secondary/balanced_accuracy_DIR/recall_nonmatch,0.9859900373599004,0.966113435951284,1.0,,90,
lanes/N3-policy/c2/original/secondary/balanced_accuracy_DIR/balanced_accuracy,0.4929950186799502,0.483056717975642,0.5,,,
lanes/N3-policy/c2/original/secondary/accuracy_DIR,0.7331018518518517,0.688979828042328,0.7836805555555556,120,,
lanes/N3-policy/c2/original/secondary/balanced_accuracy_TF/recall_match,0.0,0.0,0.0,,30,
lanes/N3-policy/c2/original/secondary/balanced_accuracy_TF/recall_nonmatch,1.0,1.0,1.0,,90,
lanes/N3-policy/c2/original/secondary/balanced_accuracy_TF/balanced_accuracy,0.5,0.5,0.5,,,
lanes/N3-policy/c2/original/secondary/accuracy_TF,0.7435185185185184,0.6997354497354497,0.7923280423280423,120,,
lanes/N3-policy/c2/original/secondary/balanced_accuracy_RF/recall_match,0.0,0.0,0.0,,30,
lanes/N3-policy/c2/original/secondary/balanced_accuracy_RF/recall_nonmatch,1.0,1.0,1.0,,90,
lanes/N3-policy/c2/original/secondary/balanced_accuracy_RF/balanced_accuracy,0.5,0.5,0.5,,,
lanes/N3-policy/c2/original/secondary/accuracy_RF,0.7435185185185184,0.6997354497354497,0.7923280423280423,120,,
lanes/N3-policy/c2/original/secondary/order0_balanced_accuracy/recall_match,0.0,0.0,0.0,,90,
lanes/N3-policy/c2/original/secondary/order0_balanced_accuracy/recall_nonmatch,0.9976650062266503,0.9928474114441417,1.0,,270,
lanes/N3-policy/c2/original/secondary/order0_balanced_accuracy/balanced_accuracy,0.49883250311332517,0.49642370572207084,0.5,,,
lanes/N3-policy/c2/original/secondary/order0_accuracy,0.7417824074074074,0.6986565806878307,0.7913727678571428,360,,
lanes/N3-policy/c2/original/secondary/order1_balanced_accuracy/recall_match,0.0,0.0,0.0,,90,
lanes/N3-policy/c2/original/secondary/order1_balanced_accuracy/recall_nonmatch,0.9929950186799503,0.9830424007923725,1.0,,270,
lanes/N3-policy/c2/original/secondary/order1_balanced_accuracy/balanced_accuracy,0.49649750933997516,0.49152120039618624,0.5,,,
lanes/N3-policy/c2/original/secondary/order1_accuracy,0.7383101851851851,0.6949404761904762,0.7881944444444445,360,,
lanes/N3-policy/c2/original/secondary/gap_TF_minus_RF,0.0,0.0,0.0,120,,
lanes/N3-policy/c2/original/secondary/both_correct_TF_RF,0.7435185185185184,0.6997354497354497,0.7923280423280423,120,,
lanes/N3-policy/c2/original/secondary/disagreement_TF_RF,0.0,0.0,0.0,120,,
lanes/N3-policy/c2/original/secondary/gap_DIR_minus_TF,-0.010416666666666666,-0.026041666666666668,0.0,120,,
lanes/N3-policy/c2/original/secondary/both_correct_DIR_TF,0.7331018518518517,0.688979828042328,0.7836805555555556,120,,
lanes/N3-policy/c2/original/secondary/disagreement_DIR_TF,0.010416666666666666,0.0,0.026041666666666668,120,,
lanes/N3-policy/c2/original/secondary/gap_DIR_minus_RF,-0.010416666666666666,-0.026041666666666668,0.0,120,,
lanes/N3-policy/c2/original/secondary/both_correct_DIR_RF,0.7331018518518517,0.688979828042328,0.7836805555555556,120,,
lanes/N3-policy/c2/original/secondary/disagreement_DIR_RF,0.010416666666666666,0.0,0.026041666666666668,120,,
lanes/N3-policy/c2_no_image/reused_against_initial_labels/accuracy,0.1111111111111111,0.1111111111111111,0.1111111111111111,234,,
lanes/N3-policy/c2_no_image/reused_against_initial_labels/balanced_accuracy/recall_match,0.0,0.0,0.0,,66,
lanes/N3-policy/c2_no_image/reused_against_initial_labels/balanced_accuracy/recall_nonmatch,0.16000000000000003,0.16000000000000003,0.16000000000000003,,168,
lanes/N3-policy/c2_no_image/reused_against_initial_labels/balanced_accuracy/balanced_accuracy,0.08000000000000002,0.08000000000000002,0.08000000000000002,,,
lanes/E3-policy/b2_image/I/all_goals/tuple_accuracy,0.3611111111111111,0.34027777777777773,0.3819444444444444,240,,
lanes/E3-policy/b2_image/I/all_goals/target_accuracy,0.9131944444444443,0.8888888888888888,0.9409722222222223,240,,
lanes/E3-policy/b2_image/I/all_goals/reference_accuracy,0.9131944444444443,0.8888888888888888,0.9409722222222223,240,,
lanes/E3-policy/b2_image/I/all_goals/relation_accuracy,0.3611111111111111,0.34027777777777773,0.3819444444444444,240,,
lanes/E3-policy/b2_image/I/all_goals/tuple_accuracy_DIR,0.38888888888888884,0.35763888888888884,0.42013888888888884,80,,
lanes/E3-policy/b2_image/I/all_goals/tuple_accuracy_RF,0.23263888888888887,0.2222222222222222,0.2534722222222222,80,,
lanes/E3-policy/b2_image/I/all_goals/tuple_accuracy_TF,0.4618055555555555,0.4305555555555555,0.4930555555555555,80,,
lanes/E3-policy/b2_image/I/all_goals/gap_TF_minus_RF,0.22916666666666666,0.1875,0.2708333333333333,80,,
lanes/E3-policy/b2_image/I/all_goals/both_correct_TF_RF,0.23263888888888887,0.2222222222222222,0.2534722222222222,80,,
lanes/E3-policy/b2_image/I/all_goals/gap_DIR_minus_TF,-0.07291666666666667,-0.10416666666666667,-0.041666666666666664,80,,
lanes/E3-policy/b2_image/I/all_goals/both_correct_DIR_TF,0.38888888888888884,0.35763888888888884,0.42013888888888884,80,,
lanes/E3-policy/b2_image/I/all_goals/gap_DIR_minus_RF,0.15625,0.13541666666666666,0.16666666666666666,80,,
lanes/E3-policy/b2_image/I/all_goals/both_correct_DIR_RF,0.23263888888888887,0.2222222222222222,0.2534722222222222,80,,
lanes/E3-policy/b2_image/I/lateral_8_goals/tuple_accuracy,0.47222222222222227,0.45138888888888884,0.4930555555555556,192,,
lanes/E3-policy/b2_image/I/lateral_8_goals/target_accuracy,0.9131944444444443,0.8888888888888888,0.9409722222222223,192,,
lanes/E3-policy/b2_image/I/lateral_8_goals/reference_accuracy,0.9131944444444443,0.8888888888888888,0.9409722222222223,192,,
lanes/E3-policy/b2_image/I/lateral_8_goals/relation_accuracy,0.47222222222222227,0.45138888888888884,0.4930555555555556,192,,
lanes/E3-policy/b2_image/I/lateral_8_goals/tuple_accuracy_DIR,0.5,0.46875,0.53125,64,,
lanes/E3-policy/b2_image/I/lateral_8_goals/tuple_accuracy_RF,0.34375,0.3333333333333333,0.3645833333333333,64,,
lanes/E3-policy/b2_image/I/lateral_8_goals/tuple_accuracy_TF,0.5729166666666666,0.5416666666666666,0.6041666666666666,64,,
lanes/E3-policy/b2_image/I/lateral_8_goals/gap_TF_minus_RF,0.22916666666666666,0.1875,0.2708333333333333,64,,
lanes/E3-policy/b2_image/I/lateral_8_goals/both_correct_TF_RF,0.34375,0.3333333333333333,0.3645833333333333,64,,
lanes/E3-policy/b2_image/I/lateral_8_goals/gap_DIR_minus_TF,-0.07291666666666667,-0.10416666666666667,-0.041666666666666664,64,,
lanes/E3-policy/b2_image/I/lateral_8_goals/both_correct_DIR_TF,0.5,0.46875,0.53125,64,,
lanes/E3-policy/b2_image/I/lateral_8_goals/gap_DIR_minus_RF,0.15625,0.13541666666666666,0.16666666666666666,64,,
lanes/E3-policy/b2_image/I/lateral_8_goals/both_correct_DIR_RF,0.34375,0.3333333333333333,0.3645833333333333,64,,
lanes/E3-policy/b2_image/IH/all_goals/tuple_accuracy,0.34027777777777773,0.3171296296296296,0.3645833333333333,240,,
lanes/E3-policy/b2_image/IH/all_goals/target_accuracy,0.9375,0.9097222222222223,0.9652777777777777,240,,
lanes/E3-policy/b2_image/IH/all_goals/reference_accuracy,0.9328703703703702,0.9039351851851852,0.9606481481481483,240,,
lanes/E3-policy/b2_image/IH/all_goals/relation_accuracy,0.3506944444444444,0.3240740740740741,0.3773148148148148,240,,
lanes/E3-policy/b2_image/IH/all_goals/tuple_accuracy_DIR,0.3055555555555555,0.3055555555555555,0.3055555555555555,80,,
lanes/E3-policy/b2_image/IH/all_goals/tuple_accuracy_RF,0.23263888888888887,0.2222222222222222,0.2534722222222222,80,,
lanes/E3-policy/b2_image/IH/all_goals/tuple_accuracy_TF,0.48263888888888884,0.42013888888888884,0.5520833333333334,80,,
lanes/E3-policy/b2_image/IH/all_goals/gap_TF_minus_RF,0.25,0.1875,0.3194444444444445,80,,
lanes/E3-policy/b2_image/IH/all_goals/both_correct_TF_RF,0.23263888888888887,0.2222222222222222,0.2534722222222222,80,,
lanes/E3-policy/b2_image/IH/all_goals/gap_DIR_minus_TF,-0.17708333333333334,-0.24652777777777776,-0.11458333333333333,80,,
lanes/E3-policy/b2_image/IH/all_goals/both_correct_DIR_TF,0.3055555555555555,0.3055555555555555,0.3055555555555555,80,,
lanes/E3-policy/b2_image/IH/all_goals/gap_DIR_minus_RF,0.07291666666666667,0.052083333333333336,0.08333333333333333,80,,
lanes/E3-policy/b2_image/IH/all_goals/both_correct_DIR_RF,0.23263888888888887,0.2222222222222222,0.2534722222222222,80,,
lanes/E3-policy/b2_image/IH/lateral_8_goals/tuple_accuracy,0.4444444444444445,0.42361111111111116,0.46527777777777773,192,,
lanes/E3-policy/b2_image/IH/lateral_8_goals/target_accuracy,0.9375,0.9097222222222223,0.9652777777777777,192,,
lanes/E3-policy/b2_image/IH/lateral_8_goals/reference_accuracy,0.9375,0.9097222222222223,0.9652777777777777,192,,
lanes/E3-policy/b2_image/IH/lateral_8_goals/relation_accuracy,0.45486111111111116,0.4305555555555555,0.4791666666666667,192,,
lanes/E3-policy/b2_image/IH/lateral_8_goals/tuple_accuracy_DIR,0.4166666666666667,0.4166666666666667,0.4166666666666667,64,,
lanes/E3-policy/b2_image/IH/lateral_8_goals/tuple_accuracy_RF,0.34375,0.3333333333333333,0.3645833333333333,64,,
lanes/E3-policy/b2_image/IH/lateral_8_goals/tuple_accuracy_TF,0.5729166666666666,0.5208333333333334,0.625,64,,
lanes/E3-policy/b2_image/IH/lateral_8_goals/gap_TF_minus_RF,0.22916666666666666,0.17708333333333334,0.2916666666666667,64,,
lanes/E3-policy/b2_image/IH/lateral_8_goals/both_correct_TF_RF,0.34375,0.3333333333333333,0.3645833333333333,64,,
lanes/E3-policy/b2_image/IH/lateral_8_goals/gap_DIR_minus_TF,-0.15625,-0.20833333333333334,-0.10416666666666667,64,,
lanes/E3-policy/b2_image/IH/lateral_8_goals/both_correct_DIR_TF,0.4166666666666667,0.4166666666666667,0.4166666666666667,64,,
lanes/E3-policy/b2_image/IH/lateral_8_goals/gap_DIR_minus_RF,0.07291666666666667,0.052083333333333336,0.08333333333333333,64,,
lanes/E3-policy/b2_image/IH/lateral_8_goals/both_correct_DIR_RF,0.34375,0.3333333333333333,0.3645833333333333,64,,
lanes/E3-policy/b2_placement_image/all_goals/tuple_accuracy,0.5052083333333334,0.46875,0.5416666666666666,128,,
lanes/E3-policy/b2_placement_image/all_goals/target_accuracy,1.0,1.0,1.0,128,,
lanes/E3-policy/b2_placement_image/all_goals/reference_accuracy,1.0,1.0,1.0,128,,
lanes/E3-policy/b2_placement_image/all_goals/relation_accuracy,0.5052083333333334,0.46875,0.5416666666666666,128,,
lanes/E3-policy/b2_placement_image/all_goals/tuple_accuracy_reference_early,0.4166666666666667,0.4166666666666667,0.4166666666666667,64,,
lanes/E3-policy/b2_placement_image/all_goals/tuple_accuracy_reference_late,0.59375,0.5208333333333334,0.6666666666666666,64,,
lanes/E3-policy/b2_placement_image/all_goals/gap_reference_early_minus_reference_late,-0.17708333333333334,-0.25,-0.10416666666666667,64,,
lanes/E3-policy/b2_placement_image/all_goals/both_correct_reference_early_reference_late,0.4166666666666667,0.4166666666666667,0.4166666666666667,64,,
lanes/E3-policy/b2_placement_image/lateral_8_goals/tuple_accuracy,0.5052083333333334,0.46875,0.5416666666666666,128,,
lanes/E3-policy/b2_placement_image/lateral_8_goals/target_accuracy,1.0,1.0,1.0,128,,
lanes/E3-policy/b2_placement_image/lateral_8_goals/reference_accuracy,1.0,1.0,1.0,128,,
lanes/E3-policy/b2_placement_image/lateral_8_goals/relation_accuracy,0.5052083333333334,0.46875,0.5416666666666666,128,,
lanes/E3-policy/b2_placement_image/lateral_8_goals/tuple_accuracy_reference_early,0.4166666666666667,0.4166666666666667,0.4166666666666667,64,,
lanes/E3-policy/b2_placement_image/lateral_8_goals/tuple_accuracy_reference_late,0.59375,0.5208333333333334,0.6666666666666666,64,,
lanes/E3-policy/b2_placement_image/lateral_8_goals/gap_reference_early_minus_reference_late,-0.17708333333333334,-0.25,-0.10416666666666667,64,,
lanes/E3-policy/b2_placement_image/lateral_8_goals/both_correct_reference_early_reference_late,0.4166666666666667,0.4166666666666667,0.4166666666666667,64,,
lanes/E3-policy/b2_contrasts/image_I_minus_T/all_goals/tuple_all,-0.26851851851851855,-0.28935185185185186,-0.24768518518518515,240,,
lanes/E3-policy/b2_contrasts/image_I_minus_T/all_goals/tuple_DIR,-0.2222222222222222,-0.2534722222222222,-0.1909722222222222,80,,
lanes/E3-policy/b2_contrasts/image_I_minus_T/all_goals/tuple_TF,-0.37152777777777773,-0.40277777777777773,-0.34027777777777773,80,,
lanes/E3-policy/b2_contrasts/image_I_minus_T/all_goals/tuple_RF,-0.21180555555555555,-0.2222222222222222,-0.1909722222222222,80,,
lanes/E3-policy/b2_contrasts/image_I_minus_T/all_goals/tf_rf_gap_difference,-0.1597222222222222,-0.20138888888888887,-0.11805555555555554,80,,
lanes/E3-policy/b2_contrasts/image_I_minus_T/lateral_8_goals/tuple_all,-0.19444444444444442,-0.21527777777777776,-0.17361111111111108,192,,
lanes/E3-policy/b2_contrasts/image_I_minus_T/lateral_8_goals/tuple_DIR,-0.3333333333333333,-0.3645833333333333,-0.3020833333333333,64,,
lanes/E3-policy/b2_contrasts/image_I_minus_T/lateral_8_goals/tuple_TF,-0.2604166666666667,-0.2916666666666667,-0.22916666666666666,64,,
lanes/E3-policy/b2_contrasts/image_I_minus_T/lateral_8_goals/tuple_RF,0.010416666666666666,0.0,0.03125,64,,
lanes/E3-policy/b2_contrasts/image_I_minus_T/lateral_8_goals/tf_rf_gap_difference,-0.2708333333333333,-0.3125,-0.22916666666666666,64,,
lanes/E3-policy/b2_contrasts/image_IH_minus_H/all_goals/tuple_all,-0.30787037037037035,-0.3310185185185185,-0.2835648148148148,240,,
lanes/E3-policy/b2_contrasts/image_IH_minus_H/all_goals/tuple_DIR,-0.19444444444444442,-0.19444444444444442,-0.19444444444444442,80,,
lanes/E3-policy/b2_contrasts/image_IH_minus_H/all_goals/tuple_TF,-0.517361111111111,-0.579861111111111,-0.4479166666666666,80,,
lanes/E3-policy/b2_contrasts/image_IH_minus_H/all_goals/tuple_RF,-0.21180555555555555,-0.2222222222222222,-0.1909722222222222,80,,
lanes/E3-policy/b2_contrasts/image_IH_minus_H/all_goals/tf_rf_gap_difference,-0.3055555555555555,-0.3680555555555555,-0.23611111111111108,80,,
lanes/E3-policy/b2_contrasts/image_IH_minus_H/lateral_8_goals/tuple_all,-0.22222222222222218,-0.24305555555555555,-0.20138888888888887,192,,
lanes/E3-policy/b2_contrasts/image_IH_minus_H/lateral_8_goals/tuple_DIR,-0.25,-0.25,-0.25,64,,
lanes/E3-policy/b2_contrasts/image_IH_minus_H/lateral_8_goals/tuple_TF,-0.4270833333333333,-0.4791666666666667,-0.375,64,,
lanes/E3-policy/b2_contrasts/image_IH_minus_H/lateral_8_goals/tuple_RF,0.010416666666666666,0.0,0.03125,64,,
lanes/E3-policy/b2_contrasts/image_IH_minus_H/lateral_8_goals/tf_rf_gap_difference,-0.4375,-0.4895833333333333,-0.375,64,,
lanes/E3-policy/b2_contrasts/header_IH_minus_I/all_goals/tuple_all,-0.020833333333333332,-0.04398148148148148,0.006944444444444443,240,,
lanes/E3-policy/b2_contrasts/header_IH_minus_I/all_goals/tuple_DIR,-0.08333333333333333,-0.11458333333333333,-0.052083333333333336,80,,
lanes/E3-policy/b2_contrasts/header_IH_minus_I/all_goals/tuple_TF,0.020833333333333332,-0.041666666666666664,0.09027777777777778,80,,
lanes/E3-policy/b2_contrasts/header_IH_minus_I/all_goals/tuple_RF,0.0,0.0,0.0,80,,
lanes/E3-policy/b2_contrasts/header_IH_minus_I/all_goals/tf_rf_gap_difference,0.020833333333333332,-0.041666666666666664,0.09027777777777778,80,,
lanes/E3-policy/b2_contrasts/header_IH_minus_I/lateral_8_goals/tuple_all,-0.02777777777777778,-0.048611111111111105,-0.0034722222222222216,192,,
lanes/E3-policy/b2_contrasts/header_IH_minus_I/lateral_8_goals/tuple_DIR,-0.08333333333333333,-0.11458333333333333,-0.052083333333333336,64,,
lanes/E3-policy/b2_contrasts/header_IH_minus_I/lateral_8_goals/tuple_TF,0.0,-0.052083333333333336,0.0625,64,,
lanes/E3-policy/b2_contrasts/header_IH_minus_I/lateral_8_goals/tuple_RF,0.0,0.0,0.0,64,,
lanes/E3-policy/b2_contrasts/header_IH_minus_I/lateral_8_goals/tf_rf_gap_difference,0.0,-0.052083333333333336,0.0625,64,,
lanes/E3-policy/c2/original/initial/balanced_accuracy_all_forms/recall_match,0.0,0.0,0.0,,66,
lanes/E3-policy/c2/original/initial/balanced_accuracy_all_forms/recall_nonmatch,0.9700000000000001,0.9600000000000002,0.9800000000000001,,168,
lanes/E3-policy/c2/original/initial/balanced_accuracy_all_forms/balanced_accuracy,0.48500000000000004,0.4800000000000001,0.49000000000000005,,,
lanes/E3-policy/c2/original/initial/accuracy_all_forms,0.673611111111111,0.6666666666666666,0.6805555555555555,234,,
lanes/E3-policy/c2/original/initial/balanced_accuracy_DIR/recall_match,0.0,0.0,0.0,,22,
lanes/E3-policy/c2/original/initial/balanced_accuracy_DIR/recall_nonmatch,0.9100000000000001,0.8800000000000001,0.9400000000000001,,56,
lanes/E3-policy/c2/original/initial/balanced_accuracy_DIR/balanced_accuracy,0.45500000000000007,0.44000000000000006,0.47000000000000003,,,
lanes/E3-policy/c2/original/initial/accuracy_DIR,0.6319444444444444,0.611111111111111,0.6527777777777777,78,,
lanes/E3-policy/c2/original/initial/balanced_accuracy_TF/recall_match,0.0,0.0,0.0,,22,
lanes/E3-policy/c2/original/initial/balanced_accuracy_TF/recall_nonmatch,1.0,1.0,1.0,,56,
lanes/E3-policy/c2/original/initial/balanced_accuracy_TF/balanced_accuracy,0.5,0.5,0.5,,,
lanes/E3-policy/c2/original/initial/accuracy_TF,0.6944444444444443,0.6944444444444443,0.6944444444444443,78,,
lanes/E3-policy/c2/original/initial/balanced_accuracy_RF/recall_match,0.0,0.0,0.0,,22,
lanes/E3-policy/c2/original/initial/balanced_accuracy_RF/recall_nonmatch,1.0,1.0,1.0,,56,
lanes/E3-policy/c2/original/initial/balanced_accuracy_RF/balanced_accuracy,0.5,0.5,0.5,,,
lanes/E3-policy/c2/original/initial/accuracy_RF,0.6944444444444443,0.6944444444444443,0.6944444444444443,78,,
lanes/E3-policy/c2/original/initial/order0_balanced_accuracy/recall_match,0.0,0.0,0.0,,66,
lanes/E3-policy/c2/original/initial/order0_balanced_accuracy/recall_nonmatch,0.9866666666666668,0.9666666666666668,1.0,,168,
lanes/E3-policy/c2/original/initial/order0_balanced_accuracy/balanced_accuracy,0.4933333333333334,0.4833333333333334,0.5,,,
lanes/E3-policy/c2/original/initial/order0_accuracy,0.6851851851851851,0.6712962962962963,0.6944444444444443,234,,
lanes/E3-policy/c2/original/initial/order1_balanced_accuracy/recall_match,0.0,0.0,0.0,,66,
lanes/E3-policy/c2/original/initial/order1_balanced_accuracy/recall_nonmatch,0.9533333333333335,0.9466666666666668,0.9666666666666668,,168,
lanes/E3-policy/c2/original/initial/order1_balanced_accuracy/balanced_accuracy,0.47666666666666674,0.4733333333333334,0.4833333333333334,,,
lanes/E3-policy/c2/original/initial/order1_accuracy,0.662037037037037,0.6574074074074073,0.6712962962962963,234,,
lanes/E3-policy/c2/original/initial/gap_TF_minus_RF,0.0,0.0,0.0,78,,
lanes/E3-policy/c2/original/initial/both_correct_TF_RF,0.6944444444444443,0.6944444444444443,0.6944444444444443,78,,
lanes/E3-policy/c2/original/initial/disagreement_TF_RF,0.0,0.0,0.0,78,,
lanes/E3-policy/c2/original/initial/gap_DIR_minus_TF,-0.0625,-0.08333333333333333,-0.041666666666666664,78,,
lanes/E3-policy/c2/original/initial/both_correct_DIR_TF,0.6319444444444444,0.611111111111111,0.6527777777777777,78,,
lanes/E3-policy/c2/original/initial/disagreement_DIR_TF,0.0625,0.041666666666666664,0.08333333333333333,78,,
lanes/E3-policy/c2/original/initial/gap_DIR_minus_RF,-0.0625,-0.08333333333333333,-0.041666666666666664,78,,
lanes/E3-policy/c2/original/initial/both_correct_DIR_RF,0.6319444444444444,0.611111111111111,0.6527777777777777,78,,
lanes/E3-policy/c2/original/initial/disagreement_DIR_RF,0.0625,0.041666666666666664,0.08333333333333333,78,,
lanes/E3-policy/c2/original/secondary/balanced_accuracy_all_forms/recall_match,0.051519253910950656,0.014187048579384763,0.09941824030748662,,90,
lanes/E3-policy/c2/original/secondary/balanced_accuracy_all_forms/recall_nonmatch,0.9512245745122461,0.9125514403292182,0.9790327407473415,,270,
lanes/E3-policy/c2/original/secondary/balanced_accuracy_all_forms/balanced_accuracy,0.5013719142115983,0.4714959907012493,0.5308481837163227,,,
lanes/E3-policy/c2/original/secondary/accuracy_all_forms,0.7204668209876544,0.6841071428571427,0.7654528356481481,360,,
lanes/E3-policy/c2/original/secondary/balanced_accuracy_DIR/recall_match,0.04963898916967509,0.0,0.08333333333333333,,30,
lanes/E3-policy/c2/original/secondary/balanced_accuracy_DIR/recall_nonmatch,0.909713574097136,0.859006996050077,0.9533001245330014,,90,
lanes/E3-policy/c2/original/secondary/balanced_accuracy_DIR/balanced_accuracy,0.4796762816334056,0.44494023261635823,0.5088656269548432,,,
lanes/E3-policy/c2/original/secondary/accuracy_DIR,0.6891203703703703,0.6481481481481483,0.7366443452380952,120,,
lanes/E3-policy/c2/original/secondary/balanced_accuracy_TF/recall_match,0.07784296028880866,0.0,0.16748753597861832,,30,
lanes/E3-policy/c2/original/secondary/balanced_accuracy_TF/recall_nonmatch,0.9719800747198009,0.9361973626367662,0.9954380750076033,,90,
lanes/E3-policy/c2/original/secondary/balanced_accuracy_TF/balanced_accuracy,0.5249115175043048,0.4848645760887126,0.5726991226878279,,,
lanes/E3-policy/c2/original/secondary/accuracy_TF,0.7426504629629629,0.7036452132936508,0.7900558035714287,120,,
lanes/E3-policy/c2/original/secondary/balanced_accuracy_RF/recall_match,0.02707581227436823,0.0,0.0826771653543307,,30,
lanes/E3-policy/c2/original/secondary/balanced_accuracy_RF/recall_nonmatch,0.9719800747198009,0.9348404255319148,1.0,,90,
lanes/E3-policy/c2/original/secondary/balanced_accuracy_RF/balanced_accuracy,0.49952794349708457,0.4690656565656565,0.5347930122169481,,,
lanes/E3-policy/c2/original/secondary/accuracy_RF,0.7296296296296295,0.6875,0.7796296296296297,120,,
lanes/E3-policy/c2/original/secondary/order0_balanced_accuracy/recall_match,0.024819494584837544,0.0,0.06481614955152844,,90,
lanes/E3-policy/c2/original/secondary/order0_balanced_accuracy/recall_nonmatch,0.9688667496886677,0.9334589252340751,0.9939246658566221,,270,
lanes/E3-policy/c2/original/secondary/order0_balanced_accuracy/balanced_accuracy,0.49684312213675264,0.4719266744415368,0.5240632249785029,,,
lanes/E3-policy/c2/original/secondary/order0_accuracy,0.7267361111111111,0.6857618220899471,0.7776136739417989,360,,
lanes/E3-policy/c2/original/secondary/order1_balanced_accuracy/recall_match,0.07821901323706379,0.026234567901234563,0.1377413982121774,,90,
lanes/E3-policy/c2/original/secondary/order1_balanced_accuracy/recall_nonmatch,0.9335823993358243,0.8882972156553718,0.9689922480620153,,270,
lanes/E3-policy/c2/original/secondary/order1_balanced_accuracy/balanced_accuracy,0.505900706286444,0.468971664012504,0.540246636072267,,,
lanes/E3-policy/c2/original/secondary/order1_accuracy,0.7141975308641976,0.6782407407407408,0.7559413580246913,360,,
lanes/E3-policy/c2/original/secondary/gap_TF_minus_RF,0.013020833333333334,-0.008680555555555554,0.03819444444444444,120,,
lanes/E3-policy/c2/original/secondary/both_correct_TF_RF,0.7226851851851851,0.6810515873015873,0.7714955357142856,120,,
lanes/E3-policy/c2/original/secondary/disagreement_TF_RF,0.02690972222222222,0.006944444444444444,0.049479166666666664,120,,
lanes/E3-policy/c2/original/secondary/gap_DIR_minus_TF,-0.053530092592592594,-0.08879071593915344,-0.020717385912698415,120,,
lanes/E3-policy/c2/original/secondary/both_correct_DIR_TF,0.6763888888888889,0.6374975198412699,0.7238425925925925,120,,
lanes/E3-policy/c2/original/secondary/disagreement_DIR_TF,0.07899305555555557,0.05324074074074075,0.10846602182539683,120,,
lanes/E3-policy/c2/original/secondary/gap_DIR_minus_RF,-0.04050925925925926,-0.07060185185185185,-0.013425925925925926,120,,
lanes/E3-policy/c2/original/secondary/both_correct_DIR_RF,0.6798611111111111,0.6382266865079365,0.7310185185185185,120,,
lanes/E3-policy/c2/original/secondary/disagreement_DIR_RF,0.05902777777777777,0.029761904761904764,0.08780175264550259,120,,
lanes/E3-policy/c2_no_image/reused_against_initial_labels/accuracy,0.38425925925925924,0.38425925925925924,0.38425925925925924,234,,
lanes/E3-policy/c2_no_image/reused_against_initial_labels/balanced_accuracy/recall_match,0.0,0.0,0.0,,66,
lanes/E3-policy/c2_no_image/reused_against_initial_labels/balanced_accuracy/recall_nonmatch,0.5533333333333335,0.5533333333333335,0.5533333333333335,,168,
lanes/E3-policy/c2_no_image/reused_against_initial_labels/balanced_accuracy/balanced_accuracy,0.2766666666666667,0.2766666666666667,0.2766666666666667,,,
lanes/F3-qwen3vl4b/b2_image/I/all_goals/tuple_accuracy,0.7962962962962963,0.7824074074074074,0.8055555555555555,240,,
lanes/F3-qwen3vl4b/b2_image/I/all_goals/target_accuracy,1.0,1.0,1.0,240,,
lanes/F3-qwen3vl4b/b2_image/I/all_goals/reference_accuracy,1.0,1.0,1.0,240,,
lanes/F3-qwen3vl4b/b2_image/I/all_goals/relation_accuracy,0.7962962962962963,0.7824074074074074,0.8055555555555555,240,,
lanes/F3-qwen3vl4b/b2_image/I/all_goals/tuple_accuracy_DIR,0.9722222222222222,0.9305555555555555,1.0,80,,
lanes/F3-qwen3vl4b/b2_image/I/all_goals/tuple_accuracy_RF,0.4166666666666667,0.4166666666666667,0.4166666666666667,80,,
lanes/F3-qwen3vl4b/b2_image/I/all_goals/tuple_accuracy_TF,1.0,1.0,1.0,80,,
lanes/F3-qwen3vl4b/b2_image/I/all_goals/gap_TF_minus_RF,0.5833333333333333,0.5833333333333333,0.5833333333333333,80,,
lanes/F3-qwen3vl4b/b2_image/I/all_goals/both_correct_TF_RF,0.4166666666666667,0.4166666666666667,0.4166666666666667,80,,
lanes/F3-qwen3vl4b/b2_image/I/all_goals/gap_DIR_minus_TF,-0.027777777777777776,-0.06944444444444445,0.0,80,,
lanes/F3-qwen3vl4b/b2_image/I/all_goals/both_correct_DIR_TF,0.9722222222222222,0.9305555555555555,1.0,80,,
lanes/F3-qwen3vl4b/b2_image/I/all_goals/gap_DIR_minus_RF,0.5555555555555556,0.5138888888888888,0.5833333333333333,80,,
lanes/F3-qwen3vl4b/b2_image/I/all_goals/both_correct_DIR_RF,0.4166666666666667,0.4166666666666667,0.4166666666666667,80,,
lanes/F3-qwen3vl4b/b2_image/I/lateral_8_goals/tuple_accuracy,0.8055555555555554,0.8055555555555554,0.8055555555555554,192,,
lanes/F3-qwen3vl4b/b2_image/I/lateral_8_goals/target_accuracy,1.0,1.0,1.0,192,,
lanes/F3-qwen3vl4b/b2_image/I/lateral_8_goals/reference_accuracy,1.0,1.0,1.0,192,,
lanes/F3-qwen3vl4b/b2_image/I/lateral_8_goals/relation_accuracy,0.8055555555555554,0.8055555555555554,0.8055555555555554,192,,
lanes/F3-qwen3vl4b/b2_image/I/lateral_8_goals/tuple_accuracy_DIR,1.0,1.0,1.0,64,,
lanes/F3-qwen3vl4b/b2_image/I/lateral_8_goals/tuple_accuracy_RF,0.4166666666666667,0.4166666666666667,0.4166666666666667,64,,
lanes/F3-qwen3vl4b/b2_image/I/lateral_8_goals/tuple_accuracy_TF,1.0,1.0,1.0,64,,
lanes/F3-qwen3vl4b/b2_image/I/lateral_8_goals/gap_TF_minus_RF,0.5833333333333334,0.5833333333333334,0.5833333333333334,64,,
lanes/F3-qwen3vl4b/b2_image/I/lateral_8_goals/both_correct_TF_RF,0.4166666666666667,0.4166666666666667,0.4166666666666667,64,,
lanes/F3-qwen3vl4b/b2_image/I/lateral_8_goals/gap_DIR_minus_TF,0.0,0.0,0.0,64,,
lanes/F3-qwen3vl4b/b2_image/I/lateral_8_goals/both_correct_DIR_TF,1.0,1.0,1.0,64,,
lanes/F3-qwen3vl4b/b2_image/I/lateral_8_goals/gap_DIR_minus_RF,0.5833333333333334,0.5833333333333334,0.5833333333333334,64,,
lanes/F3-qwen3vl4b/b2_image/I/lateral_8_goals/both_correct_DIR_RF,0.4166666666666667,0.4166666666666667,0.4166666666666667,64,,
lanes/F3-qwen3vl4b/b2_image/IH/all_goals/tuple_accuracy,0.8055555555555555,0.8055555555555555,0.8055555555555555,240,,
lanes/F3-qwen3vl4b/b2_image/IH/all_goals/target_accuracy,1.0,1.0,1.0,240,,
lanes/F3-qwen3vl4b/b2_image/IH/all_goals/reference_accuracy,1.0,1.0,1.0,240,,
lanes/F3-qwen3vl4b/b2_image/IH/all_goals/relation_accuracy,0.8055555555555555,0.8055555555555555,0.8055555555555555,240,,
lanes/F3-qwen3vl4b/b2_image/IH/all_goals/tuple_accuracy_DIR,1.0,1.0,1.0,80,,
lanes/F3-qwen3vl4b/b2_image/IH/all_goals/tuple_accuracy_RF,0.4166666666666667,0.4166666666666667,0.4166666666666667,80,,
lanes/F3-qwen3vl4b/b2_image/IH/all_goals/tuple_accuracy_TF,1.0,1.0,1.0,80,,
lanes/F3-qwen3vl4b/b2_image/IH/all_goals/gap_TF_minus_RF,0.5833333333333333,0.5833333333333333,0.5833333333333333,80,,
lanes/F3-qwen3vl4b/b2_image/IH/all_goals/both_correct_TF_RF,0.4166666666666667,0.4166666666666667,0.4166666666666667,80,,
lanes/F3-qwen3vl4b/b2_image/IH/all_goals/gap_DIR_minus_TF,0.0,0.0,0.0,80,,
lanes/F3-qwen3vl4b/b2_image/IH/all_goals/both_correct_DIR_TF,1.0,1.0,1.0,80,,
lanes/F3-qwen3vl4b/b2_image/IH/all_goals/gap_DIR_minus_RF,0.5833333333333333,0.5833333333333333,0.5833333333333333,80,,
lanes/F3-qwen3vl4b/b2_image/IH/all_goals/both_correct_DIR_RF,0.4166666666666667,0.4166666666666667,0.4166666666666667,80,,
lanes/F3-qwen3vl4b/b2_image/IH/lateral_8_goals/tuple_accuracy,0.8055555555555554,0.8055555555555554,0.8055555555555554,192,,
lanes/F3-qwen3vl4b/b2_image/IH/lateral_8_goals/target_accuracy,1.0,1.0,1.0,192,,
lanes/F3-qwen3vl4b/b2_image/IH/lateral_8_goals/reference_accuracy,1.0,1.0,1.0,192,,
lanes/F3-qwen3vl4b/b2_image/IH/lateral_8_goals/relation_accuracy,0.8055555555555554,0.8055555555555554,0.8055555555555554,192,,
lanes/F3-qwen3vl4b/b2_image/IH/lateral_8_goals/tuple_accuracy_DIR,1.0,1.0,1.0,64,,
lanes/F3-qwen3vl4b/b2_image/IH/lateral_8_goals/tuple_accuracy_RF,0.4166666666666667,0.4166666666666667,0.4166666666666667,64,,
lanes/F3-qwen3vl4b/b2_image/IH/lateral_8_goals/tuple_accuracy_TF,1.0,1.0,1.0,64,,
lanes/F3-qwen3vl4b/b2_image/IH/lateral_8_goals/gap_TF_minus_RF,0.5833333333333334,0.5833333333333334,0.5833333333333334,64,,
lanes/F3-qwen3vl4b/b2_image/IH/lateral_8_goals/both_correct_TF_RF,0.4166666666666667,0.4166666666666667,0.4166666666666667,64,,
lanes/F3-qwen3vl4b/b2_image/IH/lateral_8_goals/gap_DIR_minus_TF,0.0,0.0,0.0,64,,
lanes/F3-qwen3vl4b/b2_image/IH/lateral_8_goals/both_correct_DIR_TF,1.0,1.0,1.0,64,,
lanes/F3-qwen3vl4b/b2_image/IH/lateral_8_goals/gap_DIR_minus_RF,0.5833333333333334,0.5833333333333334,0.5833333333333334,64,,
lanes/F3-qwen3vl4b/b2_image/IH/lateral_8_goals/both_correct_DIR_RF,0.4166666666666667,0.4166666666666667,0.4166666666666667,64,,
lanes/F3-qwen3vl4b/b2_placement_image/all_goals/tuple_accuracy,1.0,1.0,1.0,128,,
lanes/F3-qwen3vl4b/b2_placement_image/all_goals/target_accuracy,1.0,1.0,1.0,128,,
lanes/F3-qwen3vl4b/b2_placement_image/all_goals/reference_accuracy,1.0,1.0,1.0,128,,
lanes/F3-qwen3vl4b/b2_placement_image/all_goals/relation_accuracy,1.0,1.0,1.0,128,,
lanes/F3-qwen3vl4b/b2_placement_image/all_goals/tuple_accuracy_reference_early,1.0,1.0,1.0,64,,
lanes/F3-qwen3vl4b/b2_placement_image/all_goals/tuple_accuracy_reference_late,1.0,1.0,1.0,64,,
lanes/F3-qwen3vl4b/b2_placement_image/all_goals/gap_reference_early_minus_reference_late,0.0,0.0,0.0,64,,
lanes/F3-qwen3vl4b/b2_placement_image/all_goals/both_correct_reference_early_reference_late,1.0,1.0,1.0,64,,
lanes/F3-qwen3vl4b/b2_placement_image/lateral_8_goals/tuple_accuracy,1.0,1.0,1.0,128,,
lanes/F3-qwen3vl4b/b2_placement_image/lateral_8_goals/target_accuracy,1.0,1.0,1.0,128,,
lanes/F3-qwen3vl4b/b2_placement_image/lateral_8_goals/reference_accuracy,1.0,1.0,1.0,128,,
lanes/F3-qwen3vl4b/b2_placement_image/lateral_8_goals/relation_accuracy,1.0,1.0,1.0,128,,
lanes/F3-qwen3vl4b/b2_placement_image/lateral_8_goals/tuple_accuracy_reference_early,1.0,1.0,1.0,64,,
lanes/F3-qwen3vl4b/b2_placement_image/lateral_8_goals/tuple_accuracy_reference_late,1.0,1.0,1.0,64,,
lanes/F3-qwen3vl4b/b2_placement_image/lateral_8_goals/gap_reference_early_minus_reference_late,0.0,0.0,0.0,64,,
lanes/F3-qwen3vl4b/b2_placement_image/lateral_8_goals/both_correct_reference_early_reference_late,1.0,1.0,1.0,64,,
lanes/F3-qwen3vl4b/b2_contrasts/image_I_minus_T/all_goals/tuple_all,-0.009259259259259257,-0.023148148148148143,0.0,240,,
lanes/F3-qwen3vl4b/b2_contrasts/image_I_minus_T/all_goals/tuple_DIR,-0.027777777777777776,-0.06944444444444445,0.0,80,,
lanes/F3-qwen3vl4b/b2_contrasts/image_I_minus_T/all_goals/tuple_TF,0.0,0.0,0.0,80,,
lanes/F3-qwen3vl4b/b2_contrasts/image_I_minus_T/all_goals/tuple_RF,0.0,0.0,0.0,80,,
lanes/F3-qwen3vl4b/b2_contrasts/image_I_minus_T/all_goals/tf_rf_gap_difference,0.0,0.0,0.0,80,,
lanes/F3-qwen3vl4b/b2_contrasts/image_I_minus_T/lateral_8_goals/tuple_all,0.05555555555555555,0.05555555555555555,0.05555555555555555,192,,
lanes/F3-qwen3vl4b/b2_contrasts/image_I_minus_T/lateral_8_goals/tuple_DIR,0.0,0.0,0.0,64,,
lanes/F3-qwen3vl4b/b2_contrasts/image_I_minus_T/lateral_8_goals/tuple_TF,0.0,0.0,0.0,64,,
lanes/F3-qwen3vl4b/b2_contrasts/image_I_minus_T/lateral_8_goals/tuple_RF,0.16666666666666666,0.16666666666666666,0.16666666666666666,64,,
lanes/F3-qwen3vl4b/b2_contrasts/image_I_minus_T/lateral_8_goals/tf_rf_gap_difference,-0.16666666666666666,-0.16666666666666666,-0.16666666666666666,64,,
lanes/F3-qwen3vl4b/b2_contrasts/image_IH_minus_H/all_goals/tuple_all,0.037037037037037035,0.037037037037037035,0.037037037037037035,240,,
lanes/F3-qwen3vl4b/b2_contrasts/image_IH_minus_H/all_goals/tuple_DIR,0.0,0.0,0.0,80,,
lanes/F3-qwen3vl4b/b2_contrasts/image_IH_minus_H/all_goals/tuple_TF,0.0,0.0,0.0,80,,
lanes/F3-qwen3vl4b/b2_contrasts/image_IH_minus_H/all_goals/tuple_RF,0.1111111111111111,0.1111111111111111,0.1111111111111111,80,,
lanes/F3-qwen3vl4b/b2_contrasts/image_IH_minus_H/all_goals/tf_rf_gap_difference,-0.1111111111111111,-0.1111111111111111,-0.1111111111111111,80,,
lanes/F3-qwen3vl4b/b2_contrasts/image_IH_minus_H/lateral_8_goals/tuple_all,0.1111111111111111,0.1111111111111111,0.1111111111111111,192,,
lanes/F3-qwen3vl4b/b2_contrasts/image_IH_minus_H/lateral_8_goals/tuple_DIR,0.0,0.0,0.0,64,,
lanes/F3-qwen3vl4b/b2_contrasts/image_IH_minus_H/lateral_8_goals/tuple_TF,0.0,0.0,0.0,64,,
lanes/F3-qwen3vl4b/b2_contrasts/image_IH_minus_H/lateral_8_goals/tuple_RF,0.3333333333333333,0.3333333333333333,0.3333333333333333,64,,
lanes/F3-qwen3vl4b/b2_contrasts/image_IH_minus_H/lateral_8_goals/tf_rf_gap_difference,-0.3333333333333333,-0.3333333333333333,-0.3333333333333333,64,,
lanes/F3-qwen3vl4b/b2_contrasts/header_IH_minus_I/all_goals/tuple_all,0.009259259259259259,0.0,0.023148148148148143,240,,
lanes/F3-qwen3vl4b/b2_contrasts/header_IH_minus_I/all_goals/tuple_DIR,0.027777777777777776,0.0,0.06944444444444445,80,,
lanes/F3-qwen3vl4b/b2_contrasts/header_IH_minus_I/all_goals/tuple_TF,0.0,0.0,0.0,80,,
lanes/F3-qwen3vl4b/b2_contrasts/header_IH_minus_I/all_goals/tuple_RF,0.0,0.0,0.0,80,,
lanes/F3-qwen3vl4b/b2_contrasts/header_IH_minus_I/all_goals/tf_rf_gap_difference,0.0,0.0,0.0,80,,
lanes/F3-qwen3vl4b/b2_contrasts/header_IH_minus_I/lateral_8_goals/tuple_all,0.0,0.0,0.0,192,,
lanes/F3-qwen3vl4b/b2_contrasts/header_IH_minus_I/lateral_8_goals/tuple_DIR,0.0,0.0,0.0,64,,
lanes/F3-qwen3vl4b/b2_contrasts/header_IH_minus_I/lateral_8_goals/tuple_TF,0.0,0.0,0.0,64,,
lanes/F3-qwen3vl4b/b2_contrasts/header_IH_minus_I/lateral_8_goals/tuple_RF,0.0,0.0,0.0,64,,
lanes/F3-qwen3vl4b/b2_contrasts/header_IH_minus_I/lateral_8_goals/tf_rf_gap_difference,0.0,0.0,0.0,64,,
lanes/F3-qwen3vl4b/c2/original/initial/balanced_accuracy_all_forms/recall_match,0.0,0.0,0.0,,66,
lanes/F3-qwen3vl4b/c2/original/initial/balanced_accuracy_all_forms/recall_nonmatch,1.0,1.0,1.0,,168,
lanes/F3-qwen3vl4b/c2/original/initial/balanced_accuracy_all_forms/balanced_accuracy,0.5,0.5,0.5,,,
lanes/F3-qwen3vl4b/c2/original/initial/accuracy_all_forms,0.6944444444444443,0.6944444444444443,0.6944444444444443,234,,
lanes/F3-qwen3vl4b/c2/original/initial/balanced_accuracy_DIR/recall_match,0.0,0.0,0.0,,22,
lanes/F3-qwen3vl4b/c2/original/initial/balanced_accuracy_DIR/recall_nonmatch,1.0,1.0,1.0,,56,
lanes/F3-qwen3vl4b/c2/original/initial/balanced_accuracy_DIR/balanced_accuracy,0.5,0.5,0.5,,,
lanes/F3-qwen3vl4b/c2/original/initial/accuracy_DIR,0.6944444444444443,0.6944444444444443,0.6944444444444443,78,,
lanes/F3-qwen3vl4b/c2/original/initial/balanced_accuracy_TF/recall_match,0.0,0.0,0.0,,22,
lanes/F3-qwen3vl4b/c2/original/initial/balanced_accuracy_TF/recall_nonmatch,1.0,1.0,1.0,,56,
lanes/F3-qwen3vl4b/c2/original/initial/balanced_accuracy_TF/balanced_accuracy,0.5,0.5,0.5,,,
lanes/F3-qwen3vl4b/c2/original/initial/accuracy_TF,0.6944444444444443,0.6944444444444443,0.6944444444444443,78,,
lanes/F3-qwen3vl4b/c2/original/initial/balanced_accuracy_RF/recall_match,0.0,0.0,0.0,,22,
lanes/F3-qwen3vl4b/c2/original/initial/balanced_accuracy_RF/recall_nonmatch,1.0,1.0,1.0,,56,
lanes/F3-qwen3vl4b/c2/original/initial/balanced_accuracy_RF/balanced_accuracy,0.5,0.5,0.5,,,
lanes/F3-qwen3vl4b/c2/original/initial/accuracy_RF,0.6944444444444443,0.6944444444444443,0.6944444444444443,78,,
lanes/F3-qwen3vl4b/c2/original/initial/order0_balanced_accuracy/recall_match,0.0,0.0,0.0,,66,
lanes/F3-qwen3vl4b/c2/original/initial/order0_balanced_accuracy/recall_nonmatch,1.0,1.0,1.0,,168,
lanes/F3-qwen3vl4b/c2/original/initial/order0_balanced_accuracy/balanced_accuracy,0.5,0.5,0.5,,,
lanes/F3-qwen3vl4b/c2/original/initial/order0_accuracy,0.6944444444444443,0.6944444444444443,0.6944444444444443,234,,
lanes/F3-qwen3vl4b/c2/original/initial/order1_balanced_accuracy/recall_match,0.0,0.0,0.0,,66,
lanes/F3-qwen3vl4b/c2/original/initial/order1_balanced_accuracy/recall_nonmatch,1.0,1.0,1.0,,168,
lanes/F3-qwen3vl4b/c2/original/initial/order1_balanced_accuracy/balanced_accuracy,0.5,0.5,0.5,,,
lanes/F3-qwen3vl4b/c2/original/initial/order1_accuracy,0.6944444444444443,0.6944444444444443,0.6944444444444443,234,,
lanes/F3-qwen3vl4b/c2/original/initial/gap_TF_minus_RF,0.0,0.0,0.0,78,,
lanes/F3-qwen3vl4b/c2/original/initial/both_correct_TF_RF,0.6944444444444443,0.6944444444444443,0.6944444444444443,78,,
lanes/F3-qwen3vl4b/c2/original/initial/disagreement_TF_RF,0.0,0.0,0.0,78,,
lanes/F3-qwen3vl4b/c2/original/initial/gap_DIR_minus_TF,0.0,0.0,0.0,78,,
lanes/F3-qwen3vl4b/c2/original/initial/both_correct_DIR_TF,0.6944444444444443,0.6944444444444443,0.6944444444444443,78,,
lanes/F3-qwen3vl4b/c2/original/initial/disagreement_DIR_TF,0.0,0.0,0.0,78,,
lanes/F3-qwen3vl4b/c2/original/initial/gap_DIR_minus_RF,0.0,0.0,0.0,78,,
lanes/F3-qwen3vl4b/c2/original/initial/both_correct_DIR_RF,0.6944444444444443,0.6944444444444443,0.6944444444444443,78,,
lanes/F3-qwen3vl4b/c2/original/initial/disagreement_DIR_RF,0.0,0.0,0.0,78,,
lanes/F3-qwen3vl4b/c2/original/secondary/balanced_accuracy_all_forms/recall_match,0.0,0.0,0.0,,90,
lanes/F3-qwen3vl4b/c2/original/secondary/balanced_accuracy_all_forms/recall_nonmatch,1.0,1.0,1.0,,270,
lanes/F3-qwen3vl4b/c2/original/secondary/balanced_accuracy_all_forms/balanced_accuracy,0.5,0.5,0.5,,,
lanes/F3-qwen3vl4b/c2/original/secondary/accuracy_all_forms,0.7435185185185184,0.6997354497354497,0.7923280423280423,360,,
lanes/F3-qwen3vl4b/c2/original/secondary/balanced_accuracy_DIR/recall_match,0.0,0.0,0.0,,30,
lanes/F3-qwen3vl4b/c2/original/secondary/balanced_accuracy_DIR/recall_nonmatch,1.0,1.0,1.0,,90,
lanes/F3-qwen3vl4b/c2/original/secondary/balanced_accuracy_DIR/balanced_accuracy,0.5,0.5,0.5,,,
lanes/F3-qwen3vl4b/c2/original/secondary/accuracy_DIR,0.7435185185185184,0.6997354497354497,0.7923280423280423,120,,
lanes/F3-qwen3vl4b/c2/original/secondary/balanced_accuracy_TF/recall_match,0.0,0.0,0.0,,30,
lanes/F3-qwen3vl4b/c2/original/secondary/balanced_accuracy_TF/recall_nonmatch,1.0,1.0,1.0,,90,
lanes/F3-qwen3vl4b/c2/original/secondary/balanced_accuracy_TF/balanced_accuracy,0.5,0.5,0.5,,,
lanes/F3-qwen3vl4b/c2/original/secondary/accuracy_TF,0.7435185185185184,0.6997354497354497,0.7923280423280423,120,,
lanes/F3-qwen3vl4b/c2/original/secondary/balanced_accuracy_RF/recall_match,0.0,0.0,0.0,,30,
lanes/F3-qwen3vl4b/c2/original/secondary/balanced_accuracy_RF/recall_nonmatch,1.0,1.0,1.0,,90,
lanes/F3-qwen3vl4b/c2/original/secondary/balanced_accuracy_RF/balanced_accuracy,0.5,0.5,0.5,,,
lanes/F3-qwen3vl4b/c2/original/secondary/accuracy_RF,0.7435185185185184,0.6997354497354497,0.7923280423280423,120,,
lanes/F3-qwen3vl4b/c2/original/secondary/order0_balanced_accuracy/recall_match,0.0,0.0,0.0,,90,
lanes/F3-qwen3vl4b/c2/original/secondary/order0_balanced_accuracy/recall_nonmatch,1.0,1.0,1.0,,270,
lanes/F3-qwen3vl4b/c2/original/secondary/order0_balanced_accuracy/balanced_accuracy,0.5,0.5,0.5,,,
lanes/F3-qwen3vl4b/c2/original/secondary/order0_accuracy,0.7435185185185184,0.6997354497354497,0.7923280423280423,360,,
lanes/F3-qwen3vl4b/c2/original/secondary/order1_balanced_accuracy/recall_match,0.0,0.0,0.0,,90,
lanes/F3-qwen3vl4b/c2/original/secondary/order1_balanced_accuracy/recall_nonmatch,1.0,1.0,1.0,,270,
lanes/F3-qwen3vl4b/c2/original/secondary/order1_balanced_accuracy/balanced_accuracy,0.5,0.5,0.5,,,
lanes/F3-qwen3vl4b/c2/original/secondary/order1_accuracy,0.7435185185185184,0.6997354497354497,0.7923280423280423,360,,
lanes/F3-qwen3vl4b/c2/original/secondary/gap_TF_minus_RF,0.0,0.0,0.0,120,,
lanes/F3-qwen3vl4b/c2/original/secondary/both_correct_TF_RF,0.7435185185185184,0.6997354497354497,0.7923280423280423,120,,
lanes/F3-qwen3vl4b/c2/original/secondary/disagreement_TF_RF,0.0,0.0,0.0,120,,
lanes/F3-qwen3vl4b/c2/original/secondary/gap_DIR_minus_TF,0.0,0.0,0.0,120,,
lanes/F3-qwen3vl4b/c2/original/secondary/both_correct_DIR_TF,0.7435185185185184,0.6997354497354497,0.7923280423280423,120,,
lanes/F3-qwen3vl4b/c2/original/secondary/disagreement_DIR_TF,0.0,0.0,0.0,120,,
lanes/F3-qwen3vl4b/c2/original/secondary/gap_DIR_minus_RF,0.0,0.0,0.0,120,,
lanes/F3-qwen3vl4b/c2/original/secondary/both_correct_DIR_RF,0.7435185185185184,0.6997354497354497,0.7923280423280423,120,,
lanes/F3-qwen3vl4b/c2/original/secondary/disagreement_DIR_RF,0.0,0.0,0.0,120,,
lanes/F3-qwen3vl4b/c2_no_image/reused_against_initial_labels/accuracy,0.6944444444444443,0.6944444444444443,0.6944444444444443,234,,
lanes/F3-qwen3vl4b/c2_no_image/reused_against_initial_labels/balanced_accuracy/recall_match,0.0,0.0,0.0,,66,
lanes/F3-qwen3vl4b/c2_no_image/reused_against_initial_labels/balanced_accuracy/recall_nonmatch,1.0,1.0,1.0,,168,
lanes/F3-qwen3vl4b/c2_no_image/reused_against_initial_labels/balanced_accuracy/balanced_accuracy,0.5,0.5,0.5,,,
a_rescore_r1_answers/N3-policy/initial/original/accuracy,0.5114087301587301,0.48784722222222215,0.5364583333333334,156,,
a_rescore_r1_answers/N3-policy/initial/original/balanced_accuracy/recall_yes,0.8441558441558441,0.8181818181818182,0.8961038961038961,,44,
a_rescore_r1_answers/N3-policy/initial/original/balanced_accuracy/recall_no,0.36500000000000005,0.335,0.395,,112,
a_rescore_r1_answers/N3-policy/initial/original/balanced_accuracy/balanced_accuracy,0.604577922077922,0.5803409090909091,0.636038961038961,,,
a_rescore_r1_answers/N3-policy/initial/original/target_minus_reference_subject_gap,-0.11607142857142856,-0.16319444444444445,-0.06597222222222222,78,,
a_rescore_r1_answers/N3-policy/secondary/original/accuracy,0.5830439814814815,0.5220734126984127,0.6422805059523808,306,,
a_rescore_r1_answers/N3-policy/secondary/original/balanced_accuracy/recall_yes,0.8005420918367346,0.6511881868131868,0.9268918387359487,,76,
a_rescore_r1_answers/N3-policy/secondary/original/balanced_accuracy/recall_no,0.5069196428571427,0.43505149883666944,0.5832041306981675,,230,
a_rescore_r1_answers/N3-policy/secondary/original/balanced_accuracy/balanced_accuracy,0.6537308673469386,0.582464411523877,0.7141666455520175,,,
a_rescore_r1_answers/N3-policy/secondary/original/target_minus_reference_subject_gap,-0.13599537037037038,-0.21180555555555555,-0.06076388888888889,153,,
a_rescore_r1_answers/E3-policy/initial/original/accuracy,0.7135416666666666,0.6545138888888888,0.7586805555555555,156,,
a_rescore_r1_answers/E3-policy/initial/original/balanced_accuracy/recall_yes,0.5852272727272727,0.5170454545454546,0.6363636363636364,,44,
a_rescore_r1_answers/E3-policy/initial/original/balanced_accuracy/recall_no,0.7700000000000001,0.7125000000000001,0.8200000000000002,,112,
a_rescore_r1_answers/E3-policy/initial/original/balanced_accuracy/balanced_accuracy,0.6776136363636365,0.6160227272727274,0.7209090909090909,,,
a_rescore_r1_answers/E3-policy/initial/original/target_minus_reference_subject_gap,-0.04513888888888889,-0.10416666666666667,0.010416666666666666,78,,
a_rescore_r1_answers/E3-policy/secondary/original/accuracy,0.5286458333333334,0.46382998511904766,0.5941251240079365,306,,
a_rescore_r1_answers/E3-policy/secondary/original/balanced_accuracy/recall_yes,0.5918367346938775,0.44116978609625673,0.7370717285587974,,76,
a_rescore_r1_answers/E3-policy/secondary/original/balanced_accuracy/recall_no,0.5065290178571428,0.446036743031494,0.5663454156588321,,230,
a_rescore_r1_answers/E3-policy/secondary/original/balanced_accuracy/balanced_accuracy,0.5491828762755102,0.462767365959664,0.6349533372117613,,,
a_rescore_r1_answers/E3-policy/secondary/original/target_minus_reference_subject_gap,-0.1568287037037037,-0.24826388888888887,-0.06770213293650802,153,,
a_rescore_r1_answers/F3-qwen3vl4b/initial/original/accuracy,0.5265376984126985,0.4774305555555556,0.5746527777777778,156,,
a_rescore_r1_answers/F3-qwen3vl4b/initial/original/balanced_accuracy/recall_yes,0.4732142857142857,0.36553030303030304,0.5757575757575758,,44,
a_rescore_r1_answers/F3-qwen3vl4b/initial/original/balanced_accuracy/recall_no,0.55,0.5100000000000001,0.5925000000000001,,112,
a_rescore_r1_answers/F3-qwen3vl4b/initial/original/balanced_accuracy/balanced_accuracy,0.5116071428571429,0.4492017045454546,0.5720105519480521,,,
a_rescore_r1_answers/F3-qwen3vl4b/initial/original/target_minus_reference_subject_gap,-0.06696428571428571,-0.125,-0.005787037037037035,78,,
a_rescore_r1_answers/F3-qwen3vl4b/secondary/original/accuracy,0.5394345238095237,0.48003472222222215,0.6036727017195767,306,,
a_rescore_r1_answers/F3-qwen3vl4b/secondary/original/balanced_accuracy/recall_yes,0.723373724489796,0.5785283573656735,0.8563952877964428,,76,
a_rescore_r1_answers/F3-qwen3vl4b/secondary/original/balanced_accuracy/recall_no,0.47505580357142857,0.3804659396848218,0.5824658436549327,,230,
a_rescore_r1_answers/F3-qwen3vl4b/secondary/original/balanced_accuracy/balanced_accuracy,0.5992147640306122,0.5424027770797967,0.6562700921160265,,,
a_rescore_r1_answers/F3-qwen3vl4b/secondary/original/target_minus_reference_subject_gap,-0.07076719576719577,-0.1359147652116402,-0.008680555555555558,153,,
