contrast,endpoint,n_pairs,n_state_clusters,difference,a_only,b_only,model,stratum,status,ci_low,ci_high
D-I,stable_ever,288,32,0.1623263888888889,59,16,pooled,all,exploratory_added_20261001,0.11718749999999999,0.20399305555555552
D-I,stable_at_final,288,32,0.1440972222222222,66,29,pooled,all,exploratory_added_20261001,0.09982638888888888,0.1892361111111111
D-I,stable_ever,216,32,0.2152777777777778,59,16,pooled,achievement,exploratory_added_20261001,0.15625,0.27083333333333326
D-I,stable_at_final,216,32,0.14930555555555555,40,13,pooled,achievement,exploratory_added_20261001,0.10243055555555555,0.19618055555555552
D-I,stable_ever,96,32,0.140625,24,10,N3,all,exploratory_added_20261001,0.0703125,0.20833333333333331
D-I,stable_at_final,96,32,0.16145833333333331,26,11,N3,all,exploratory_added_20261001,0.041666666666666664,0.27604166666666663
D-I,stable_ever,72,32,0.20833333333333331,24,10,N3,achievement,exploratory_added_20261001,0.11458333333333334,0.296875
D-I,stable_at_final,72,32,0.140625,16,8,N3,achievement,exploratory_added_20261001,0.02604166666666667,0.25
D-I,stable_ever,96,32,0.13541666666666666,13,0,E3,all,exploratory_added_20261001,0.078125,0.1953125
D-I,stable_at_final,96,32,0.0859375,14,5,E3,all,exploratory_added_20261001,3.469446951953614e-18,0.17708333333333331
D-I,stable_ever,72,32,0.18229166666666666,13,0,E3,achievement,exploratory_added_20261001,0.109375,0.26041666666666663
D-I,stable_at_final,72,32,0.10416666666666666,7,0,E3,achievement,exploratory_added_20261001,0.041666666666666664,0.171875
D-I,stable_ever,96,32,0.2109375,22,6,F3,all,exploratory_added_20261001,0.10416666666666666,0.30729166666666663
D-I,stable_at_final,96,32,0.18489583333333331,26,13,F3,all,exploratory_added_20261001,0.09114583333333333,0.27604166666666663
D-I,stable_ever,72,32,0.25520833333333337,22,6,F3,achievement,exploratory_added_20261001,0.125,0.375
D-I,stable_at_final,72,32,0.203125,17,5,F3,achievement,exploratory_added_20261001,0.11458333333333334,0.29166666666666663
