lane,family,test,stratum,action_outcome_field,qa,action,n
E3-base,E3,C,achievement,stable_at_final,qa_correct,action_failure,203
E3-base,E3,C,achievement,stable_at_final,qa_correct,action_success,13
E3-base,E3,C,achievement,stable_ever,qa_correct,action_failure,195
E3-base,E3,C,achievement,stable_ever,qa_correct,action_success,21
E3-base,E3,C,maintenance,stable_at_final,qa_correct,action_failure,1
E3-base,E3,C,maintenance,stable_at_final,qa_excluded,action_failure,2
E3-base,E3,C,maintenance,stable_at_final,qa_excluded,action_success,4
E3-base,E3,C,maintenance,stable_at_final,qa_incorrect,action_failure,37
E3-base,E3,C,maintenance,stable_at_final,qa_incorrect,action_success,28
E3-base,E3,C,maintenance,stable_ever,qa_correct,action_success,1
E3-base,E3,C,maintenance,stable_ever,qa_excluded,action_success,6
E3-base,E3,C,maintenance,stable_ever,qa_incorrect,action_success,65
E3-base,E3,B,achievement,stable_at_final,qa_correct,action_failure,10
E3-base,E3,B,achievement,stable_at_final,qa_incorrect,action_failure,193
E3-base,E3,B,achievement,stable_at_final,qa_incorrect,action_success,13
E3-base,E3,B,achievement,stable_ever,qa_correct,action_failure,10
E3-base,E3,B,achievement,stable_ever,qa_incorrect,action_failure,185
E3-base,E3,B,achievement,stable_ever,qa_incorrect,action_success,21
E3-base,E3,B,maintenance,stable_at_final,qa_incorrect,action_failure,40
E3-base,E3,B,maintenance,stable_at_final,qa_incorrect,action_success,32
E3-base,E3,B,maintenance,stable_ever,qa_incorrect,action_success,72
E3-policy,E3,C,achievement,stable_at_final,qa_correct,action_failure,203
E3-policy,E3,C,achievement,stable_at_final,qa_correct,action_success,13
E3-policy,E3,C,achievement,stable_ever,qa_correct,action_failure,195
E3-policy,E3,C,achievement,stable_ever,qa_correct,action_success,21
E3-policy,E3,C,maintenance,stable_at_final,qa_correct,action_failure,1
E3-policy,E3,C,maintenance,stable_at_final,qa_excluded,action_failure,2
E3-policy,E3,C,maintenance,stable_at_final,qa_excluded,action_success,4
E3-policy,E3,C,maintenance,stable_at_final,qa_incorrect,action_failure,37
E3-policy,E3,C,maintenance,stable_at_final,qa_incorrect,action_success,28
E3-policy,E3,C,maintenance,stable_ever,qa_correct,action_success,1
E3-policy,E3,C,maintenance,stable_ever,qa_excluded,action_success,6
E3-policy,E3,C,maintenance,stable_ever,qa_incorrect,action_success,65
E3-policy,E3,B,achievement,stable_at_final,qa_correct,action_failure,10
E3-policy,E3,B,achievement,stable_at_final,qa_incorrect,action_failure,193
E3-policy,E3,B,achievement,stable_at_final,qa_incorrect,action_success,13
E3-policy,E3,B,achievement,stable_ever,qa_correct,action_failure,10
E3-policy,E3,B,achievement,stable_ever,qa_incorrect,action_failure,185
E3-policy,E3,B,achievement,stable_ever,qa_incorrect,action_success,21
E3-policy,E3,B,maintenance,stable_at_final,qa_incorrect,action_failure,40
E3-policy,E3,B,maintenance,stable_at_final,qa_incorrect,action_success,32
E3-policy,E3,B,maintenance,stable_ever,qa_incorrect,action_success,72
F3-qwen3vl4b,F3,C,achievement,stable_at_final,qa_correct,action_failure,182
F3-qwen3vl4b,F3,C,achievement,stable_at_final,qa_correct,action_success,34
F3-qwen3vl4b,F3,C,achievement,stable_ever,qa_correct,action_failure,140
F3-qwen3vl4b,F3,C,achievement,stable_ever,qa_correct,action_success,76
F3-qwen3vl4b,F3,C,maintenance,stable_at_final,qa_excluded,action_failure,5
F3-qwen3vl4b,F3,C,maintenance,stable_at_final,qa_excluded,action_success,1
F3-qwen3vl4b,F3,C,maintenance,stable_at_final,qa_incorrect,action_failure,32
F3-qwen3vl4b,F3,C,maintenance,stable_at_final,qa_incorrect,action_success,34
F3-qwen3vl4b,F3,C,maintenance,stable_ever,qa_excluded,action_success,6
F3-qwen3vl4b,F3,C,maintenance,stable_ever,qa_incorrect,action_success,66
F3-qwen3vl4b,F3,B,achievement,stable_at_final,qa_correct,action_failure,121
F3-qwen3vl4b,F3,B,achievement,stable_at_final,qa_correct,action_success,27
F3-qwen3vl4b,F3,B,achievement,stable_at_final,qa_incorrect,action_failure,61
F3-qwen3vl4b,F3,B,achievement,stable_at_final,qa_incorrect,action_success,7
F3-qwen3vl4b,F3,B,achievement,stable_ever,qa_correct,action_failure,91
F3-qwen3vl4b,F3,B,achievement,stable_ever,qa_correct,action_success,57
F3-qwen3vl4b,F3,B,achievement,stable_ever,qa_incorrect,action_failure,49
F3-qwen3vl4b,F3,B,achievement,stable_ever,qa_incorrect,action_success,19
F3-qwen3vl4b,F3,B,maintenance,stable_at_final,qa_correct,action_failure,32
F3-qwen3vl4b,F3,B,maintenance,stable_at_final,qa_correct,action_success,24
F3-qwen3vl4b,F3,B,maintenance,stable_at_final,qa_incorrect,action_failure,5
F3-qwen3vl4b,F3,B,maintenance,stable_at_final,qa_incorrect,action_success,11
F3-qwen3vl4b,F3,B,maintenance,stable_ever,qa_correct,action_success,56
F3-qwen3vl4b,F3,B,maintenance,stable_ever,qa_incorrect,action_success,16
N3-base,N3,C,achievement,stable_at_final,qa_correct,action_failure,147
N3-base,N3,C,achievement,stable_at_final,qa_correct,action_success,41
N3-base,N3,C,achievement,stable_at_final,qa_incorrect,action_failure,22
N3-base,N3,C,achievement,stable_at_final,qa_incorrect,action_success,6
N3-base,N3,C,achievement,stable_ever,qa_correct,action_failure,129
N3-base,N3,C,achievement,stable_ever,qa_correct,action_success,59
N3-base,N3,C,achievement,stable_ever,qa_incorrect,action_failure,17
N3-base,N3,C,achievement,stable_ever,qa_incorrect,action_success,11
N3-base,N3,C,maintenance,stable_at_final,qa_correct,action_failure,9
N3-base,N3,C,maintenance,stable_at_final,qa_correct,action_success,8
N3-base,N3,C,maintenance,stable_at_final,qa_excluded,action_failure,2
N3-base,N3,C,maintenance,stable_at_final,qa_excluded,action_success,2
N3-base,N3,C,maintenance,stable_at_final,qa_incorrect,action_failure,31
N3-base,N3,C,maintenance,stable_at_final,qa_incorrect,action_success,20
N3-base,N3,C,maintenance,stable_ever,qa_correct,action_success,17
N3-base,N3,C,maintenance,stable_ever,qa_excluded,action_success,4
N3-base,N3,C,maintenance,stable_ever,qa_incorrect,action_success,51
N3-base,N3,B,achievement,stable_at_final,qa_correct,action_failure,132
N3-base,N3,B,achievement,stable_at_final,qa_correct,action_success,44
N3-base,N3,B,achievement,stable_at_final,qa_incorrect,action_failure,37
N3-base,N3,B,achievement,stable_at_final,qa_incorrect,action_success,3
N3-base,N3,B,achievement,stable_ever,qa_correct,action_failure,113
N3-base,N3,B,achievement,stable_ever,qa_correct,action_success,63
N3-base,N3,B,achievement,stable_ever,qa_incorrect,action_failure,33
N3-base,N3,B,achievement,stable_ever,qa_incorrect,action_success,7
N3-base,N3,B,maintenance,stable_at_final,qa_correct,action_failure,38
N3-base,N3,B,maintenance,stable_at_final,qa_correct,action_success,24
N3-base,N3,B,maintenance,stable_at_final,qa_incorrect,action_failure,4
N3-base,N3,B,maintenance,stable_at_final,qa_incorrect,action_success,6
N3-base,N3,B,maintenance,stable_ever,qa_correct,action_success,62
N3-base,N3,B,maintenance,stable_ever,qa_incorrect,action_success,10
N3-policy,N3,C,achievement,stable_at_final,qa_correct,action_failure,169
N3-policy,N3,C,achievement,stable_at_final,qa_correct,action_success,47
N3-policy,N3,C,achievement,stable_ever,qa_correct,action_failure,146
N3-policy,N3,C,achievement,stable_ever,qa_correct,action_success,70
N3-policy,N3,C,maintenance,stable_at_final,qa_excluded,action_failure,3
N3-policy,N3,C,maintenance,stable_at_final,qa_excluded,action_success,3
N3-policy,N3,C,maintenance,stable_at_final,qa_incorrect,action_failure,39
N3-policy,N3,C,maintenance,stable_at_final,qa_incorrect,action_success,27
N3-policy,N3,C,maintenance,stable_ever,qa_excluded,action_success,6
N3-policy,N3,C,maintenance,stable_ever,qa_incorrect,action_success,66
N3-policy,N3,B,achievement,stable_at_final,qa_correct,action_failure,144
N3-policy,N3,B,achievement,stable_at_final,qa_correct,action_success,40
N3-policy,N3,B,achievement,stable_at_final,qa_incorrect,action_failure,25
N3-policy,N3,B,achievement,stable_at_final,qa_incorrect,action_success,7
N3-policy,N3,B,achievement,stable_ever,qa_correct,action_failure,122
N3-policy,N3,B,achievement,stable_ever,qa_correct,action_success,62
N3-policy,N3,B,achievement,stable_ever,qa_incorrect,action_failure,24
N3-policy,N3,B,achievement,stable_ever,qa_incorrect,action_success,8
N3-policy,N3,B,maintenance,stable_at_final,qa_correct,action_failure,32
N3-policy,N3,B,maintenance,stable_at_final,qa_correct,action_success,24
N3-policy,N3,B,maintenance,stable_at_final,qa_incorrect,action_failure,10
N3-policy,N3,B,maintenance,stable_at_final,qa_incorrect,action_success,6
N3-policy,N3,B,maintenance,stable_ever,qa_correct,action_success,56
N3-policy,N3,B,maintenance,stable_ever,qa_incorrect,action_success,16
N3-upstream-qwen3vl8b,N3,C,achievement,stable_at_final,qa_correct,action_failure,169
N3-upstream-qwen3vl8b,N3,C,achievement,stable_at_final,qa_correct,action_success,47
N3-upstream-qwen3vl8b,N3,C,achievement,stable_ever,qa_correct,action_failure,146
N3-upstream-qwen3vl8b,N3,C,achievement,stable_ever,qa_correct,action_success,70
N3-upstream-qwen3vl8b,N3,C,maintenance,stable_at_final,qa_excluded,action_failure,3
N3-upstream-qwen3vl8b,N3,C,maintenance,stable_at_final,qa_excluded,action_success,3
N3-upstream-qwen3vl8b,N3,C,maintenance,stable_at_final,qa_incorrect,action_failure,39
N3-upstream-qwen3vl8b,N3,C,maintenance,stable_at_final,qa_incorrect,action_success,27
N3-upstream-qwen3vl8b,N3,C,maintenance,stable_ever,qa_excluded,action_success,6
N3-upstream-qwen3vl8b,N3,C,maintenance,stable_ever,qa_incorrect,action_success,66
N3-upstream-qwen3vl8b,N3,B,achievement,stable_at_final,qa_correct,action_failure,144
N3-upstream-qwen3vl8b,N3,B,achievement,stable_at_final,qa_correct,action_success,40
N3-upstream-qwen3vl8b,N3,B,achievement,stable_at_final,qa_incorrect,action_failure,25
N3-upstream-qwen3vl8b,N3,B,achievement,stable_at_final,qa_incorrect,action_success,7
N3-upstream-qwen3vl8b,N3,B,achievement,stable_ever,qa_correct,action_failure,122
N3-upstream-qwen3vl8b,N3,B,achievement,stable_ever,qa_correct,action_success,62
N3-upstream-qwen3vl8b,N3,B,achievement,stable_ever,qa_incorrect,action_failure,24
N3-upstream-qwen3vl8b,N3,B,achievement,stable_ever,qa_incorrect,action_success,8
N3-upstream-qwen3vl8b,N3,B,maintenance,stable_at_final,qa_correct,action_failure,32
N3-upstream-qwen3vl8b,N3,B,maintenance,stable_at_final,qa_correct,action_success,24
N3-upstream-qwen3vl8b,N3,B,maintenance,stable_at_final,qa_incorrect,action_failure,10
N3-upstream-qwen3vl8b,N3,B,maintenance,stable_at_final,qa_incorrect,action_success,6
N3-upstream-qwen3vl8b,N3,B,maintenance,stable_ever,qa_correct,action_success,56
N3-upstream-qwen3vl8b,N3,B,maintenance,stable_ever,qa_incorrect,action_success,16
