lane,bank,form,pool,n,correct_tuple,invalid_format,relation_converse_of_gold,on_top_vs_stacked_swap,other_relation_error,object_error
E3-base,initial,DIR,S5,16,0,16,0,0,0,0
E3-base,initial,DIR,S1/S3/S4,80,1,72,0,0,7,0
E3-base,initial,RF,S5,16,0,13,0,0,3,1
E3-base,initial,RF,S1/S3/S4,80,0,78,1,0,1,1
E3-base,initial,TF,S5,16,3,11,0,0,2,0
E3-base,initial,TF,S1/S3/S4,80,6,74,0,0,0,0
E3-base,no_image,DIR,S5,2,2,0,0,0,0,0
E3-base,no_image,DIR,S1/S3/S4,10,4,4,0,0,2,0
E3-base,no_image,RF,S5,2,0,0,0,0,2,0
E3-base,no_image,RF,S1/S3/S4,10,0,8,2,0,0,0
E3-base,no_image,TF,S5,2,2,0,0,0,0,0
E3-base,no_image,TF,S1/S3/S4,10,6,4,0,0,0,0
E3-policy,initial,DIR,S5,16,0,16,0,0,0,0
E3-policy,initial,DIR,S1/S3/S4,80,1,72,0,0,7,0
E3-policy,initial,RF,S5,16,0,13,0,0,3,1
E3-policy,initial,RF,S1/S3/S4,80,0,78,1,0,1,1
E3-policy,initial,TF,S5,16,3,11,0,0,2,0
E3-policy,initial,TF,S1/S3/S4,80,6,74,0,0,0,0
E3-policy,no_image,DIR,S5,2,2,0,0,0,0,0
E3-policy,no_image,DIR,S1/S3/S4,10,4,4,0,0,2,0
E3-policy,no_image,RF,S5,2,0,0,0,0,2,0
E3-policy,no_image,RF,S1/S3/S4,10,0,8,2,0,0,0
E3-policy,no_image,TF,S5,2,2,0,0,0,0,0
E3-policy,no_image,TF,S1/S3/S4,10,6,4,0,0,0,0
F3-qwen3vl4b,initial,DIR,S5,16,16,0,0,0,0,0
F3-qwen3vl4b,initial,DIR,S1/S3/S4,80,64,16,0,0,0,0
F3-qwen3vl4b,initial,RF,S5,16,0,0,0,16,0,0
F3-qwen3vl4b,initial,RF,S1/S3/S4,80,28,4,40,8,0,0
F3-qwen3vl4b,initial,TF,S5,16,16,0,0,0,0,0
F3-qwen3vl4b,initial,TF,S1/S3/S4,80,80,0,0,0,0,0
F3-qwen3vl4b,no_image,DIR,S5,2,2,0,0,0,0,0
F3-qwen3vl4b,no_image,DIR,S1/S3/S4,10,10,0,0,0,0,0
F3-qwen3vl4b,no_image,RF,S5,2,0,0,0,2,0,0
F3-qwen3vl4b,no_image,RF,S1/S3/S4,10,3,0,7,0,0,0
F3-qwen3vl4b,no_image,TF,S5,2,2,0,0,0,0,0
F3-qwen3vl4b,no_image,TF,S1/S3/S4,10,10,0,0,0,0,0
N3-base,initial,DIR,S5,16,16,0,0,0,0,0
N3-base,initial,DIR,S1/S3/S4,80,80,0,0,0,0,0
N3-base,initial,RF,S5,16,0,0,0,16,0,0
N3-base,initial,RF,S1/S3/S4,80,46,0,18,16,0,0
N3-base,initial,TF,S5,16,16,0,0,0,0,0
N3-base,initial,TF,S1/S3/S4,80,80,0,0,0,0,0
N3-base,no_image,DIR,S5,2,2,0,0,0,0,0
N3-base,no_image,DIR,S1/S3/S4,10,10,0,0,0,0,0
N3-base,no_image,RF,S5,2,0,0,0,2,0,0
N3-base,no_image,RF,S1/S3/S4,10,8,0,1,1,0,0
N3-base,no_image,TF,S5,2,2,0,0,0,0,0
N3-base,no_image,TF,S1/S3/S4,10,10,0,0,0,0,0
N3-policy,initial,DIR,S5,16,0,0,0,16,0,0
N3-policy,initial,DIR,S1/S3/S4,80,80,0,0,0,0,0
N3-policy,initial,RF,S5,16,16,0,0,0,0,0
N3-policy,initial,RF,S1/S3/S4,80,48,0,32,0,0,0
N3-policy,initial,TF,S5,16,16,0,0,0,0,0
N3-policy,initial,TF,S1/S3/S4,80,80,0,0,0,0,0
N3-policy,no_image,DIR,S5,2,0,0,0,2,0,0
N3-policy,no_image,DIR,S1/S3/S4,10,10,0,0,0,0,0
N3-policy,no_image,RF,S5,2,2,0,0,0,0,0
N3-policy,no_image,RF,S1/S3/S4,10,10,0,0,0,0,0
N3-policy,no_image,TF,S5,2,2,0,0,0,0,0
N3-policy,no_image,TF,S1/S3/S4,10,10,0,0,0,0,0
N3-upstream-qwen3vl8b,initial,DIR,S5,16,0,0,0,16,0,0
N3-upstream-qwen3vl8b,initial,DIR,S1/S3/S4,80,80,0,0,0,0,0
N3-upstream-qwen3vl8b,initial,RF,S5,16,16,0,0,0,0,0
N3-upstream-qwen3vl8b,initial,RF,S1/S3/S4,80,48,0,32,0,0,0
N3-upstream-qwen3vl8b,initial,TF,S5,16,16,0,0,0,0,0
N3-upstream-qwen3vl8b,initial,TF,S1/S3/S4,80,80,0,0,0,0,0
N3-upstream-qwen3vl8b,no_image,DIR,S5,2,0,0,0,2,0,0
N3-upstream-qwen3vl8b,no_image,DIR,S1/S3/S4,10,10,0,0,0,0,0
N3-upstream-qwen3vl8b,no_image,RF,S5,2,2,0,0,0,0,0
N3-upstream-qwen3vl8b,no_image,RF,S1/S3/S4,10,10,0,0,0,0,0
N3-upstream-qwen3vl8b,no_image,TF,S5,2,2,0,0,0,0,0
N3-upstream-qwen3vl8b,no_image,TF,S1/S3/S4,10,10,0,0,0,0,0
