lane,bank,test,scene,goal,form,proposed,scored,correct,accuracy,gold_yes,gold_no,answered_yes,answered_no,answered_unknown,invalid
E3-base,initial,A,S1,L,reference_subject,8,8,7,0.875,0,8,1,7,0,0
E3-base,initial,A,S1,L,target_subject,8,8,7,0.875,0,8,1,7,0,0
E3-base,initial,A,S1,R,reference_subject,8,8,7,0.875,8,0,7,1,0,0
E3-base,initial,A,S1,R,target_subject,8,8,6,0.75,8,0,6,2,0,0
E3-base,initial,A,S1,F,reference_subject,8,8,7,0.875,0,8,1,7,0,0
E3-base,initial,A,S1,F,target_subject,8,8,8,1.0,0,8,0,8,0,0
E3-base,initial,A,S1,B,reference_subject,8,8,7,0.875,0,8,1,7,0,0
E3-base,initial,A,S1,B,target_subject,8,8,8,1.0,0,8,0,8,0,0
E3-base,initial,A,S3,TOP,reference_subject,8,8,8,1.0,0,8,0,8,0,0
E3-base,initial,A,S3,TOP,target_subject,8,8,7,0.875,0,8,1,7,0,0
E3-base,initial,A,S3,L,reference_subject,8,8,0,0.0,0,8,8,0,0,0
E3-base,initial,A,S3,L,target_subject,8,8,0,0.0,0,8,8,0,0,0
E3-base,initial,A,S3,R,reference_subject,8,7,0,0.0,7,0,0,8,0,0
E3-base,initial,A,S3,R,target_subject,8,7,0,0.0,7,0,1,7,0,0
E3-base,initial,A,S4,TOP,reference_subject,8,8,8,1.0,0,8,0,8,0,0
E3-base,initial,A,S4,TOP,target_subject,8,8,5,0.625,0,8,3,5,0,0
E3-base,initial,A,S4,L,reference_subject,8,7,7,1.0,7,0,7,1,0,0
E3-base,initial,A,S4,L,target_subject,8,7,7,1.0,7,0,8,0,0,0
E3-base,initial,A,S4,R,reference_subject,8,8,8,1.0,0,8,0,8,0,0
E3-base,initial,A,S4,R,target_subject,8,8,8,1.0,0,8,0,8,0,0
E3-base,initial,A,S5,LR,reference_subject,8,8,8,1.0,0,8,0,8,0,0
E3-base,initial,A,S5,LR,target_subject,8,8,8,1.0,0,8,0,8,0,0
E3-base,initial,A,S5,RL,reference_subject,8,8,8,1.0,0,8,0,8,0,0
E3-base,initial,A,S5,RL,target_subject,8,8,3,0.375,0,8,0,3,0,5
E3-base,initial,C,S1,L,DIR,8,8,8,1.0,0,8,0,8,0,0
E3-base,initial,C,S1,L,RF,8,8,8,1.0,0,8,0,8,0,0
E3-base,initial,C,S1,L,TF,8,8,8,1.0,0,8,0,8,0,0
E3-base,initial,C,S1,L,reference_early,0,0,0,,0,0,0,0,0,0
E3-base,initial,C,S1,L,reference_late,0,0,0,,0,0,0,0,0,0
E3-base,initial,C,S1,R,DIR,8,8,0,0.0,8,0,0,8,0,0
E3-base,initial,C,S1,R,RF,8,8,0,0.0,8,0,0,8,0,0
E3-base,initial,C,S1,R,TF,8,8,1,0.125,8,0,1,7,0,0
E3-base,initial,C,S1,R,reference_early,0,0,0,,0,0,0,0,0,0
E3-base,initial,C,S1,R,reference_late,0,0,0,,0,0,0,0,0,0
E3-base,initial,C,S1,F,DIR,8,8,8,1.0,0,8,0,8,0,0
E3-base,initial,C,S1,F,RF,8,8,8,1.0,0,8,0,8,0,0
E3-base,initial,C,S1,F,TF,8,8,8,1.0,0,8,0,8,0,0
E3-base,initial,C,S1,F,reference_early,0,0,0,,0,0,0,0,0,0
E3-base,initial,C,S1,F,reference_late,0,0,0,,0,0,0,0,0,0
E3-base,initial,C,S1,B,DIR,8,8,8,1.0,0,8,0,8,0,0
E3-base,initial,C,S1,B,RF,8,8,8,1.0,0,8,0,8,0,0
E3-base,initial,C,S1,B,TF,8,8,8,1.0,0,8,0,8,0,0
E3-base,initial,C,S1,B,reference_early,0,0,0,,0,0,0,0,0,0
E3-base,initial,C,S1,B,reference_late,0,0,0,,0,0,0,0,0,0
E3-base,initial,C,S3,TOP,DIR,8,8,8,1.0,0,8,0,8,0,0
E3-base,initial,C,S3,TOP,RF,8,8,8,1.0,0,8,0,8,0,0
E3-base,initial,C,S3,TOP,TF,8,8,8,1.0,0,8,0,8,0,0
E3-base,initial,C,S3,TOP,reference_early,0,0,0,,0,0,0,0,0,0
E3-base,initial,C,S3,TOP,reference_late,0,0,0,,0,0,0,0,0,0
E3-base,initial,C,S3,L,DIR,8,8,8,1.0,0,8,0,8,0,0
E3-base,initial,C,S3,L,RF,8,8,8,1.0,0,8,0,8,0,0
E3-base,initial,C,S3,L,TF,8,8,8,1.0,0,8,0,8,0,0
E3-base,initial,C,S3,L,reference_early,0,0,0,,0,0,0,0,0,0
E3-base,initial,C,S3,L,reference_late,0,0,0,,0,0,0,0,0,0
E3-base,initial,C,S3,R,DIR,8,7,0,0.0,7,0,0,8,0,0
E3-base,initial,C,S3,R,RF,8,7,0,0.0,7,0,0,8,0,0
E3-base,initial,C,S3,R,TF,8,7,0,0.0,7,0,0,8,0,0
E3-base,initial,C,S3,R,reference_early,0,0,0,,0,0,0,0,0,0
E3-base,initial,C,S3,R,reference_late,0,0,0,,0,0,0,0,0,0
E3-base,initial,C,S4,TOP,DIR,8,8,8,1.0,0,8,0,8,0,0
E3-base,initial,C,S4,TOP,RF,8,8,8,1.0,0,8,0,8,0,0
E3-base,initial,C,S4,TOP,TF,8,8,8,1.0,0,8,0,8,0,0
E3-base,initial,C,S4,TOP,reference_early,0,0,0,,0,0,0,0,0,0
E3-base,initial,C,S4,TOP,reference_late,0,0,0,,0,0,0,0,0,0
E3-base,initial,C,S4,L,DIR,8,7,0,0.0,7,0,0,8,0,0
E3-base,initial,C,S4,L,RF,8,7,0,0.0,7,0,0,8,0,0
E3-base,initial,C,S4,L,TF,8,7,0,0.0,7,0,0,8,0,0
E3-base,initial,C,S4,L,reference_early,0,0,0,,0,0,0,0,0,0
E3-base,initial,C,S4,L,reference_late,0,0,0,,0,0,0,0,0,0
E3-base,initial,C,S4,R,DIR,8,8,8,1.0,0,8,0,8,0,0
E3-base,initial,C,S4,R,RF,8,8,8,1.0,0,8,0,8,0,0
E3-base,initial,C,S4,R,TF,8,8,8,1.0,0,8,0,8,0,0
E3-base,initial,C,S4,R,reference_early,0,0,0,,0,0,0,0,0,0
E3-base,initial,C,S4,R,reference_late,0,0,0,,0,0,0,0,0,0
E3-base,initial,C,S5,LR,DIR,8,8,8,1.0,0,8,0,8,0,0
E3-base,initial,C,S5,LR,RF,8,8,8,1.0,0,8,0,8,0,0
E3-base,initial,C,S5,LR,TF,8,8,8,1.0,0,8,0,8,0,0
E3-base,initial,C,S5,RL,DIR,8,8,8,1.0,0,8,0,8,0,0
E3-base,initial,C,S5,RL,RF,8,8,8,1.0,0,8,0,8,0,0
E3-base,initial,C,S5,RL,TF,8,8,8,1.0,0,8,0,8,0,0
E3-base,secondary,A,S1,L,reference_subject,16,16,10,0.625,2,14,4,12,0,0
E3-base,secondary,A,S1,L,target_subject,16,16,9,0.5625,2,14,5,11,0,0
E3-base,secondary,A,S1,R,reference_subject,16,16,10,0.625,12,4,12,4,0,0
E3-base,secondary,A,S1,R,target_subject,16,16,11,0.6875,12,4,11,5,0,0
E3-base,secondary,A,S1,F,reference_subject,16,16,5,0.3125,0,16,11,5,0,0
E3-base,secondary,A,S1,F,target_subject,16,16,4,0.25,0,16,12,4,0,0
E3-base,secondary,A,S1,B,reference_subject,16,16,12,0.75,2,14,6,10,0,0
E3-base,secondary,A,S1,B,target_subject,16,16,10,0.625,2,14,4,12,0,0
E3-base,secondary,A,S3,TOP,reference_subject,16,16,15,0.9375,2,14,3,13,0,0
E3-base,secondary,A,S3,TOP,target_subject,16,16,4,0.25,2,14,14,2,0,0
E3-base,secondary,A,S3,L,reference_subject,16,16,8,0.5,0,16,8,8,0,0
E3-base,secondary,A,S3,L,target_subject,16,16,4,0.25,0,16,12,4,0,0
E3-base,secondary,A,S3,R,reference_subject,16,11,5,0.45454545454545453,7,4,8,8,0,0
E3-base,secondary,A,S3,R,target_subject,16,11,4,0.36363636363636365,7,4,11,5,0,0
E3-base,secondary,A,S4,TOP,reference_subject,16,16,13,0.8125,1,15,4,12,0,0
E3-base,secondary,A,S4,TOP,target_subject,16,16,10,0.625,1,15,7,9,0,0
E3-base,secondary,A,S4,L,reference_subject,16,14,7,0.5,7,7,8,8,0,0
E3-base,secondary,A,S4,L,target_subject,16,14,7,0.5,7,7,8,8,0,0
E3-base,secondary,A,S4,R,reference_subject,16,16,9,0.5625,5,11,10,6,0,0
E3-base,secondary,A,S4,R,target_subject,16,16,8,0.5,5,11,9,7,0,0
E3-base,secondary,A,S5,LR,reference_subject,16,13,10,0.7692307692307693,3,10,0,16,0,0
E3-base,secondary,A,S5,LR,target_subject,16,13,10,0.7692307692307693,3,10,0,16,0,0
E3-base,secondary,A,S5,RL,reference_subject,16,13,10,0.7692307692307693,3,10,0,16,0,0
E3-base,secondary,A,S5,RL,target_subject,16,13,10,0.7692307692307693,3,10,1,13,0,2
E3-base,secondary,C,S1,L,DIR,16,14,12,0.8571428571428571,1,13,1,14,1,0
E3-base,secondary,C,S1,L,RF,16,14,13,0.9285714285714286,1,13,0,16,0,0
E3-base,secondary,C,S1,L,TF,16,14,12,0.8571428571428571,1,13,1,15,0,0
E3-base,secondary,C,S1,R,DIR,16,14,5,0.35714285714285715,11,3,2,14,0,0
E3-base,secondary,C,S1,R,RF,16,14,3,0.21428571428571427,11,3,0,16,0,0
E3-base,secondary,C,S1,R,TF,16,14,5,0.35714285714285715,11,3,2,14,0,0
E3-base,secondary,C,S1,F,DIR,16,14,14,1.0,0,14,0,16,0,0
E3-base,secondary,C,S1,F,RF,16,14,14,1.0,0,14,0,16,0,0
E3-base,secondary,C,S1,F,TF,16,14,14,1.0,0,14,0,16,0,0
E3-base,secondary,C,S1,B,DIR,16,14,12,0.8571428571428571,2,12,0,16,0,0
E3-base,secondary,C,S1,B,RF,16,14,12,0.8571428571428571,2,12,0,16,0,0
E3-base,secondary,C,S1,B,TF,16,14,12,0.8571428571428571,2,12,0,16,0,0
E3-base,secondary,C,S3,TOP,DIR,16,13,11,0.8461538461538461,2,11,0,16,0,0
E3-base,secondary,C,S3,TOP,RF,16,13,11,0.8461538461538461,2,11,0,16,0,0
E3-base,secondary,C,S3,TOP,TF,16,13,11,0.8461538461538461,2,11,0,16,0,0
E3-base,secondary,C,S3,L,DIR,16,13,13,1.0,0,13,0,16,0,0
E3-base,secondary,C,S3,L,RF,16,13,13,1.0,0,13,0,16,0,0
E3-base,secondary,C,S3,L,TF,16,13,13,1.0,0,13,0,16,0,0
E3-base,secondary,C,S3,R,DIR,16,10,4,0.4,6,4,0,16,0,0
E3-base,secondary,C,S3,R,RF,16,10,4,0.4,6,4,0,16,0,0
E3-base,secondary,C,S3,R,TF,16,10,4,0.4,6,4,1,15,0,0
E3-base,secondary,C,S4,TOP,DIR,16,10,9,0.9,0,10,4,12,0,0
E3-base,secondary,C,S4,TOP,RF,16,10,10,1.0,0,10,0,16,0,0
E3-base,secondary,C,S4,TOP,TF,16,10,10,1.0,0,10,0,16,0,0
E3-base,secondary,C,S4,L,DIR,16,8,2,0.25,6,2,0,16,0,0
E3-base,secondary,C,S4,L,RF,16,8,2,0.25,6,2,0,16,0,0
E3-base,secondary,C,S4,L,TF,16,8,2,0.25,6,2,0,16,0,0
E3-base,secondary,C,S4,R,DIR,16,10,8,0.8,2,8,0,16,0,0
E3-base,secondary,C,S4,R,RF,16,10,8,0.8,2,8,0,16,0,0
E3-base,secondary,C,S4,R,TF,16,10,9,0.9,2,8,2,14,0,0
E3-base,secondary,C,S5,LR,DIR,16,9,7,0.7777777777777778,2,7,0,16,0,0
E3-base,secondary,C,S5,LR,RF,16,9,7,0.7777777777777778,2,7,0,16,0,0
E3-base,secondary,C,S5,LR,TF,16,9,7,0.7777777777777778,2,7,1,15,0,0
E3-base,secondary,C,S5,RL,DIR,16,9,7,0.7777777777777778,2,7,2,14,0,0
E3-base,secondary,C,S5,RL,RF,16,9,9,1.0,0,9,0,16,0,0
E3-base,secondary,C,S5,RL,TF,16,9,7,0.7777777777777778,2,7,2,14,0,0
E3-policy,initial,A,S1,L,reference_subject,8,8,7,0.875,0,8,1,7,0,0
E3-policy,initial,A,S1,L,target_subject,8,8,7,0.875,0,8,1,7,0,0
E3-policy,initial,A,S1,R,reference_subject,8,8,7,0.875,8,0,7,1,0,0
E3-policy,initial,A,S1,R,target_subject,8,8,6,0.75,8,0,6,2,0,0
E3-policy,initial,A,S1,F,reference_subject,8,8,7,0.875,0,8,1,7,0,0
E3-policy,initial,A,S1,F,target_subject,8,8,8,1.0,0,8,0,8,0,0
E3-policy,initial,A,S1,B,reference_subject,8,8,7,0.875,0,8,1,7,0,0
E3-policy,initial,A,S1,B,target_subject,8,8,8,1.0,0,8,0,8,0,0
E3-policy,initial,A,S3,TOP,reference_subject,8,8,8,1.0,0,8,0,8,0,0
E3-policy,initial,A,S3,TOP,target_subject,8,8,7,0.875,0,8,1,7,0,0
E3-policy,initial,A,S3,L,reference_subject,8,8,0,0.0,0,8,8,0,0,0
E3-policy,initial,A,S3,L,target_subject,8,8,0,0.0,0,8,8,0,0,0
E3-policy,initial,A,S3,R,reference_subject,8,7,0,0.0,7,0,0,8,0,0
E3-policy,initial,A,S3,R,target_subject,8,7,0,0.0,7,0,1,7,0,0
E3-policy,initial,A,S4,TOP,reference_subject,8,8,8,1.0,0,8,0,8,0,0
E3-policy,initial,A,S4,TOP,target_subject,8,8,5,0.625,0,8,3,5,0,0
E3-policy,initial,A,S4,L,reference_subject,8,7,7,1.0,7,0,7,1,0,0
E3-policy,initial,A,S4,L,target_subject,8,7,7,1.0,7,0,8,0,0,0
E3-policy,initial,A,S4,R,reference_subject,8,8,8,1.0,0,8,0,8,0,0
E3-policy,initial,A,S4,R,target_subject,8,8,8,1.0,0,8,0,8,0,0
E3-policy,initial,A,S5,LR,reference_subject,8,8,8,1.0,0,8,0,8,0,0
E3-policy,initial,A,S5,LR,target_subject,8,8,8,1.0,0,8,0,8,0,0
E3-policy,initial,A,S5,RL,reference_subject,8,8,8,1.0,0,8,0,8,0,0
E3-policy,initial,A,S5,RL,target_subject,8,8,3,0.375,0,8,0,3,0,5
E3-policy,initial,C,S1,L,DIR,8,8,8,1.0,0,8,0,8,0,0
E3-policy,initial,C,S1,L,RF,8,8,8,1.0,0,8,0,8,0,0
E3-policy,initial,C,S1,L,TF,8,8,8,1.0,0,8,0,8,0,0
E3-policy,initial,C,S1,L,reference_early,0,0,0,,0,0,0,0,0,0
E3-policy,initial,C,S1,L,reference_late,0,0,0,,0,0,0,0,0,0
E3-policy,initial,C,S1,R,DIR,8,8,0,0.0,8,0,0,8,0,0
E3-policy,initial,C,S1,R,RF,8,8,0,0.0,8,0,0,8,0,0
E3-policy,initial,C,S1,R,TF,8,8,1,0.125,8,0,1,7,0,0
E3-policy,initial,C,S1,R,reference_early,0,0,0,,0,0,0,0,0,0
E3-policy,initial,C,S1,R,reference_late,0,0,0,,0,0,0,0,0,0
E3-policy,initial,C,S1,F,DIR,8,8,8,1.0,0,8,0,8,0,0
E3-policy,initial,C,S1,F,RF,8,8,8,1.0,0,8,0,8,0,0
E3-policy,initial,C,S1,F,TF,8,8,8,1.0,0,8,0,8,0,0
E3-policy,initial,C,S1,F,reference_early,0,0,0,,0,0,0,0,0,0
E3-policy,initial,C,S1,F,reference_late,0,0,0,,0,0,0,0,0,0
E3-policy,initial,C,S1,B,DIR,8,8,8,1.0,0,8,0,8,0,0
E3-policy,initial,C,S1,B,RF,8,8,8,1.0,0,8,0,8,0,0
E3-policy,initial,C,S1,B,TF,8,8,8,1.0,0,8,0,8,0,0
E3-policy,initial,C,S1,B,reference_early,0,0,0,,0,0,0,0,0,0
E3-policy,initial,C,S1,B,reference_late,0,0,0,,0,0,0,0,0,0
E3-policy,initial,C,S3,TOP,DIR,8,8,8,1.0,0,8,0,8,0,0
E3-policy,initial,C,S3,TOP,RF,8,8,8,1.0,0,8,0,8,0,0
E3-policy,initial,C,S3,TOP,TF,8,8,8,1.0,0,8,0,8,0,0
E3-policy,initial,C,S3,TOP,reference_early,0,0,0,,0,0,0,0,0,0
E3-policy,initial,C,S3,TOP,reference_late,0,0,0,,0,0,0,0,0,0
E3-policy,initial,C,S3,L,DIR,8,8,8,1.0,0,8,0,8,0,0
E3-policy,initial,C,S3,L,RF,8,8,8,1.0,0,8,0,8,0,0
E3-policy,initial,C,S3,L,TF,8,8,8,1.0,0,8,0,8,0,0
E3-policy,initial,C,S3,L,reference_early,0,0,0,,0,0,0,0,0,0
E3-policy,initial,C,S3,L,reference_late,0,0,0,,0,0,0,0,0,0
E3-policy,initial,C,S3,R,DIR,8,7,0,0.0,7,0,0,8,0,0
E3-policy,initial,C,S3,R,RF,8,7,0,0.0,7,0,0,8,0,0
E3-policy,initial,C,S3,R,TF,8,7,0,0.0,7,0,0,8,0,0
E3-policy,initial,C,S3,R,reference_early,0,0,0,,0,0,0,0,0,0
E3-policy,initial,C,S3,R,reference_late,0,0,0,,0,0,0,0,0,0
E3-policy,initial,C,S4,TOP,DIR,8,8,8,1.0,0,8,0,8,0,0
E3-policy,initial,C,S4,TOP,RF,8,8,8,1.0,0,8,0,8,0,0
E3-policy,initial,C,S4,TOP,TF,8,8,8,1.0,0,8,0,8,0,0
E3-policy,initial,C,S4,TOP,reference_early,0,0,0,,0,0,0,0,0,0
E3-policy,initial,C,S4,TOP,reference_late,0,0,0,,0,0,0,0,0,0
E3-policy,initial,C,S4,L,DIR,8,7,0,0.0,7,0,0,8,0,0
E3-policy,initial,C,S4,L,RF,8,7,0,0.0,7,0,0,8,0,0
E3-policy,initial,C,S4,L,TF,8,7,0,0.0,7,0,0,8,0,0
E3-policy,initial,C,S4,L,reference_early,0,0,0,,0,0,0,0,0,0
E3-policy,initial,C,S4,L,reference_late,0,0,0,,0,0,0,0,0,0
E3-policy,initial,C,S4,R,DIR,8,8,8,1.0,0,8,0,8,0,0
E3-policy,initial,C,S4,R,RF,8,8,8,1.0,0,8,0,8,0,0
E3-policy,initial,C,S4,R,TF,8,8,8,1.0,0,8,0,8,0,0
E3-policy,initial,C,S4,R,reference_early,0,0,0,,0,0,0,0,0,0
E3-policy,initial,C,S4,R,reference_late,0,0,0,,0,0,0,0,0,0
E3-policy,initial,C,S5,LR,DIR,8,8,8,1.0,0,8,0,8,0,0
E3-policy,initial,C,S5,LR,RF,8,8,8,1.0,0,8,0,8,0,0
E3-policy,initial,C,S5,LR,TF,8,8,8,1.0,0,8,0,8,0,0
E3-policy,initial,C,S5,RL,DIR,8,8,8,1.0,0,8,0,8,0,0
E3-policy,initial,C,S5,RL,RF,8,8,8,1.0,0,8,0,8,0,0
E3-policy,initial,C,S5,RL,TF,8,8,8,1.0,0,8,0,8,0,0
E3-policy,secondary,A,S1,L,reference_subject,16,16,10,0.625,2,14,4,12,0,0
E3-policy,secondary,A,S1,L,target_subject,16,16,9,0.5625,2,14,5,11,0,0
E3-policy,secondary,A,S1,R,reference_subject,16,16,10,0.625,12,4,12,4,0,0
E3-policy,secondary,A,S1,R,target_subject,16,16,11,0.6875,12,4,11,5,0,0
E3-policy,secondary,A,S1,F,reference_subject,16,16,5,0.3125,0,16,11,5,0,0
E3-policy,secondary,A,S1,F,target_subject,16,16,4,0.25,0,16,12,4,0,0
E3-policy,secondary,A,S1,B,reference_subject,16,16,12,0.75,2,14,6,10,0,0
E3-policy,secondary,A,S1,B,target_subject,16,16,10,0.625,2,14,4,12,0,0
E3-policy,secondary,A,S3,TOP,reference_subject,16,16,15,0.9375,2,14,3,13,0,0
E3-policy,secondary,A,S3,TOP,target_subject,16,16,4,0.25,2,14,14,2,0,0
E3-policy,secondary,A,S3,L,reference_subject,16,16,8,0.5,0,16,8,8,0,0
E3-policy,secondary,A,S3,L,target_subject,16,16,4,0.25,0,16,12,4,0,0
E3-policy,secondary,A,S3,R,reference_subject,16,11,5,0.45454545454545453,7,4,8,8,0,0
E3-policy,secondary,A,S3,R,target_subject,16,11,4,0.36363636363636365,7,4,11,5,0,0
E3-policy,secondary,A,S4,TOP,reference_subject,16,16,13,0.8125,1,15,4,12,0,0
E3-policy,secondary,A,S4,TOP,target_subject,16,16,10,0.625,1,15,7,9,0,0
E3-policy,secondary,A,S4,L,reference_subject,16,14,7,0.5,7,7,8,8,0,0
E3-policy,secondary,A,S4,L,target_subject,16,14,7,0.5,7,7,8,8,0,0
E3-policy,secondary,A,S4,R,reference_subject,16,16,9,0.5625,5,11,10,6,0,0
E3-policy,secondary,A,S4,R,target_subject,16,16,8,0.5,5,11,9,7,0,0
E3-policy,secondary,A,S5,LR,reference_subject,16,13,10,0.7692307692307693,3,10,0,16,0,0
E3-policy,secondary,A,S5,LR,target_subject,16,13,10,0.7692307692307693,3,10,0,16,0,0
E3-policy,secondary,A,S5,RL,reference_subject,16,13,10,0.7692307692307693,3,10,0,16,0,0
E3-policy,secondary,A,S5,RL,target_subject,16,13,10,0.7692307692307693,3,10,1,13,0,2
E3-policy,secondary,C,S1,L,DIR,16,14,12,0.8571428571428571,1,13,1,14,1,0
E3-policy,secondary,C,S1,L,RF,16,14,13,0.9285714285714286,1,13,0,16,0,0
E3-policy,secondary,C,S1,L,TF,16,14,12,0.8571428571428571,1,13,1,15,0,0
E3-policy,secondary,C,S1,R,DIR,16,14,5,0.35714285714285715,11,3,2,14,0,0
E3-policy,secondary,C,S1,R,RF,16,14,3,0.21428571428571427,11,3,0,16,0,0
E3-policy,secondary,C,S1,R,TF,16,14,5,0.35714285714285715,11,3,2,14,0,0
E3-policy,secondary,C,S1,F,DIR,16,14,14,1.0,0,14,0,16,0,0
E3-policy,secondary,C,S1,F,RF,16,14,14,1.0,0,14,0,16,0,0
E3-policy,secondary,C,S1,F,TF,16,14,14,1.0,0,14,0,16,0,0
E3-policy,secondary,C,S1,B,DIR,16,14,12,0.8571428571428571,2,12,0,16,0,0
E3-policy,secondary,C,S1,B,RF,16,14,12,0.8571428571428571,2,12,0,16,0,0
E3-policy,secondary,C,S1,B,TF,16,14,12,0.8571428571428571,2,12,0,16,0,0
E3-policy,secondary,C,S3,TOP,DIR,16,13,11,0.8461538461538461,2,11,0,16,0,0
E3-policy,secondary,C,S3,TOP,RF,16,13,11,0.8461538461538461,2,11,0,16,0,0
E3-policy,secondary,C,S3,TOP,TF,16,13,11,0.8461538461538461,2,11,0,16,0,0
E3-policy,secondary,C,S3,L,DIR,16,13,13,1.0,0,13,0,16,0,0
E3-policy,secondary,C,S3,L,RF,16,13,13,1.0,0,13,0,16,0,0
E3-policy,secondary,C,S3,L,TF,16,13,13,1.0,0,13,0,16,0,0
E3-policy,secondary,C,S3,R,DIR,16,10,4,0.4,6,4,0,16,0,0
E3-policy,secondary,C,S3,R,RF,16,10,4,0.4,6,4,0,16,0,0
E3-policy,secondary,C,S3,R,TF,16,10,4,0.4,6,4,1,15,0,0
E3-policy,secondary,C,S4,TOP,DIR,16,10,9,0.9,0,10,4,12,0,0
E3-policy,secondary,C,S4,TOP,RF,16,10,10,1.0,0,10,0,16,0,0
E3-policy,secondary,C,S4,TOP,TF,16,10,10,1.0,0,10,0,16,0,0
E3-policy,secondary,C,S4,L,DIR,16,8,2,0.25,6,2,0,16,0,0
E3-policy,secondary,C,S4,L,RF,16,8,2,0.25,6,2,0,16,0,0
E3-policy,secondary,C,S4,L,TF,16,8,2,0.25,6,2,0,16,0,0
E3-policy,secondary,C,S4,R,DIR,16,10,8,0.8,2,8,0,16,0,0
E3-policy,secondary,C,S4,R,RF,16,10,8,0.8,2,8,0,16,0,0
E3-policy,secondary,C,S4,R,TF,16,10,9,0.9,2,8,2,14,0,0
E3-policy,secondary,C,S5,LR,DIR,16,9,7,0.7777777777777778,2,7,0,16,0,0
E3-policy,secondary,C,S5,LR,RF,16,9,7,0.7777777777777778,2,7,0,16,0,0
E3-policy,secondary,C,S5,LR,TF,16,9,7,0.7777777777777778,2,7,1,15,0,0
E3-policy,secondary,C,S5,RL,DIR,16,9,7,0.7777777777777778,2,7,2,14,0,0
E3-policy,secondary,C,S5,RL,RF,16,9,9,1.0,0,9,0,16,0,0
E3-policy,secondary,C,S5,RL,TF,16,9,7,0.7777777777777778,2,7,2,14,0,0
F3-qwen3vl4b,initial,A,S1,L,reference_subject,8,8,3,0.375,0,8,5,3,0,0
F3-qwen3vl4b,initial,A,S1,L,target_subject,8,8,0,0.0,0,8,8,0,0,0
F3-qwen3vl4b,initial,A,S1,R,reference_subject,8,8,6,0.75,8,0,6,2,0,0
F3-qwen3vl4b,initial,A,S1,R,target_subject,8,8,5,0.625,8,0,5,3,0,0
F3-qwen3vl4b,initial,A,S1,F,reference_subject,8,8,8,1.0,0,8,0,8,0,0
F3-qwen3vl4b,initial,A,S1,F,target_subject,8,8,8,1.0,0,8,0,8,0,0
F3-qwen3vl4b,initial,A,S1,B,reference_subject,8,8,0,0.0,0,8,8,0,0,0
F3-qwen3vl4b,initial,A,S1,B,target_subject,8,8,1,0.125,0,8,7,1,0,0
F3-qwen3vl4b,initial,A,S3,TOP,reference_subject,8,8,8,1.0,0,8,0,8,0,0
F3-qwen3vl4b,initial,A,S3,TOP,target_subject,8,8,8,1.0,0,8,0,8,0,0
F3-qwen3vl4b,initial,A,S3,L,reference_subject,8,8,0,0.0,0,8,8,0,0,0
F3-qwen3vl4b,initial,A,S3,L,target_subject,8,8,0,0.0,0,8,8,0,0,0
F3-qwen3vl4b,initial,A,S3,R,reference_subject,8,7,4,0.5714285714285714,7,0,5,3,0,0
F3-qwen3vl4b,initial,A,S3,R,target_subject,8,7,0,0.0,7,0,0,8,0,0
F3-qwen3vl4b,initial,A,S4,TOP,reference_subject,8,8,8,1.0,0,8,0,8,0,0
F3-qwen3vl4b,initial,A,S4,TOP,target_subject,8,8,8,1.0,0,8,0,8,0,0
F3-qwen3vl4b,initial,A,S4,L,reference_subject,8,7,0,0.0,7,0,0,8,0,0
F3-qwen3vl4b,initial,A,S4,L,target_subject,8,7,7,1.0,7,0,8,0,0,0
F3-qwen3vl4b,initial,A,S4,R,reference_subject,8,8,7,0.875,0,8,1,7,0,0
F3-qwen3vl4b,initial,A,S4,R,target_subject,8,8,1,0.125,0,8,7,1,0,0
F3-qwen3vl4b,initial,A,S5,LR,reference_subject,8,8,8,1.0,0,8,0,8,0,0
F3-qwen3vl4b,initial,A,S5,LR,target_subject,8,8,8,1.0,0,8,0,8,0,0
F3-qwen3vl4b,initial,A,S5,RL,reference_subject,8,8,8,1.0,0,8,0,8,0,0
F3-qwen3vl4b,initial,A,S5,RL,target_subject,8,8,8,1.0,0,8,0,8,0,0
F3-qwen3vl4b,initial,C,S1,L,DIR,8,8,8,1.0,0,8,0,8,0,0
F3-qwen3vl4b,initial,C,S1,L,RF,8,8,8,1.0,0,8,0,8,0,0
F3-qwen3vl4b,initial,C,S1,L,TF,8,8,8,1.0,0,8,0,8,0,0
F3-qwen3vl4b,initial,C,S1,L,reference_early,0,0,0,,0,0,0,0,0,0
F3-qwen3vl4b,initial,C,S1,L,reference_late,0,0,0,,0,0,0,0,0,0
F3-qwen3vl4b,initial,C,S1,R,DIR,8,8,0,0.0,8,0,0,8,0,0
F3-qwen3vl4b,initial,C,S1,R,RF,8,8,0,0.0,8,0,0,8,0,0
F3-qwen3vl4b,initial,C,S1,R,TF,8,8,0,0.0,8,0,0,8,0,0
F3-qwen3vl4b,initial,C,S1,R,reference_early,0,0,0,,0,0,0,0,0,0
F3-qwen3vl4b,initial,C,S1,R,reference_late,0,0,0,,0,0,0,0,0,0
F3-qwen3vl4b,initial,C,S1,F,DIR,8,8,8,1.0,0,8,0,8,0,0
F3-qwen3vl4b,initial,C,S1,F,RF,8,8,8,1.0,0,8,0,8,0,0
F3-qwen3vl4b,initial,C,S1,F,TF,8,8,8,1.0,0,8,0,8,0,0
F3-qwen3vl4b,initial,C,S1,F,reference_early,0,0,0,,0,0,0,0,0,0
F3-qwen3vl4b,initial,C,S1,F,reference_late,0,0,0,,0,0,0,0,0,0
F3-qwen3vl4b,initial,C,S1,B,DIR,8,8,8,1.0,0,8,0,8,0,0
F3-qwen3vl4b,initial,C,S1,B,RF,8,8,8,1.0,0,8,0,8,0,0
F3-qwen3vl4b,initial,C,S1,B,TF,8,8,8,1.0,0,8,0,8,0,0
F3-qwen3vl4b,initial,C,S1,B,reference_early,0,0,0,,0,0,0,0,0,0
F3-qwen3vl4b,initial,C,S1,B,reference_late,0,0,0,,0,0,0,0,0,0
F3-qwen3vl4b,initial,C,S3,TOP,DIR,8,8,8,1.0,0,8,0,8,0,0
F3-qwen3vl4b,initial,C,S3,TOP,RF,8,8,8,1.0,0,8,0,8,0,0
F3-qwen3vl4b,initial,C,S3,TOP,TF,8,8,8,1.0,0,8,0,8,0,0
F3-qwen3vl4b,initial,C,S3,TOP,reference_early,0,0,0,,0,0,0,0,0,0
F3-qwen3vl4b,initial,C,S3,TOP,reference_late,0,0,0,,0,0,0,0,0,0
F3-qwen3vl4b,initial,C,S3,L,DIR,8,8,8,1.0,0,8,0,8,0,0
F3-qwen3vl4b,initial,C,S3,L,RF,8,8,8,1.0,0,8,0,8,0,0
F3-qwen3vl4b,initial,C,S3,L,TF,8,8,8,1.0,0,8,0,8,0,0
F3-qwen3vl4b,initial,C,S3,L,reference_early,0,0,0,,0,0,0,0,0,0
F3-qwen3vl4b,initial,C,S3,L,reference_late,0,0,0,,0,0,0,0,0,0
F3-qwen3vl4b,initial,C,S3,R,DIR,8,7,0,0.0,7,0,0,8,0,0
F3-qwen3vl4b,initial,C,S3,R,RF,8,7,0,0.0,7,0,0,8,0,0
F3-qwen3vl4b,initial,C,S3,R,TF,8,7,0,0.0,7,0,0,8,0,0
F3-qwen3vl4b,initial,C,S3,R,reference_early,0,0,0,,0,0,0,0,0,0
F3-qwen3vl4b,initial,C,S3,R,reference_late,0,0,0,,0,0,0,0,0,0
F3-qwen3vl4b,initial,C,S4,TOP,DIR,8,8,8,1.0,0,8,0,8,0,0
F3-qwen3vl4b,initial,C,S4,TOP,RF,8,8,8,1.0,0,8,0,8,0,0
F3-qwen3vl4b,initial,C,S4,TOP,TF,8,8,8,1.0,0,8,0,8,0,0
F3-qwen3vl4b,initial,C,S4,TOP,reference_early,0,0,0,,0,0,0,0,0,0
F3-qwen3vl4b,initial,C,S4,TOP,reference_late,0,0,0,,0,0,0,0,0,0
F3-qwen3vl4b,initial,C,S4,L,DIR,8,7,0,0.0,7,0,0,8,0,0
F3-qwen3vl4b,initial,C,S4,L,RF,8,7,0,0.0,7,0,0,8,0,0
F3-qwen3vl4b,initial,C,S4,L,TF,8,7,0,0.0,7,0,0,8,0,0
F3-qwen3vl4b,initial,C,S4,L,reference_early,0,0,0,,0,0,0,0,0,0
F3-qwen3vl4b,initial,C,S4,L,reference_late,0,0,0,,0,0,0,0,0,0
F3-qwen3vl4b,initial,C,S4,R,DIR,8,8,8,1.0,0,8,0,8,0,0
F3-qwen3vl4b,initial,C,S4,R,RF,8,8,8,1.0,0,8,0,8,0,0
F3-qwen3vl4b,initial,C,S4,R,TF,8,8,8,1.0,0,8,0,8,0,0
F3-qwen3vl4b,initial,C,S4,R,reference_early,0,0,0,,0,0,0,0,0,0
F3-qwen3vl4b,initial,C,S4,R,reference_late,0,0,0,,0,0,0,0,0,0
F3-qwen3vl4b,initial,C,S5,LR,DIR,8,8,8,1.0,0,8,0,8,0,0
F3-qwen3vl4b,initial,C,S5,LR,RF,8,8,8,1.0,0,8,0,8,0,0
F3-qwen3vl4b,initial,C,S5,LR,TF,8,8,8,1.0,0,8,0,8,0,0
F3-qwen3vl4b,initial,C,S5,RL,DIR,8,8,8,1.0,0,8,0,8,0,0
F3-qwen3vl4b,initial,C,S5,RL,RF,8,8,8,1.0,0,8,0,8,0,0
F3-qwen3vl4b,initial,C,S5,RL,TF,8,8,8,1.0,0,8,0,8,0,0
F3-qwen3vl4b,secondary,A,S1,L,reference_subject,16,16,8,0.5,2,14,10,6,0,0
F3-qwen3vl4b,secondary,A,S1,L,target_subject,16,16,5,0.3125,2,14,11,5,0,0
F3-qwen3vl4b,secondary,A,S1,R,reference_subject,16,16,12,0.75,12,4,12,4,0,0
F3-qwen3vl4b,secondary,A,S1,R,target_subject,16,16,14,0.875,12,4,10,6,0,0
F3-qwen3vl4b,secondary,A,S1,F,reference_subject,16,16,5,0.3125,0,16,11,5,0,0
F3-qwen3vl4b,secondary,A,S1,F,target_subject,16,16,4,0.25,0,16,12,4,0,0
F3-qwen3vl4b,secondary,A,S1,B,reference_subject,16,16,2,0.125,2,14,12,4,0,0
F3-qwen3vl4b,secondary,A,S1,B,target_subject,16,16,4,0.25,2,14,10,6,0,0
F3-qwen3vl4b,secondary,A,S3,TOP,reference_subject,16,16,16,1.0,2,14,2,14,0,0
F3-qwen3vl4b,secondary,A,S3,TOP,target_subject,16,16,16,1.0,2,14,2,14,0,0
F3-qwen3vl4b,secondary,A,S3,L,reference_subject,16,16,11,0.6875,0,16,5,11,0,0
F3-qwen3vl4b,secondary,A,S3,L,target_subject,16,16,2,0.125,0,16,14,2,0,0
F3-qwen3vl4b,secondary,A,S3,R,reference_subject,16,11,8,0.7272727272727273,7,4,10,6,0,0
F3-qwen3vl4b,secondary,A,S3,R,target_subject,16,11,4,0.36363636363636365,7,4,9,7,0,0
F3-qwen3vl4b,secondary,A,S4,TOP,reference_subject,16,16,15,0.9375,1,15,0,16,0,0
F3-qwen3vl4b,secondary,A,S4,TOP,target_subject,16,16,15,0.9375,1,15,0,16,0,0
F3-qwen3vl4b,secondary,A,S4,L,reference_subject,16,14,6,0.42857142857142855,7,7,9,7,0,0
F3-qwen3vl4b,secondary,A,S4,L,target_subject,16,14,7,0.5,7,7,16,0,0,0
F3-qwen3vl4b,secondary,A,S4,R,reference_subject,16,16,3,0.1875,5,11,14,2,0,0
F3-qwen3vl4b,secondary,A,S4,R,target_subject,16,16,6,0.375,5,11,15,1,0,0
F3-qwen3vl4b,secondary,A,S5,LR,reference_subject,16,13,10,0.7692307692307693,3,10,0,16,0,0
F3-qwen3vl4b,secondary,A,S5,LR,target_subject,16,13,10,0.7692307692307693,3,10,0,16,0,0
F3-qwen3vl4b,secondary,A,S5,RL,reference_subject,16,13,10,0.7692307692307693,3,10,0,16,0,0
F3-qwen3vl4b,secondary,A,S5,RL,target_subject,16,13,10,0.7692307692307693,3,10,0,16,0,0
F3-qwen3vl4b,secondary,C,S1,L,DIR,16,14,13,0.9285714285714286,1,13,0,16,0,0
F3-qwen3vl4b,secondary,C,S1,L,RF,16,14,13,0.9285714285714286,1,13,0,16,0,0
F3-qwen3vl4b,secondary,C,S1,L,TF,16,14,13,0.9285714285714286,1,13,0,16,0,0
F3-qwen3vl4b,secondary,C,S1,R,DIR,16,14,3,0.21428571428571427,11,3,0,16,0,0
F3-qwen3vl4b,secondary,C,S1,R,RF,16,14,3,0.21428571428571427,11,3,0,16,0,0
F3-qwen3vl4b,secondary,C,S1,R,TF,16,14,3,0.21428571428571427,11,3,0,16,0,0
F3-qwen3vl4b,secondary,C,S1,F,DIR,16,14,14,1.0,0,14,0,16,0,0
F3-qwen3vl4b,secondary,C,S1,F,RF,16,14,14,1.0,0,14,0,16,0,0
F3-qwen3vl4b,secondary,C,S1,F,TF,16,14,14,1.0,0,14,0,16,0,0
F3-qwen3vl4b,secondary,C,S1,B,DIR,16,14,12,0.8571428571428571,2,12,0,16,0,0
F3-qwen3vl4b,secondary,C,S1,B,RF,16,14,12,0.8571428571428571,2,12,0,16,0,0
F3-qwen3vl4b,secondary,C,S1,B,TF,16,14,12,0.8571428571428571,2,12,0,16,0,0
F3-qwen3vl4b,secondary,C,S3,TOP,DIR,16,13,11,0.8461538461538461,2,11,0,16,0,0
F3-qwen3vl4b,secondary,C,S3,TOP,RF,16,13,11,0.8461538461538461,2,11,0,16,0,0
F3-qwen3vl4b,secondary,C,S3,TOP,TF,16,13,11,0.8461538461538461,2,11,0,16,0,0
F3-qwen3vl4b,secondary,C,S3,L,DIR,16,13,13,1.0,0,13,0,16,0,0
F3-qwen3vl4b,secondary,C,S3,L,RF,16,13,13,1.0,0,13,0,16,0,0
F3-qwen3vl4b,secondary,C,S3,L,TF,16,13,13,1.0,0,13,0,16,0,0
F3-qwen3vl4b,secondary,C,S3,R,DIR,16,10,4,0.4,6,4,0,16,0,0
F3-qwen3vl4b,secondary,C,S3,R,RF,16,10,4,0.4,6,4,0,16,0,0
F3-qwen3vl4b,secondary,C,S3,R,TF,16,10,4,0.4,6,4,0,16,0,0
F3-qwen3vl4b,secondary,C,S4,TOP,DIR,16,10,10,1.0,0,10,0,16,0,0
F3-qwen3vl4b,secondary,C,S4,TOP,RF,16,10,10,1.0,0,10,0,16,0,0
F3-qwen3vl4b,secondary,C,S4,TOP,TF,16,10,10,1.0,0,10,0,16,0,0
F3-qwen3vl4b,secondary,C,S4,L,DIR,16,8,2,0.25,6,2,0,16,0,0
F3-qwen3vl4b,secondary,C,S4,L,RF,16,8,2,0.25,6,2,0,16,0,0
F3-qwen3vl4b,secondary,C,S4,L,TF,16,8,2,0.25,6,2,0,16,0,0
F3-qwen3vl4b,secondary,C,S4,R,DIR,16,10,8,0.8,2,8,0,16,0,0
F3-qwen3vl4b,secondary,C,S4,R,RF,16,10,8,0.8,2,8,0,16,0,0
F3-qwen3vl4b,secondary,C,S4,R,TF,16,10,8,0.8,2,8,0,16,0,0
F3-qwen3vl4b,secondary,C,S5,LR,DIR,16,9,7,0.7777777777777778,2,7,3,13,0,0
F3-qwen3vl4b,secondary,C,S5,LR,RF,16,9,7,0.7777777777777778,2,7,0,16,0,0
F3-qwen3vl4b,secondary,C,S5,LR,TF,16,9,7,0.7777777777777778,2,7,0,16,0,0
F3-qwen3vl4b,secondary,C,S5,RL,DIR,16,9,7,0.7777777777777778,2,7,3,13,0,0
F3-qwen3vl4b,secondary,C,S5,RL,RF,16,9,9,1.0,0,9,0,16,0,0
F3-qwen3vl4b,secondary,C,S5,RL,TF,16,9,7,0.7777777777777778,2,7,0,16,0,0
N3-base,initial,A,S1,L,reference_subject,8,8,0,0.0,0,8,8,0,0,0
N3-base,initial,A,S1,L,target_subject,8,8,0,0.0,0,8,8,0,0,0
N3-base,initial,A,S1,R,reference_subject,8,8,5,0.625,8,0,5,3,0,0
N3-base,initial,A,S1,R,target_subject,8,8,7,0.875,8,0,7,1,0,0
N3-base,initial,A,S1,F,reference_subject,8,8,8,1.0,0,8,0,8,0,0
N3-base,initial,A,S1,F,target_subject,8,8,8,1.0,0,8,0,8,0,0
N3-base,initial,A,S1,B,reference_subject,8,8,6,0.75,0,8,2,6,0,0
N3-base,initial,A,S1,B,target_subject,8,8,5,0.625,0,8,3,5,0,0
N3-base,initial,A,S3,TOP,reference_subject,8,8,8,1.0,0,8,0,8,0,0
N3-base,initial,A,S3,TOP,target_subject,8,8,8,1.0,0,8,0,8,0,0
N3-base,initial,A,S3,L,reference_subject,8,8,0,0.0,0,8,8,0,0,0
N3-base,initial,A,S3,L,target_subject,8,8,0,0.0,0,8,8,0,0,0
N3-base,initial,A,S3,R,reference_subject,8,7,2,0.2857142857142857,7,0,3,5,0,0
N3-base,initial,A,S3,R,target_subject,8,7,0,0.0,7,0,1,7,0,0
N3-base,initial,A,S4,TOP,reference_subject,8,8,8,1.0,0,8,0,8,0,0
N3-base,initial,A,S4,TOP,target_subject,8,8,8,1.0,0,8,0,8,0,0
N3-base,initial,A,S4,L,reference_subject,8,7,1,0.14285714285714285,7,0,1,7,0,0
N3-base,initial,A,S4,L,target_subject,8,7,7,1.0,7,0,8,0,0,0
N3-base,initial,A,S4,R,reference_subject,8,8,0,0.0,0,8,8,0,0,0
N3-base,initial,A,S4,R,target_subject,8,8,0,0.0,0,8,8,0,0,0
N3-base,initial,A,S5,LR,reference_subject,8,8,8,1.0,0,8,0,8,0,0
N3-base,initial,A,S5,LR,target_subject,8,8,8,1.0,0,8,0,8,0,0
N3-base,initial,A,S5,RL,reference_subject,8,8,8,1.0,0,8,0,8,0,0
N3-base,initial,A,S5,RL,target_subject,8,8,8,1.0,0,8,0,8,0,0
N3-base,initial,C,S1,L,DIR,8,8,8,1.0,0,8,0,8,0,0
N3-base,initial,C,S1,L,RF,8,8,8,1.0,0,8,0,8,0,0
N3-base,initial,C,S1,L,TF,8,8,0,0.0,0,8,8,0,0,0
N3-base,initial,C,S1,L,reference_early,0,0,0,,0,0,0,0,0,0
N3-base,initial,C,S1,L,reference_late,0,0,0,,0,0,0,0,0,0
N3-base,initial,C,S1,R,DIR,8,8,0,0.0,8,0,0,8,0,0
N3-base,initial,C,S1,R,RF,8,8,0,0.0,8,0,0,8,0,0
N3-base,initial,C,S1,R,TF,8,8,6,0.75,8,0,6,2,0,0
N3-base,initial,C,S1,R,reference_early,0,0,0,,0,0,0,0,0,0
N3-base,initial,C,S1,R,reference_late,0,0,0,,0,0,0,0,0,0
N3-base,initial,C,S1,F,DIR,8,8,6,0.75,0,8,2,6,0,0
N3-base,initial,C,S1,F,RF,8,8,8,1.0,0,8,0,8,0,0
N3-base,initial,C,S1,F,TF,8,8,5,0.625,0,8,3,5,0,0
N3-base,initial,C,S1,F,reference_early,0,0,0,,0,0,0,0,0,0
N3-base,initial,C,S1,F,reference_late,0,0,0,,0,0,0,0,0,0
N3-base,initial,C,S1,B,DIR,8,8,8,1.0,0,8,0,8,0,0
N3-base,initial,C,S1,B,RF,8,8,8,1.0,0,8,0,8,0,0
N3-base,initial,C,S1,B,TF,8,8,8,1.0,0,8,0,8,0,0
N3-base,initial,C,S1,B,reference_early,0,0,0,,0,0,0,0,0,0
N3-base,initial,C,S1,B,reference_late,0,0,0,,0,0,0,0,0,0
N3-base,initial,C,S3,TOP,DIR,8,8,8,1.0,0,8,0,8,0,0
N3-base,initial,C,S3,TOP,RF,8,8,8,1.0,0,8,0,8,0,0
N3-base,initial,C,S3,TOP,TF,8,8,8,1.0,0,8,0,8,0,0
N3-base,initial,C,S3,TOP,reference_early,0,0,0,,0,0,0,0,0,0
N3-base,initial,C,S3,TOP,reference_late,0,0,0,,0,0,0,0,0,0
N3-base,initial,C,S3,L,DIR,8,8,4,0.5,0,8,4,4,0,0
N3-base,initial,C,S3,L,RF,8,8,8,1.0,0,8,0,8,0,0
N3-base,initial,C,S3,L,TF,8,8,3,0.375,0,8,5,3,0,0
N3-base,initial,C,S3,L,reference_early,0,0,0,,0,0,0,0,0,0
N3-base,initial,C,S3,L,reference_late,0,0,0,,0,0,0,0,0,0
N3-base,initial,C,S3,R,DIR,8,7,0,0.0,7,0,1,7,0,0
N3-base,initial,C,S3,R,RF,8,7,0,0.0,7,0,0,8,0,0
N3-base,initial,C,S3,R,TF,8,7,0,0.0,7,0,0,8,0,0
N3-base,initial,C,S3,R,reference_early,0,0,0,,0,0,0,0,0,0
N3-base,initial,C,S3,R,reference_late,0,0,0,,0,0,0,0,0,0
N3-base,initial,C,S4,TOP,DIR,8,8,8,1.0,0,8,0,8,0,0
N3-base,initial,C,S4,TOP,RF,8,8,8,1.0,0,8,0,8,0,0
N3-base,initial,C,S4,TOP,TF,8,8,8,1.0,0,8,0,8,0,0
N3-base,initial,C,S4,TOP,reference_early,0,0,0,,0,0,0,0,0,0
N3-base,initial,C,S4,TOP,reference_late,0,0,0,,0,0,0,0,0,0
N3-base,initial,C,S4,L,DIR,8,7,7,1.0,7,0,8,0,0,0
N3-base,initial,C,S4,L,RF,8,7,0,0.0,7,0,0,8,0,0
N3-base,initial,C,S4,L,TF,8,7,2,0.2857142857142857,7,0,2,6,0,0
N3-base,initial,C,S4,L,reference_early,0,0,0,,0,0,0,0,0,0
N3-base,initial,C,S4,L,reference_late,0,0,0,,0,0,0,0,0,0
N3-base,initial,C,S4,R,DIR,8,8,2,0.25,0,8,6,2,0,0
N3-base,initial,C,S4,R,RF,8,8,8,1.0,0,8,0,8,0,0
N3-base,initial,C,S4,R,TF,8,8,8,1.0,0,8,0,8,0,0
N3-base,initial,C,S4,R,reference_early,0,0,0,,0,0,0,0,0,0
N3-base,initial,C,S4,R,reference_late,0,0,0,,0,0,0,0,0,0
N3-base,initial,C,S5,LR,DIR,8,8,8,1.0,0,8,0,8,0,0
N3-base,initial,C,S5,LR,RF,8,8,8,1.0,0,8,0,8,0,0
N3-base,initial,C,S5,LR,TF,8,8,8,1.0,0,8,0,8,0,0
N3-base,initial,C,S5,RL,DIR,8,8,8,1.0,0,8,0,8,0,0
N3-base,initial,C,S5,RL,RF,8,8,8,1.0,0,8,0,8,0,0
N3-base,initial,C,S5,RL,TF,8,8,8,1.0,0,8,0,8,0,0
N3-base,secondary,A,S1,L,reference_subject,16,16,13,0.8125,2,14,3,13,0,0
N3-base,secondary,A,S1,L,target_subject,16,16,12,0.75,2,14,2,14,0,0
N3-base,secondary,A,S1,R,reference_subject,16,16,11,0.6875,12,4,11,5,0,0
N3-base,secondary,A,S1,R,target_subject,16,16,11,0.6875,12,4,11,5,0,0
N3-base,secondary,A,S1,F,reference_subject,16,16,13,0.8125,0,16,3,13,0,0
N3-base,secondary,A,S1,F,target_subject,16,16,5,0.3125,0,16,11,5,0,0
N3-base,secondary,A,S1,B,reference_subject,16,16,14,0.875,2,14,0,16,0,0
N3-base,secondary,A,S1,B,target_subject,16,16,14,0.875,2,14,0,16,0,0
N3-base,secondary,A,S3,TOP,reference_subject,16,16,16,1.0,2,14,2,14,0,0
N3-base,secondary,A,S3,TOP,target_subject,16,16,15,0.9375,2,14,1,15,0,0
N3-base,secondary,A,S3,L,reference_subject,16,16,9,0.5625,0,16,7,9,0,0
N3-base,secondary,A,S3,L,target_subject,16,16,12,0.75,0,16,4,12,0,0
N3-base,secondary,A,S3,R,reference_subject,16,11,0,0.0,7,4,6,10,0,0
N3-base,secondary,A,S3,R,target_subject,16,11,2,0.18181818181818182,7,4,8,8,0,0
N3-base,secondary,A,S4,TOP,reference_subject,16,16,15,0.9375,1,15,0,16,0,0
N3-base,secondary,A,S4,TOP,target_subject,16,16,15,0.9375,1,15,0,16,0,0
N3-base,secondary,A,S4,L,reference_subject,16,14,8,0.5714285714285714,7,7,6,10,0,0
N3-base,secondary,A,S4,L,target_subject,16,14,9,0.6428571428571429,7,7,8,8,0,0
N3-base,secondary,A,S4,R,reference_subject,16,16,6,0.375,5,11,11,5,0,0
N3-base,secondary,A,S4,R,target_subject,16,16,5,0.3125,5,11,10,6,0,0
N3-base,secondary,A,S5,LR,reference_subject,16,13,11,0.8461538461538461,3,10,6,10,0,0
N3-base,secondary,A,S5,LR,target_subject,16,13,11,0.8461538461538461,3,10,6,10,0,0
N3-base,secondary,A,S5,RL,reference_subject,16,13,11,0.8461538461538461,3,10,5,11,0,0
N3-base,secondary,A,S5,RL,target_subject,16,13,11,0.8461538461538461,3,10,5,11,0,0
N3-base,secondary,C,S1,L,DIR,16,14,13,0.9285714285714286,1,13,0,16,0,0
N3-base,secondary,C,S1,L,RF,16,14,13,0.9285714285714286,1,13,0,16,0,0
N3-base,secondary,C,S1,L,TF,16,14,13,0.9285714285714286,1,13,0,16,0,0
N3-base,secondary,C,S1,R,DIR,16,14,3,0.21428571428571427,11,3,0,16,0,0
N3-base,secondary,C,S1,R,RF,16,14,3,0.21428571428571427,11,3,0,16,0,0
N3-base,secondary,C,S1,R,TF,16,14,3,0.21428571428571427,11,3,0,16,0,0
N3-base,secondary,C,S1,F,DIR,16,14,13,0.9285714285714286,0,14,1,15,0,0
N3-base,secondary,C,S1,F,RF,16,14,14,1.0,0,14,0,16,0,0
N3-base,secondary,C,S1,F,TF,16,14,14,1.0,0,14,0,16,0,0
N3-base,secondary,C,S1,B,DIR,16,14,12,0.8571428571428571,2,12,0,16,0,0
N3-base,secondary,C,S1,B,RF,16,14,12,0.8571428571428571,2,12,0,16,0,0
N3-base,secondary,C,S1,B,TF,16,14,12,0.8571428571428571,2,12,0,16,0,0
N3-base,secondary,C,S3,TOP,DIR,16,13,12,0.9230769230769231,2,11,1,15,0,0
N3-base,secondary,C,S3,TOP,RF,16,13,12,0.9230769230769231,2,11,1,15,0,0
N3-base,secondary,C,S3,TOP,TF,16,13,12,0.9230769230769231,2,11,1,15,0,0
N3-base,secondary,C,S3,L,DIR,16,13,12,0.9230769230769231,0,13,1,15,0,0
N3-base,secondary,C,S3,L,RF,16,13,13,1.0,0,13,0,16,0,0
N3-base,secondary,C,S3,L,TF,16,13,13,1.0,0,13,0,16,0,0
N3-base,secondary,C,S3,R,DIR,16,10,4,0.4,6,4,1,15,0,0
N3-base,secondary,C,S3,R,RF,16,10,4,0.4,6,4,0,16,0,0
N3-base,secondary,C,S3,R,TF,16,10,4,0.4,6,4,0,16,0,0
N3-base,secondary,C,S4,TOP,DIR,16,10,10,1.0,0,10,0,16,0,0
N3-base,secondary,C,S4,TOP,RF,16,10,10,1.0,0,10,1,15,0,0
N3-base,secondary,C,S4,TOP,TF,16,10,10,1.0,0,10,0,16,0,0
N3-base,secondary,C,S4,L,DIR,16,8,4,0.5,6,2,3,13,0,0
N3-base,secondary,C,S4,L,RF,16,8,2,0.25,6,2,0,16,0,0
N3-base,secondary,C,S4,L,TF,16,8,3,0.375,6,2,1,15,0,0
N3-base,secondary,C,S4,R,DIR,16,10,7,0.7,2,8,1,15,0,0
N3-base,secondary,C,S4,R,RF,16,10,8,0.8,2,8,0,16,0,0
N3-base,secondary,C,S4,R,TF,16,10,8,0.8,2,8,0,16,0,0
N3-base,secondary,C,S5,LR,DIR,16,9,7,0.7777777777777778,2,7,5,11,0,0
N3-base,secondary,C,S5,LR,RF,16,9,2,0.2222222222222222,2,7,13,3,0,0
N3-base,secondary,C,S5,LR,TF,16,9,5,0.5555555555555556,2,7,9,7,0,0
N3-base,secondary,C,S5,RL,DIR,16,9,8,0.8888888888888888,2,7,3,13,0,0
N3-base,secondary,C,S5,RL,RF,16,9,2,0.2222222222222222,0,9,12,4,0,0
N3-base,secondary,C,S5,RL,TF,16,9,4,0.4444444444444444,2,7,10,6,0,0
N3-policy,initial,A,S1,L,reference_subject,8,8,0,0.0,0,8,8,0,0,0
N3-policy,initial,A,S1,L,target_subject,8,8,0,0.0,0,8,8,0,0,0
N3-policy,initial,A,S1,R,reference_subject,8,8,8,1.0,8,0,8,0,0,0
N3-policy,initial,A,S1,R,target_subject,8,8,8,1.0,8,0,8,0,0,0
N3-policy,initial,A,S1,F,reference_subject,8,8,4,0.5,0,8,4,4,0,0
N3-policy,initial,A,S1,F,target_subject,8,8,0,0.0,0,8,8,0,0,0
N3-policy,initial,A,S1,B,reference_subject,8,8,0,0.0,0,8,8,0,0,0
N3-policy,initial,A,S1,B,target_subject,8,8,2,0.25,0,8,6,2,0,0
N3-policy,initial,A,S3,TOP,reference_subject,8,8,8,1.0,0,8,0,8,0,0
N3-policy,initial,A,S3,TOP,target_subject,8,8,8,1.0,0,8,0,8,0,0
N3-policy,initial,A,S3,L,reference_subject,8,8,0,0.0,0,8,8,0,0,0
N3-policy,initial,A,S3,L,target_subject,8,8,0,0.0,0,8,8,0,0,0
N3-policy,initial,A,S3,R,reference_subject,8,7,7,1.0,7,0,8,0,0,0
N3-policy,initial,A,S3,R,target_subject,8,7,1,0.14285714285714285,7,0,2,6,0,0
N3-policy,initial,A,S4,TOP,reference_subject,8,8,8,1.0,0,8,0,8,0,0
N3-policy,initial,A,S4,TOP,target_subject,8,8,8,1.0,0,8,0,8,0,0
N3-policy,initial,A,S4,L,reference_subject,8,7,7,1.0,7,0,8,0,0,0
N3-policy,initial,A,S4,L,target_subject,8,7,7,1.0,7,0,8,0,0,0
N3-policy,initial,A,S4,R,reference_subject,8,8,0,0.0,0,8,8,0,0,0
N3-policy,initial,A,S4,R,target_subject,8,8,0,0.0,0,8,8,0,0,0
N3-policy,initial,A,S5,LR,reference_subject,8,8,8,1.0,0,8,0,8,0,0
N3-policy,initial,A,S5,LR,target_subject,8,8,8,1.0,0,8,0,8,0,0
N3-policy,initial,A,S5,RL,reference_subject,8,8,8,1.0,0,8,0,8,0,0
N3-policy,initial,A,S5,RL,target_subject,8,8,8,1.0,0,8,0,8,0,0
N3-policy,initial,C,S1,L,DIR,8,8,8,1.0,0,8,0,8,0,0
N3-policy,initial,C,S1,L,RF,8,8,8,1.0,0,8,0,8,0,0
N3-policy,initial,C,S1,L,TF,8,8,8,1.0,0,8,0,8,0,0
N3-policy,initial,C,S1,L,reference_early,0,0,0,,0,0,0,0,0,0
N3-policy,initial,C,S1,L,reference_late,0,0,0,,0,0,0,0,0,0
N3-policy,initial,C,S1,R,DIR,8,8,0,0.0,8,0,0,8,0,0
N3-policy,initial,C,S1,R,RF,8,8,0,0.0,8,0,0,8,0,0
N3-policy,initial,C,S1,R,TF,8,8,0,0.0,8,0,0,8,0,0
N3-policy,initial,C,S1,R,reference_early,0,0,0,,0,0,0,0,0,0
N3-policy,initial,C,S1,R,reference_late,0,0,0,,0,0,0,0,0,0
N3-policy,initial,C,S1,F,DIR,8,8,8,1.0,0,8,0,8,0,0
N3-policy,initial,C,S1,F,RF,8,8,8,1.0,0,8,0,8,0,0
N3-policy,initial,C,S1,F,TF,8,8,8,1.0,0,8,0,8,0,0
N3-policy,initial,C,S1,F,reference_early,0,0,0,,0,0,0,0,0,0
N3-policy,initial,C,S1,F,reference_late,0,0,0,,0,0,0,0,0,0
N3-policy,initial,C,S1,B,DIR,8,8,8,1.0,0,8,0,8,0,0
N3-policy,initial,C,S1,B,RF,8,8,8,1.0,0,8,0,8,0,0
N3-policy,initial,C,S1,B,TF,8,8,8,1.0,0,8,0,8,0,0
N3-policy,initial,C,S1,B,reference_early,0,0,0,,0,0,0,0,0,0
N3-policy,initial,C,S1,B,reference_late,0,0,0,,0,0,0,0,0,0
N3-policy,initial,C,S3,TOP,DIR,8,8,8,1.0,0,8,0,8,0,0
N3-policy,initial,C,S3,TOP,RF,8,8,8,1.0,0,8,0,8,0,0
N3-policy,initial,C,S3,TOP,TF,8,8,8,1.0,0,8,0,8,0,0
N3-policy,initial,C,S3,TOP,reference_early,0,0,0,,0,0,0,0,0,0
N3-policy,initial,C,S3,TOP,reference_late,0,0,0,,0,0,0,0,0,0
N3-policy,initial,C,S3,L,DIR,8,8,8,1.0,0,8,0,8,0,0
N3-policy,initial,C,S3,L,RF,8,8,8,1.0,0,8,0,8,0,0
N3-policy,initial,C,S3,L,TF,8,8,8,1.0,0,8,0,8,0,0
N3-policy,initial,C,S3,L,reference_early,0,0,0,,0,0,0,0,0,0
N3-policy,initial,C,S3,L,reference_late,0,0,0,,0,0,0,0,0,0
N3-policy,initial,C,S3,R,DIR,8,7,0,0.0,7,0,0,8,0,0
N3-policy,initial,C,S3,R,RF,8,7,0,0.0,7,0,0,8,0,0
N3-policy,initial,C,S3,R,TF,8,7,0,0.0,7,0,0,8,0,0
N3-policy,initial,C,S3,R,reference_early,0,0,0,,0,0,0,0,0,0
N3-policy,initial,C,S3,R,reference_late,0,0,0,,0,0,0,0,0,0
N3-policy,initial,C,S4,TOP,DIR,8,8,8,1.0,0,8,0,8,0,0
N3-policy,initial,C,S4,TOP,RF,8,8,8,1.0,0,8,0,8,0,0
N3-policy,initial,C,S4,TOP,TF,8,8,8,1.0,0,8,0,8,0,0
N3-policy,initial,C,S4,TOP,reference_early,0,0,0,,0,0,0,0,0,0
N3-policy,initial,C,S4,TOP,reference_late,0,0,0,,0,0,0,0,0,0
N3-policy,initial,C,S4,L,DIR,8,7,0,0.0,7,0,0,8,0,0
N3-policy,initial,C,S4,L,RF,8,7,0,0.0,7,0,0,8,0,0
N3-policy,initial,C,S4,L,TF,8,7,0,0.0,7,0,0,8,0,0
N3-policy,initial,C,S4,L,reference_early,0,0,0,,0,0,0,0,0,0
N3-policy,initial,C,S4,L,reference_late,0,0,0,,0,0,0,0,0,0
N3-policy,initial,C,S4,R,DIR,8,8,8,1.0,0,8,0,8,0,0
N3-policy,initial,C,S4,R,RF,8,8,8,1.0,0,8,0,8,0,0
N3-policy,initial,C,S4,R,TF,8,8,8,1.0,0,8,0,8,0,0
N3-policy,initial,C,S4,R,reference_early,0,0,0,,0,0,0,0,0,0
N3-policy,initial,C,S4,R,reference_late,0,0,0,,0,0,0,0,0,0
N3-policy,initial,C,S5,LR,DIR,8,8,8,1.0,0,8,0,8,0,0
N3-policy,initial,C,S5,LR,RF,8,8,8,1.0,0,8,0,8,0,0
N3-policy,initial,C,S5,LR,TF,8,8,8,1.0,0,8,0,8,0,0
N3-policy,initial,C,S5,RL,DIR,8,8,8,1.0,0,8,0,8,0,0
N3-policy,initial,C,S5,RL,RF,8,8,8,1.0,0,8,0,8,0,0
N3-policy,initial,C,S5,RL,TF,8,8,8,1.0,0,8,0,8,0,0
N3-policy,secondary,A,S1,L,reference_subject,16,16,14,0.875,2,14,4,12,0,0
N3-policy,secondary,A,S1,L,target_subject,16,16,6,0.375,2,14,12,4,0,0
N3-policy,secondary,A,S1,R,reference_subject,16,16,11,0.6875,12,4,11,5,0,0
N3-policy,secondary,A,S1,R,target_subject,16,16,12,0.75,12,4,12,4,0,0
N3-policy,secondary,A,S1,F,reference_subject,16,16,14,0.875,0,16,2,14,0,0
N3-policy,secondary,A,S1,F,target_subject,16,16,4,0.25,0,16,12,4,0,0
N3-policy,secondary,A,S1,B,reference_subject,16,16,14,0.875,2,14,0,16,0,0
N3-policy,secondary,A,S1,B,target_subject,16,16,8,0.5,2,14,6,10,0,0
N3-policy,secondary,A,S3,TOP,reference_subject,16,16,16,1.0,2,14,2,14,0,0
N3-policy,secondary,A,S3,TOP,target_subject,16,16,15,0.9375,2,14,1,15,0,0
N3-policy,secondary,A,S3,L,reference_subject,16,16,2,0.125,0,16,14,2,0,0
N3-policy,secondary,A,S3,L,target_subject,16,16,2,0.125,0,16,14,2,0,0
N3-policy,secondary,A,S3,R,reference_subject,16,11,6,0.5454545454545454,7,4,14,2,0,0
N3-policy,secondary,A,S3,R,target_subject,16,11,5,0.45454545454545453,7,4,12,4,0,0
N3-policy,secondary,A,S4,TOP,reference_subject,16,16,15,0.9375,1,15,0,16,0,0
N3-policy,secondary,A,S4,TOP,target_subject,16,16,15,0.9375,1,15,0,16,0,0
N3-policy,secondary,A,S4,L,reference_subject,16,14,7,0.5,7,7,14,2,0,0
N3-policy,secondary,A,S4,L,target_subject,16,14,7,0.5,7,7,16,0,0,0
N3-policy,secondary,A,S4,R,reference_subject,16,16,5,0.3125,5,11,16,0,0,0
N3-policy,secondary,A,S4,R,target_subject,16,16,5,0.3125,5,11,16,0,0,0
N3-policy,secondary,A,S5,LR,reference_subject,16,13,6,0.46153846153846156,3,10,8,8,0,0
N3-policy,secondary,A,S5,LR,target_subject,16,13,11,0.8461538461538461,3,10,5,11,0,0
N3-policy,secondary,A,S5,RL,reference_subject,16,13,11,0.8461538461538461,3,10,5,11,0,0
N3-policy,secondary,A,S5,RL,target_subject,16,13,10,0.7692307692307693,3,10,2,14,0,0
N3-policy,secondary,C,S1,L,DIR,16,14,13,0.9285714285714286,1,13,0,16,0,0
N3-policy,secondary,C,S1,L,RF,16,14,13,0.9285714285714286,1,13,0,16,0,0
N3-policy,secondary,C,S1,L,TF,16,14,13,0.9285714285714286,1,13,0,16,0,0
N3-policy,secondary,C,S1,R,DIR,16,14,3,0.21428571428571427,11,3,0,16,0,0
N3-policy,secondary,C,S1,R,RF,16,14,3,0.21428571428571427,11,3,0,16,0,0
N3-policy,secondary,C,S1,R,TF,16,14,3,0.21428571428571427,11,3,0,16,0,0
N3-policy,secondary,C,S1,F,DIR,16,14,14,1.0,0,14,0,16,0,0
N3-policy,secondary,C,S1,F,RF,16,14,14,1.0,0,14,0,16,0,0
N3-policy,secondary,C,S1,F,TF,16,14,14,1.0,0,14,0,16,0,0
N3-policy,secondary,C,S1,B,DIR,16,14,12,0.8571428571428571,2,12,0,16,0,0
N3-policy,secondary,C,S1,B,RF,16,14,12,0.8571428571428571,2,12,0,16,0,0
N3-policy,secondary,C,S1,B,TF,16,14,12,0.8571428571428571,2,12,0,16,0,0
N3-policy,secondary,C,S3,TOP,DIR,16,13,11,0.8461538461538461,2,11,0,16,0,0
N3-policy,secondary,C,S3,TOP,RF,16,13,11,0.8461538461538461,2,11,0,16,0,0
N3-policy,secondary,C,S3,TOP,TF,16,13,11,0.8461538461538461,2,11,0,16,0,0
N3-policy,secondary,C,S3,L,DIR,16,13,13,1.0,0,13,1,15,0,0
N3-policy,secondary,C,S3,L,RF,16,13,13,1.0,0,13,0,16,0,0
N3-policy,secondary,C,S3,L,TF,16,13,13,1.0,0,13,0,16,0,0
N3-policy,secondary,C,S3,R,DIR,16,10,4,0.4,6,4,0,16,0,0
N3-policy,secondary,C,S3,R,RF,16,10,4,0.4,6,4,0,16,0,0
N3-policy,secondary,C,S3,R,TF,16,10,4,0.4,6,4,0,16,0,0
N3-policy,secondary,C,S4,TOP,DIR,16,10,10,1.0,0,10,0,16,0,0
N3-policy,secondary,C,S4,TOP,RF,16,10,10,1.0,0,10,0,16,0,0
N3-policy,secondary,C,S4,TOP,TF,16,10,10,1.0,0,10,0,16,0,0
N3-policy,secondary,C,S4,L,DIR,16,8,2,0.25,6,2,0,16,0,0
N3-policy,secondary,C,S4,L,RF,16,8,2,0.25,6,2,0,16,0,0
N3-policy,secondary,C,S4,L,TF,16,8,2,0.25,6,2,0,16,0,0
N3-policy,secondary,C,S4,R,DIR,16,10,8,0.8,2,8,0,16,0,0
N3-policy,secondary,C,S4,R,RF,16,10,8,0.8,2,8,0,16,0,0
N3-policy,secondary,C,S4,R,TF,16,10,8,0.8,2,8,0,16,0,0
N3-policy,secondary,C,S5,LR,DIR,16,9,6,0.6666666666666666,2,7,2,14,0,0
N3-policy,secondary,C,S5,LR,RF,16,9,7,0.7777777777777778,2,7,0,16,0,0
N3-policy,secondary,C,S5,LR,TF,16,9,7,0.7777777777777778,2,7,0,16,0,0
N3-policy,secondary,C,S5,RL,DIR,16,9,7,0.7777777777777778,2,7,4,12,0,0
N3-policy,secondary,C,S5,RL,RF,16,9,9,1.0,0,9,0,16,0,0
N3-policy,secondary,C,S5,RL,TF,16,9,6,0.6666666666666666,2,7,1,15,0,0
N3-upstream-qwen3vl8b,initial,A,S1,L,reference_subject,8,8,0,0.0,0,8,8,0,0,0
N3-upstream-qwen3vl8b,initial,A,S1,L,target_subject,8,8,0,0.0,0,8,8,0,0,0
N3-upstream-qwen3vl8b,initial,A,S1,R,reference_subject,8,8,8,1.0,8,0,8,0,0,0
N3-upstream-qwen3vl8b,initial,A,S1,R,target_subject,8,8,8,1.0,8,0,8,0,0,0
N3-upstream-qwen3vl8b,initial,A,S1,F,reference_subject,8,8,4,0.5,0,8,4,4,0,0
N3-upstream-qwen3vl8b,initial,A,S1,F,target_subject,8,8,0,0.0,0,8,8,0,0,0
N3-upstream-qwen3vl8b,initial,A,S1,B,reference_subject,8,8,0,0.0,0,8,8,0,0,0
N3-upstream-qwen3vl8b,initial,A,S1,B,target_subject,8,8,2,0.25,0,8,6,2,0,0
N3-upstream-qwen3vl8b,initial,A,S3,TOP,reference_subject,8,8,8,1.0,0,8,0,8,0,0
N3-upstream-qwen3vl8b,initial,A,S3,TOP,target_subject,8,8,8,1.0,0,8,0,8,0,0
N3-upstream-qwen3vl8b,initial,A,S3,L,reference_subject,8,8,0,0.0,0,8,8,0,0,0
N3-upstream-qwen3vl8b,initial,A,S3,L,target_subject,8,8,0,0.0,0,8,8,0,0,0
N3-upstream-qwen3vl8b,initial,A,S3,R,reference_subject,8,7,7,1.0,7,0,8,0,0,0
N3-upstream-qwen3vl8b,initial,A,S3,R,target_subject,8,7,1,0.14285714285714285,7,0,2,6,0,0
N3-upstream-qwen3vl8b,initial,A,S4,TOP,reference_subject,8,8,8,1.0,0,8,0,8,0,0
N3-upstream-qwen3vl8b,initial,A,S4,TOP,target_subject,8,8,8,1.0,0,8,0,8,0,0
N3-upstream-qwen3vl8b,initial,A,S4,L,reference_subject,8,7,7,1.0,7,0,8,0,0,0
N3-upstream-qwen3vl8b,initial,A,S4,L,target_subject,8,7,7,1.0,7,0,8,0,0,0
N3-upstream-qwen3vl8b,initial,A,S4,R,reference_subject,8,8,0,0.0,0,8,8,0,0,0
N3-upstream-qwen3vl8b,initial,A,S4,R,target_subject,8,8,0,0.0,0,8,8,0,0,0
N3-upstream-qwen3vl8b,initial,A,S5,LR,reference_subject,8,8,8,1.0,0,8,0,8,0,0
N3-upstream-qwen3vl8b,initial,A,S5,LR,target_subject,8,8,8,1.0,0,8,0,8,0,0
N3-upstream-qwen3vl8b,initial,A,S5,RL,reference_subject,8,8,8,1.0,0,8,0,8,0,0
N3-upstream-qwen3vl8b,initial,A,S5,RL,target_subject,8,8,8,1.0,0,8,0,8,0,0
N3-upstream-qwen3vl8b,initial,C,S1,L,DIR,8,8,8,1.0,0,8,0,8,0,0
N3-upstream-qwen3vl8b,initial,C,S1,L,RF,8,8,8,1.0,0,8,0,8,0,0
N3-upstream-qwen3vl8b,initial,C,S1,L,TF,8,8,8,1.0,0,8,0,8,0,0
N3-upstream-qwen3vl8b,initial,C,S1,L,reference_early,0,0,0,,0,0,0,0,0,0
N3-upstream-qwen3vl8b,initial,C,S1,L,reference_late,0,0,0,,0,0,0,0,0,0
N3-upstream-qwen3vl8b,initial,C,S1,R,DIR,8,8,0,0.0,8,0,0,8,0,0
N3-upstream-qwen3vl8b,initial,C,S1,R,RF,8,8,0,0.0,8,0,0,8,0,0
N3-upstream-qwen3vl8b,initial,C,S1,R,TF,8,8,0,0.0,8,0,0,8,0,0
N3-upstream-qwen3vl8b,initial,C,S1,R,reference_early,0,0,0,,0,0,0,0,0,0
N3-upstream-qwen3vl8b,initial,C,S1,R,reference_late,0,0,0,,0,0,0,0,0,0
N3-upstream-qwen3vl8b,initial,C,S1,F,DIR,8,8,8,1.0,0,8,0,8,0,0
N3-upstream-qwen3vl8b,initial,C,S1,F,RF,8,8,8,1.0,0,8,0,8,0,0
N3-upstream-qwen3vl8b,initial,C,S1,F,TF,8,8,8,1.0,0,8,0,8,0,0
N3-upstream-qwen3vl8b,initial,C,S1,F,reference_early,0,0,0,,0,0,0,0,0,0
N3-upstream-qwen3vl8b,initial,C,S1,F,reference_late,0,0,0,,0,0,0,0,0,0
N3-upstream-qwen3vl8b,initial,C,S1,B,DIR,8,8,8,1.0,0,8,0,8,0,0
N3-upstream-qwen3vl8b,initial,C,S1,B,RF,8,8,8,1.0,0,8,0,8,0,0
N3-upstream-qwen3vl8b,initial,C,S1,B,TF,8,8,8,1.0,0,8,0,8,0,0
N3-upstream-qwen3vl8b,initial,C,S1,B,reference_early,0,0,0,,0,0,0,0,0,0
N3-upstream-qwen3vl8b,initial,C,S1,B,reference_late,0,0,0,,0,0,0,0,0,0
N3-upstream-qwen3vl8b,initial,C,S3,TOP,DIR,8,8,8,1.0,0,8,0,8,0,0
N3-upstream-qwen3vl8b,initial,C,S3,TOP,RF,8,8,8,1.0,0,8,0,8,0,0
N3-upstream-qwen3vl8b,initial,C,S3,TOP,TF,8,8,8,1.0,0,8,0,8,0,0
N3-upstream-qwen3vl8b,initial,C,S3,TOP,reference_early,0,0,0,,0,0,0,0,0,0
N3-upstream-qwen3vl8b,initial,C,S3,TOP,reference_late,0,0,0,,0,0,0,0,0,0
N3-upstream-qwen3vl8b,initial,C,S3,L,DIR,8,8,8,1.0,0,8,0,8,0,0
N3-upstream-qwen3vl8b,initial,C,S3,L,RF,8,8,8,1.0,0,8,0,8,0,0
N3-upstream-qwen3vl8b,initial,C,S3,L,TF,8,8,8,1.0,0,8,0,8,0,0
N3-upstream-qwen3vl8b,initial,C,S3,L,reference_early,0,0,0,,0,0,0,0,0,0
N3-upstream-qwen3vl8b,initial,C,S3,L,reference_late,0,0,0,,0,0,0,0,0,0
N3-upstream-qwen3vl8b,initial,C,S3,R,DIR,8,7,0,0.0,7,0,0,8,0,0
N3-upstream-qwen3vl8b,initial,C,S3,R,RF,8,7,0,0.0,7,0,0,8,0,0
N3-upstream-qwen3vl8b,initial,C,S3,R,TF,8,7,0,0.0,7,0,0,8,0,0
N3-upstream-qwen3vl8b,initial,C,S3,R,reference_early,0,0,0,,0,0,0,0,0,0
N3-upstream-qwen3vl8b,initial,C,S3,R,reference_late,0,0,0,,0,0,0,0,0,0
N3-upstream-qwen3vl8b,initial,C,S4,TOP,DIR,8,8,8,1.0,0,8,0,8,0,0
N3-upstream-qwen3vl8b,initial,C,S4,TOP,RF,8,8,8,1.0,0,8,0,8,0,0
N3-upstream-qwen3vl8b,initial,C,S4,TOP,TF,8,8,8,1.0,0,8,0,8,0,0
N3-upstream-qwen3vl8b,initial,C,S4,TOP,reference_early,0,0,0,,0,0,0,0,0,0
N3-upstream-qwen3vl8b,initial,C,S4,TOP,reference_late,0,0,0,,0,0,0,0,0,0
N3-upstream-qwen3vl8b,initial,C,S4,L,DIR,8,7,0,0.0,7,0,0,8,0,0
N3-upstream-qwen3vl8b,initial,C,S4,L,RF,8,7,0,0.0,7,0,0,8,0,0
N3-upstream-qwen3vl8b,initial,C,S4,L,TF,8,7,0,0.0,7,0,0,8,0,0
N3-upstream-qwen3vl8b,initial,C,S4,L,reference_early,0,0,0,,0,0,0,0,0,0
N3-upstream-qwen3vl8b,initial,C,S4,L,reference_late,0,0,0,,0,0,0,0,0,0
N3-upstream-qwen3vl8b,initial,C,S4,R,DIR,8,8,8,1.0,0,8,0,8,0,0
N3-upstream-qwen3vl8b,initial,C,S4,R,RF,8,8,8,1.0,0,8,0,8,0,0
N3-upstream-qwen3vl8b,initial,C,S4,R,TF,8,8,8,1.0,0,8,0,8,0,0
N3-upstream-qwen3vl8b,initial,C,S4,R,reference_early,0,0,0,,0,0,0,0,0,0
N3-upstream-qwen3vl8b,initial,C,S4,R,reference_late,0,0,0,,0,0,0,0,0,0
N3-upstream-qwen3vl8b,initial,C,S5,LR,DIR,8,8,8,1.0,0,8,0,8,0,0
N3-upstream-qwen3vl8b,initial,C,S5,LR,RF,8,8,8,1.0,0,8,0,8,0,0
N3-upstream-qwen3vl8b,initial,C,S5,LR,TF,8,8,8,1.0,0,8,0,8,0,0
N3-upstream-qwen3vl8b,initial,C,S5,RL,DIR,8,8,8,1.0,0,8,0,8,0,0
N3-upstream-qwen3vl8b,initial,C,S5,RL,RF,8,8,8,1.0,0,8,0,8,0,0
N3-upstream-qwen3vl8b,initial,C,S5,RL,TF,8,8,8,1.0,0,8,0,8,0,0
N3-upstream-qwen3vl8b,secondary,A,S1,L,reference_subject,16,16,14,0.875,2,14,4,12,0,0
N3-upstream-qwen3vl8b,secondary,A,S1,L,target_subject,16,16,6,0.375,2,14,12,4,0,0
N3-upstream-qwen3vl8b,secondary,A,S1,R,reference_subject,16,16,11,0.6875,12,4,11,5,0,0
N3-upstream-qwen3vl8b,secondary,A,S1,R,target_subject,16,16,12,0.75,12,4,12,4,0,0
N3-upstream-qwen3vl8b,secondary,A,S1,F,reference_subject,16,16,14,0.875,0,16,2,14,0,0
N3-upstream-qwen3vl8b,secondary,A,S1,F,target_subject,16,16,4,0.25,0,16,12,4,0,0
N3-upstream-qwen3vl8b,secondary,A,S1,B,reference_subject,16,16,14,0.875,2,14,0,16,0,0
N3-upstream-qwen3vl8b,secondary,A,S1,B,target_subject,16,16,8,0.5,2,14,6,10,0,0
N3-upstream-qwen3vl8b,secondary,A,S3,TOP,reference_subject,16,16,16,1.0,2,14,2,14,0,0
N3-upstream-qwen3vl8b,secondary,A,S3,TOP,target_subject,16,16,15,0.9375,2,14,1,15,0,0
N3-upstream-qwen3vl8b,secondary,A,S3,L,reference_subject,16,16,2,0.125,0,16,14,2,0,0
N3-upstream-qwen3vl8b,secondary,A,S3,L,target_subject,16,16,2,0.125,0,16,14,2,0,0
N3-upstream-qwen3vl8b,secondary,A,S3,R,reference_subject,16,11,6,0.5454545454545454,7,4,14,2,0,0
N3-upstream-qwen3vl8b,secondary,A,S3,R,target_subject,16,11,5,0.45454545454545453,7,4,12,4,0,0
N3-upstream-qwen3vl8b,secondary,A,S4,TOP,reference_subject,16,16,15,0.9375,1,15,0,16,0,0
N3-upstream-qwen3vl8b,secondary,A,S4,TOP,target_subject,16,16,15,0.9375,1,15,0,16,0,0
N3-upstream-qwen3vl8b,secondary,A,S4,L,reference_subject,16,14,7,0.5,7,7,14,2,0,0
N3-upstream-qwen3vl8b,secondary,A,S4,L,target_subject,16,14,7,0.5,7,7,16,0,0,0
N3-upstream-qwen3vl8b,secondary,A,S4,R,reference_subject,16,16,5,0.3125,5,11,16,0,0,0
N3-upstream-qwen3vl8b,secondary,A,S4,R,target_subject,16,16,5,0.3125,5,11,16,0,0,0
N3-upstream-qwen3vl8b,secondary,A,S5,LR,reference_subject,16,13,6,0.46153846153846156,3,10,8,8,0,0
N3-upstream-qwen3vl8b,secondary,A,S5,LR,target_subject,16,13,11,0.8461538461538461,3,10,5,11,0,0
N3-upstream-qwen3vl8b,secondary,A,S5,RL,reference_subject,16,13,11,0.8461538461538461,3,10,5,11,0,0
N3-upstream-qwen3vl8b,secondary,A,S5,RL,target_subject,16,13,10,0.7692307692307693,3,10,2,14,0,0
N3-upstream-qwen3vl8b,secondary,C,S1,L,DIR,16,14,13,0.9285714285714286,1,13,0,16,0,0
N3-upstream-qwen3vl8b,secondary,C,S1,L,RF,16,14,13,0.9285714285714286,1,13,0,16,0,0
N3-upstream-qwen3vl8b,secondary,C,S1,L,TF,16,14,13,0.9285714285714286,1,13,0,16,0,0
N3-upstream-qwen3vl8b,secondary,C,S1,R,DIR,16,14,3,0.21428571428571427,11,3,0,16,0,0
N3-upstream-qwen3vl8b,secondary,C,S1,R,RF,16,14,3,0.21428571428571427,11,3,0,16,0,0
N3-upstream-qwen3vl8b,secondary,C,S1,R,TF,16,14,3,0.21428571428571427,11,3,0,16,0,0
N3-upstream-qwen3vl8b,secondary,C,S1,F,DIR,16,14,14,1.0,0,14,0,16,0,0
N3-upstream-qwen3vl8b,secondary,C,S1,F,RF,16,14,14,1.0,0,14,0,16,0,0
N3-upstream-qwen3vl8b,secondary,C,S1,F,TF,16,14,14,1.0,0,14,0,16,0,0
N3-upstream-qwen3vl8b,secondary,C,S1,B,DIR,16,14,12,0.8571428571428571,2,12,0,16,0,0
N3-upstream-qwen3vl8b,secondary,C,S1,B,RF,16,14,12,0.8571428571428571,2,12,0,16,0,0
N3-upstream-qwen3vl8b,secondary,C,S1,B,TF,16,14,12,0.8571428571428571,2,12,0,16,0,0
N3-upstream-qwen3vl8b,secondary,C,S3,TOP,DIR,16,13,11,0.8461538461538461,2,11,0,16,0,0
N3-upstream-qwen3vl8b,secondary,C,S3,TOP,RF,16,13,11,0.8461538461538461,2,11,0,16,0,0
N3-upstream-qwen3vl8b,secondary,C,S3,TOP,TF,16,13,11,0.8461538461538461,2,11,0,16,0,0
N3-upstream-qwen3vl8b,secondary,C,S3,L,DIR,16,13,13,1.0,0,13,1,15,0,0
N3-upstream-qwen3vl8b,secondary,C,S3,L,RF,16,13,13,1.0,0,13,0,16,0,0
N3-upstream-qwen3vl8b,secondary,C,S3,L,TF,16,13,13,1.0,0,13,0,16,0,0
N3-upstream-qwen3vl8b,secondary,C,S3,R,DIR,16,10,4,0.4,6,4,0,16,0,0
N3-upstream-qwen3vl8b,secondary,C,S3,R,RF,16,10,4,0.4,6,4,0,16,0,0
N3-upstream-qwen3vl8b,secondary,C,S3,R,TF,16,10,4,0.4,6,4,0,16,0,0
N3-upstream-qwen3vl8b,secondary,C,S4,TOP,DIR,16,10,10,1.0,0,10,0,16,0,0
N3-upstream-qwen3vl8b,secondary,C,S4,TOP,RF,16,10,10,1.0,0,10,0,16,0,0
N3-upstream-qwen3vl8b,secondary,C,S4,TOP,TF,16,10,10,1.0,0,10,0,16,0,0
N3-upstream-qwen3vl8b,secondary,C,S4,L,DIR,16,8,2,0.25,6,2,0,16,0,0
N3-upstream-qwen3vl8b,secondary,C,S4,L,RF,16,8,2,0.25,6,2,0,16,0,0
N3-upstream-qwen3vl8b,secondary,C,S4,L,TF,16,8,2,0.25,6,2,0,16,0,0
N3-upstream-qwen3vl8b,secondary,C,S4,R,DIR,16,10,8,0.8,2,8,0,16,0,0
N3-upstream-qwen3vl8b,secondary,C,S4,R,RF,16,10,8,0.8,2,8,0,16,0,0
N3-upstream-qwen3vl8b,secondary,C,S4,R,TF,16,10,8,0.8,2,8,0,16,0,0
N3-upstream-qwen3vl8b,secondary,C,S5,LR,DIR,16,9,6,0.6666666666666666,2,7,2,14,0,0
N3-upstream-qwen3vl8b,secondary,C,S5,LR,RF,16,9,7,0.7777777777777778,2,7,0,16,0,0
N3-upstream-qwen3vl8b,secondary,C,S5,LR,TF,16,9,7,0.7777777777777778,2,7,0,16,0,0
N3-upstream-qwen3vl8b,secondary,C,S5,RL,DIR,16,9,7,0.7777777777777778,2,7,4,12,0,0
N3-upstream-qwen3vl8b,secondary,C,S5,RL,RF,16,9,9,1.0,0,9,0,16,0,0
N3-upstream-qwen3vl8b,secondary,C,S5,RL,TF,16,9,6,0.6666666666666666,2,7,1,15,0,0
