bank,test,scene,goal,form,proposed,answerable,gold_yes,gold_no,within_goal_label_variation
initial,A,S1,B,reference_subject,8,8,0,8,False
initial,A,S1,B,target_subject,8,8,0,8,False
initial,A,S1,F,reference_subject,8,8,0,8,False
initial,A,S1,F,target_subject,8,8,0,8,False
initial,A,S1,L,reference_subject,8,8,0,8,False
initial,A,S1,L,target_subject,8,8,0,8,False
initial,A,S1,R,reference_subject,8,8,8,0,False
initial,A,S1,R,target_subject,8,8,8,0,False
initial,A,S3,L,reference_subject,8,8,0,8,False
initial,A,S3,L,target_subject,8,8,0,8,False
initial,A,S3,R,reference_subject,8,7,7,0,False
initial,A,S3,R,target_subject,8,7,7,0,False
initial,A,S3,TOP,reference_subject,8,8,0,8,False
initial,A,S3,TOP,target_subject,8,8,0,8,False
initial,A,S4,L,reference_subject,8,7,7,0,False
initial,A,S4,L,target_subject,8,7,7,0,False
initial,A,S4,R,reference_subject,8,8,0,8,False
initial,A,S4,R,target_subject,8,8,0,8,False
initial,A,S4,TOP,reference_subject,8,8,0,8,False
initial,A,S4,TOP,target_subject,8,8,0,8,False
initial,A,S5,LR,reference_subject,8,8,0,8,False
initial,A,S5,LR,target_subject,8,8,0,8,False
initial,A,S5,RL,reference_subject,8,8,0,8,False
initial,A,S5,RL,target_subject,8,8,0,8,False
initial,C,S1,B,DIR,8,8,0,8,False
initial,C,S1,B,RF,8,8,0,8,False
initial,C,S1,B,TF,8,8,0,8,False
initial,C,S1,F,DIR,8,8,0,8,False
initial,C,S1,F,RF,8,8,0,8,False
initial,C,S1,F,TF,8,8,0,8,False
initial,C,S1,L,DIR,8,8,0,8,False
initial,C,S1,L,RF,8,8,0,8,False
initial,C,S1,L,TF,8,8,0,8,False
initial,C,S1,R,DIR,8,8,8,0,False
initial,C,S1,R,RF,8,8,8,0,False
initial,C,S1,R,TF,8,8,8,0,False
initial,C,S3,L,DIR,8,8,0,8,False
initial,C,S3,L,RF,8,8,0,8,False
initial,C,S3,L,TF,8,8,0,8,False
initial,C,S3,R,DIR,8,7,7,0,False
initial,C,S3,R,RF,8,7,7,0,False
initial,C,S3,R,TF,8,7,7,0,False
initial,C,S3,TOP,DIR,8,8,0,8,False
initial,C,S3,TOP,RF,8,8,0,8,False
initial,C,S3,TOP,TF,8,8,0,8,False
initial,C,S4,L,DIR,8,7,7,0,False
initial,C,S4,L,RF,8,7,7,0,False
initial,C,S4,L,TF,8,7,7,0,False
initial,C,S4,R,DIR,8,8,0,8,False
initial,C,S4,R,RF,8,8,0,8,False
initial,C,S4,R,TF,8,8,0,8,False
initial,C,S4,TOP,DIR,8,8,0,8,False
initial,C,S4,TOP,RF,8,8,0,8,False
initial,C,S4,TOP,TF,8,8,0,8,False
initial,C,S5,LR,DIR,8,8,0,8,False
initial,C,S5,LR,RF,8,8,0,8,False
initial,C,S5,LR,TF,8,8,0,8,False
initial,C,S5,RL,DIR,8,8,0,8,False
initial,C,S5,RL,RF,8,8,0,8,False
initial,C,S5,RL,TF,8,8,0,8,False
secondary,A,S1,B,reference_subject,16,16,2,14,True
secondary,A,S1,B,target_subject,16,16,2,14,True
secondary,A,S1,F,reference_subject,16,16,0,16,False
secondary,A,S1,F,target_subject,16,16,0,16,False
secondary,A,S1,L,reference_subject,16,16,2,14,True
secondary,A,S1,L,target_subject,16,16,2,14,True
secondary,A,S1,R,reference_subject,16,16,12,4,True
secondary,A,S1,R,target_subject,16,16,12,4,True
secondary,A,S3,L,reference_subject,16,16,0,16,False
secondary,A,S3,L,target_subject,16,16,0,16,False
secondary,A,S3,R,reference_subject,16,11,7,4,True
secondary,A,S3,R,target_subject,16,11,7,4,True
secondary,A,S3,TOP,reference_subject,16,16,2,14,True
secondary,A,S3,TOP,target_subject,16,16,2,14,True
secondary,A,S4,L,reference_subject,16,14,7,7,True
secondary,A,S4,L,target_subject,16,14,7,7,True
secondary,A,S4,R,reference_subject,16,16,5,11,True
secondary,A,S4,R,target_subject,16,16,5,11,True
secondary,A,S4,TOP,reference_subject,16,16,1,15,True
secondary,A,S4,TOP,target_subject,16,16,1,15,True
secondary,A,S5,LR,reference_subject,16,13,3,10,True
secondary,A,S5,LR,target_subject,16,13,3,10,True
secondary,A,S5,RL,reference_subject,16,13,3,10,True
secondary,A,S5,RL,target_subject,16,13,3,10,True
secondary,C,S1,B,DIR,16,14,2,12,True
secondary,C,S1,B,RF,16,14,2,12,True
secondary,C,S1,B,TF,16,14,2,12,True
secondary,C,S1,F,DIR,16,14,0,14,False
secondary,C,S1,F,RF,16,14,0,14,False
secondary,C,S1,F,TF,16,14,0,14,False
secondary,C,S1,L,DIR,16,14,1,13,True
secondary,C,S1,L,RF,16,14,1,13,True
secondary,C,S1,L,TF,16,14,1,13,True
secondary,C,S1,R,DIR,16,14,11,3,True
secondary,C,S1,R,RF,16,14,11,3,True
secondary,C,S1,R,TF,16,14,11,3,True
secondary,C,S3,L,DIR,16,13,0,13,False
secondary,C,S3,L,RF,16,13,0,13,False
secondary,C,S3,L,TF,16,13,0,13,False
secondary,C,S3,R,DIR,16,10,6,4,True
secondary,C,S3,R,RF,16,10,6,4,True
secondary,C,S3,R,TF,16,10,6,4,True
secondary,C,S3,TOP,DIR,16,13,2,11,True
secondary,C,S3,TOP,RF,16,13,2,11,True
secondary,C,S3,TOP,TF,16,13,2,11,True
secondary,C,S4,L,DIR,16,8,6,2,True
secondary,C,S4,L,RF,16,8,6,2,True
secondary,C,S4,L,TF,16,8,6,2,True
secondary,C,S4,R,DIR,16,10,2,8,True
secondary,C,S4,R,RF,16,10,2,8,True
secondary,C,S4,R,TF,16,10,2,8,True
secondary,C,S4,TOP,DIR,16,10,0,10,False
secondary,C,S4,TOP,RF,16,10,0,10,False
secondary,C,S4,TOP,TF,16,10,0,10,False
secondary,C,S5,LR,DIR,16,9,2,7,True
secondary,C,S5,LR,RF,16,9,2,7,True
secondary,C,S5,LR,TF,16,9,2,7,True
secondary,C,S5,RL,DIR,16,9,2,7,True
secondary,C,S5,RL,RF,16,9,0,9,False
secondary,C,S5,RL,TF,16,9,2,7,True
