episode_id,model_id,scene_id,state_slot,goal_id,form,stratum_original,initial_goal_true_registry,stratum_corrected,stable_ever,stable_at_final
RWS-E3-S1-C01-B-D,E3,S1,S1-C01,B,D,achievement,False,achievement,False,False
RWS-E3-S1-C01-B-I,E3,S1,S1-C01,B,I,achievement,False,achievement,False,False
RWS-E3-S1-C01-B-S,E3,S1,S1-C01,B,S,achievement,False,achievement,False,False
RWS-E3-S1-C01-F-D,E3,S1,S1-C01,F,D,achievement,False,achievement,False,False
RWS-E3-S1-C01-F-I,E3,S1,S1-C01,F,I,achievement,False,achievement,False,False
RWS-E3-S1-C01-F-S,E3,S1,S1-C01,F,S,achievement,False,achievement,False,False
RWS-E3-S1-C01-L-D,E3,S1,S1-C01,L,D,achievement,False,achievement,False,False
RWS-E3-S1-C01-L-I,E3,S1,S1-C01,L,I,achievement,False,achievement,False,False
RWS-E3-S1-C01-L-S,E3,S1,S1-C01,L,S,achievement,False,achievement,False,False
RWS-E3-S1-C01-R-D,E3,S1,S1-C01,R,D,maintenance,True,maintenance,True,False
RWS-E3-S1-C01-R-I,E3,S1,S1-C01,R,I,maintenance,True,maintenance,True,False
RWS-E3-S1-C01-R-S,E3,S1,S1-C01,R,S,maintenance,True,maintenance,True,True
RWS-E3-S1-C02-B-D,E3,S1,S1-C02,B,D,achievement,False,achievement,True,False
RWS-E3-S1-C02-B-I,E3,S1,S1-C02,B,I,achievement,False,achievement,False,False
RWS-E3-S1-C02-B-S,E3,S1,S1-C02,B,S,achievement,False,achievement,False,False
RWS-E3-S1-C02-F-D,E3,S1,S1-C02,F,D,achievement,False,achievement,False,False
RWS-E3-S1-C02-F-I,E3,S1,S1-C02,F,I,achievement,False,achievement,False,False
RWS-E3-S1-C02-F-S,E3,S1,S1-C02,F,S,achievement,False,achievement,True,False
RWS-E3-S1-C02-L-D,E3,S1,S1-C02,L,D,achievement,False,achievement,False,False
RWS-E3-S1-C02-L-I,E3,S1,S1-C02,L,I,achievement,False,achievement,False,False
RWS-E3-S1-C02-L-S,E3,S1,S1-C02,L,S,achievement,False,achievement,False,False
RWS-E3-S1-C02-R-D,E3,S1,S1-C02,R,D,achievement,True,maintenance,True,True
RWS-E3-S1-C02-R-I,E3,S1,S1-C02,R,I,maintenance,True,maintenance,True,False
RWS-E3-S1-C02-R-S,E3,S1,S1-C02,R,S,achievement,True,maintenance,True,False
RWS-E3-S1-C03-B-D,E3,S1,S1-C03,B,D,achievement,False,achievement,False,False
RWS-E3-S1-C03-B-I,E3,S1,S1-C03,B,I,achievement,False,achievement,False,False
RWS-E3-S1-C03-B-S,E3,S1,S1-C03,B,S,achievement,False,achievement,False,False
RWS-E3-S1-C03-F-D,E3,S1,S1-C03,F,D,achievement,False,achievement,False,False
RWS-E3-S1-C03-F-I,E3,S1,S1-C03,F,I,achievement,False,achievement,False,False
RWS-E3-S1-C03-F-S,E3,S1,S1-C03,F,S,achievement,False,achievement,False,False
RWS-E3-S1-C03-L-D,E3,S1,S1-C03,L,D,achievement,False,achievement,True,False
RWS-E3-S1-C03-L-I,E3,S1,S1-C03,L,I,achievement,False,achievement,False,False
RWS-E3-S1-C03-L-S,E3,S1,S1-C03,L,S,achievement,False,achievement,True,False
RWS-E3-S1-C03-R-D,E3,S1,S1-C03,R,D,maintenance,True,maintenance,True,False
RWS-E3-S1-C03-R-I,E3,S1,S1-C03,R,I,achievement,True,maintenance,True,False
RWS-E3-S1-C03-R-S,E3,S1,S1-C03,R,S,maintenance,True,maintenance,True,False
RWS-E3-S1-C04-B-D,E3,S1,S1-C04,B,D,achievement,False,achievement,False,False
RWS-E3-S1-C04-B-I,E3,S1,S1-C04,B,I,achievement,False,achievement,False,False
RWS-E3-S1-C04-B-S,E3,S1,S1-C04,B,S,achievement,False,achievement,False,False
RWS-E3-S1-C04-F-D,E3,S1,S1-C04,F,D,achievement,False,achievement,False,False
RWS-E3-S1-C04-F-I,E3,S1,S1-C04,F,I,achievement,False,achievement,False,False
RWS-E3-S1-C04-F-S,E3,S1,S1-C04,F,S,achievement,False,achievement,False,False
RWS-E3-S1-C04-L-D,E3,S1,S1-C04,L,D,achievement,False,achievement,False,False
RWS-E3-S1-C04-L-I,E3,S1,S1-C04,L,I,achievement,False,achievement,False,False
RWS-E3-S1-C04-L-S,E3,S1,S1-C04,L,S,achievement,False,achievement,False,False
RWS-E3-S1-C04-R-D,E3,S1,S1-C04,R,D,achievement,True,maintenance,True,False
RWS-E3-S1-C04-R-I,E3,S1,S1-C04,R,I,achievement,True,maintenance,True,False
RWS-E3-S1-C04-R-S,E3,S1,S1-C04,R,S,maintenance,True,maintenance,True,False
RWS-E3-S1-C05-B-D,E3,S1,S1-C05,B,D,achievement,False,achievement,False,False
RWS-E3-S1-C05-B-I,E3,S1,S1-C05,B,I,achievement,False,achievement,False,False
RWS-E3-S1-C05-B-S,E3,S1,S1-C05,B,S,achievement,False,achievement,False,False
RWS-E3-S1-C05-F-D,E3,S1,S1-C05,F,D,achievement,False,achievement,False,False
RWS-E3-S1-C05-F-I,E3,S1,S1-C05,F,I,achievement,False,achievement,False,False
RWS-E3-S1-C05-F-S,E3,S1,S1-C05,F,S,achievement,False,achievement,False,False
RWS-E3-S1-C05-L-D,E3,S1,S1-C05,L,D,achievement,False,achievement,True,False
RWS-E3-S1-C05-L-I,E3,S1,S1-C05,L,I,achievement,False,achievement,False,False
RWS-E3-S1-C05-L-S,E3,S1,S1-C05,L,S,achievement,False,achievement,False,False
RWS-E3-S1-C05-R-D,E3,S1,S1-C05,R,D,achievement,True,maintenance,True,False
RWS-E3-S1-C05-R-I,E3,S1,S1-C05,R,I,achievement,True,maintenance,True,False
RWS-E3-S1-C05-R-S,E3,S1,S1-C05,R,S,maintenance,True,maintenance,True,False
RWS-E3-S1-C06-B-D,E3,S1,S1-C06,B,D,achievement,False,achievement,False,False
RWS-E3-S1-C06-B-I,E3,S1,S1-C06,B,I,achievement,False,achievement,False,False
RWS-E3-S1-C06-B-S,E3,S1,S1-C06,B,S,achievement,False,achievement,False,False
RWS-E3-S1-C06-F-D,E3,S1,S1-C06,F,D,achievement,False,achievement,False,False
RWS-E3-S1-C06-F-I,E3,S1,S1-C06,F,I,achievement,False,achievement,False,False
RWS-E3-S1-C06-F-S,E3,S1,S1-C06,F,S,achievement,False,achievement,False,False
RWS-E3-S1-C06-L-D,E3,S1,S1-C06,L,D,achievement,False,achievement,True,True
RWS-E3-S1-C06-L-I,E3,S1,S1-C06,L,I,achievement,False,achievement,False,False
RWS-E3-S1-C06-L-S,E3,S1,S1-C06,L,S,achievement,False,achievement,True,True
RWS-E3-S1-C06-R-D,E3,S1,S1-C06,R,D,achievement,True,maintenance,True,True
RWS-E3-S1-C06-R-I,E3,S1,S1-C06,R,I,maintenance,True,maintenance,True,False
RWS-E3-S1-C06-R-S,E3,S1,S1-C06,R,S,maintenance,True,maintenance,True,True
RWS-E3-S1-C07-B-D,E3,S1,S1-C07,B,D,achievement,False,achievement,False,False
RWS-E3-S1-C07-B-I,E3,S1,S1-C07,B,I,achievement,False,achievement,False,False
RWS-E3-S1-C07-B-S,E3,S1,S1-C07,B,S,achievement,False,achievement,False,False
RWS-E3-S1-C07-F-D,E3,S1,S1-C07,F,D,achievement,False,achievement,False,False
RWS-E3-S1-C07-F-I,E3,S1,S1-C07,F,I,achievement,False,achievement,False,False
RWS-E3-S1-C07-F-S,E3,S1,S1-C07,F,S,achievement,False,achievement,False,False
RWS-E3-S1-C07-L-D,E3,S1,S1-C07,L,D,achievement,False,achievement,False,False
RWS-E3-S1-C07-L-I,E3,S1,S1-C07,L,I,achievement,False,achievement,False,False
RWS-E3-S1-C07-L-S,E3,S1,S1-C07,L,S,achievement,False,achievement,False,False
RWS-E3-S1-C07-R-D,E3,S1,S1-C07,R,D,maintenance,True,maintenance,True,True
RWS-E3-S1-C07-R-I,E3,S1,S1-C07,R,I,maintenance,True,maintenance,True,False
RWS-E3-S1-C07-R-S,E3,S1,S1-C07,R,S,maintenance,True,maintenance,True,True
RWS-E3-S1-C08-B-D,E3,S1,S1-C08,B,D,achievement,False,achievement,False,False
RWS-E3-S1-C08-B-I,E3,S1,S1-C08,B,I,achievement,False,achievement,False,False
RWS-E3-S1-C08-B-S,E3,S1,S1-C08,B,S,achievement,False,achievement,False,False
RWS-E3-S1-C08-F-D,E3,S1,S1-C08,F,D,achievement,False,achievement,False,False
RWS-E3-S1-C08-F-I,E3,S1,S1-C08,F,I,achievement,False,achievement,False,False
RWS-E3-S1-C08-F-S,E3,S1,S1-C08,F,S,achievement,False,achievement,False,False
RWS-E3-S1-C08-L-D,E3,S1,S1-C08,L,D,achievement,False,achievement,False,False
RWS-E3-S1-C08-L-I,E3,S1,S1-C08,L,I,achievement,False,achievement,False,False
RWS-E3-S1-C08-L-S,E3,S1,S1-C08,L,S,achievement,False,achievement,False,False
RWS-E3-S1-C08-R-D,E3,S1,S1-C08,R,D,achievement,True,maintenance,True,True
RWS-E3-S1-C08-R-I,E3,S1,S1-C08,R,I,maintenance,True,maintenance,True,False
RWS-E3-S1-C08-R-S,E3,S1,S1-C08,R,S,achievement,True,maintenance,True,False
RWS-E3-S3-C01-L-D,E3,S3,S3-C01,L,D,achievement,False,achievement,False,False
RWS-E3-S3-C01-L-I,E3,S3,S3-C01,L,I,achievement,False,achievement,False,False
RWS-E3-S3-C01-L-S,E3,S3,S3-C01,L,S,achievement,False,achievement,False,False
RWS-E3-S3-C01-R-D,E3,S3,S3-C01,R,D,maintenance,True,maintenance,True,True
RWS-E3-S3-C01-R-I,E3,S3,S3-C01,R,I,maintenance,True,maintenance,True,True
RWS-E3-S3-C01-R-S,E3,S3,S3-C01,R,S,achievement,True,maintenance,True,True
RWS-E3-S3-C01-TOP-D,E3,S3,S3-C01,TOP,D,achievement,False,achievement,False,False
RWS-E3-S3-C01-TOP-I,E3,S3,S3-C01,TOP,I,achievement,False,achievement,False,False
RWS-E3-S3-C01-TOP-S,E3,S3,S3-C01,TOP,S,achievement,False,achievement,False,False
RWS-E3-S3-C02-L-D,E3,S3,S3-C02,L,D,achievement,False,achievement,False,False
RWS-E3-S3-C02-L-I,E3,S3,S3-C02,L,I,achievement,False,achievement,False,False
RWS-E3-S3-C02-L-S,E3,S3,S3-C02,L,S,achievement,False,achievement,False,False
RWS-E3-S3-C02-R-D,E3,S3,S3-C02,R,D,maintenance,True,maintenance,True,False
RWS-E3-S3-C02-R-I,E3,S3,S3-C02,R,I,achievement,True,maintenance,True,True
RWS-E3-S3-C02-R-S,E3,S3,S3-C02,R,S,maintenance,True,maintenance,True,True
RWS-E3-S3-C02-TOP-D,E3,S3,S3-C02,TOP,D,achievement,False,achievement,True,False
RWS-E3-S3-C02-TOP-I,E3,S3,S3-C02,TOP,I,achievement,False,achievement,False,False
RWS-E3-S3-C02-TOP-S,E3,S3,S3-C02,TOP,S,achievement,False,achievement,False,False
RWS-E3-S3-C03-L-D,E3,S3,S3-C03,L,D,achievement,False,achievement,False,False
RWS-E3-S3-C03-L-I,E3,S3,S3-C03,L,I,achievement,False,achievement,False,False
RWS-E3-S3-C03-L-S,E3,S3,S3-C03,L,S,achievement,False,achievement,False,False
RWS-E3-S3-C03-R-D,E3,S3,S3-C03,R,D,maintenance,True,maintenance,True,False
RWS-E3-S3-C03-R-I,E3,S3,S3-C03,R,I,maintenance,True,maintenance,True,True
RWS-E3-S3-C03-R-S,E3,S3,S3-C03,R,S,achievement,True,maintenance,True,False
RWS-E3-S3-C03-TOP-D,E3,S3,S3-C03,TOP,D,achievement,False,achievement,False,False
RWS-E3-S3-C03-TOP-I,E3,S3,S3-C03,TOP,I,achievement,False,achievement,False,False
RWS-E3-S3-C03-TOP-S,E3,S3,S3-C03,TOP,S,achievement,False,achievement,False,False
RWS-E3-S3-C04-L-D,E3,S3,S3-C04,L,D,achievement,False,achievement,False,False
RWS-E3-S3-C04-L-I,E3,S3,S3-C04,L,I,achievement,False,achievement,False,False
RWS-E3-S3-C04-L-S,E3,S3,S3-C04,L,S,achievement,False,achievement,False,False
RWS-E3-S3-C04-R-D,E3,S3,S3-C04,R,D,maintenance,True,maintenance,True,True
RWS-E3-S3-C04-R-I,E3,S3,S3-C04,R,I,maintenance,True,maintenance,True,True
RWS-E3-S3-C04-R-S,E3,S3,S3-C04,R,S,maintenance,True,maintenance,True,False
RWS-E3-S3-C04-TOP-D,E3,S3,S3-C04,TOP,D,achievement,False,achievement,True,True
RWS-E3-S3-C04-TOP-I,E3,S3,S3-C04,TOP,I,achievement,False,achievement,False,False
RWS-E3-S3-C04-TOP-S,E3,S3,S3-C04,TOP,S,achievement,False,achievement,False,False
RWS-E3-S3-C05-L-D,E3,S3,S3-C05,L,D,achievement,False,achievement,False,False
RWS-E3-S3-C05-L-I,E3,S3,S3-C05,L,I,achievement,False,achievement,False,False
RWS-E3-S3-C05-L-S,E3,S3,S3-C05,L,S,achievement,False,achievement,False,False
RWS-E3-S3-C05-R-D,E3,S3,S3-C05,R,D,maintenance,True,maintenance,True,True
RWS-E3-S3-C05-R-I,E3,S3,S3-C05,R,I,maintenance,True,maintenance,True,True
RWS-E3-S3-C05-R-S,E3,S3,S3-C05,R,S,maintenance,True,maintenance,True,False
RWS-E3-S3-C05-TOP-D,E3,S3,S3-C05,TOP,D,achievement,False,achievement,False,False
RWS-E3-S3-C05-TOP-I,E3,S3,S3-C05,TOP,I,achievement,False,achievement,False,False
RWS-E3-S3-C05-TOP-S,E3,S3,S3-C05,TOP,S,achievement,False,achievement,False,False
RWS-E3-S3-C06-L-D,E3,S3,S3-C06,L,D,achievement,False,achievement,False,False
RWS-E3-S3-C06-L-I,E3,S3,S3-C06,L,I,achievement,False,achievement,False,False
RWS-E3-S3-C06-L-S,E3,S3,S3-C06,L,S,achievement,False,achievement,False,False
RWS-E3-S3-C06-R-D,E3,S3,S3-C06,R,D,maintenance,True,maintenance,True,True
RWS-E3-S3-C06-R-I,E3,S3,S3-C06,R,I,maintenance,True,maintenance,True,True
RWS-E3-S3-C06-R-S,E3,S3,S3-C06,R,S,maintenance,True,maintenance,True,False
RWS-E3-S3-C06-TOP-D,E3,S3,S3-C06,TOP,D,achievement,False,achievement,False,False
RWS-E3-S3-C06-TOP-I,E3,S3,S3-C06,TOP,I,achievement,False,achievement,False,False
RWS-E3-S3-C06-TOP-S,E3,S3,S3-C06,TOP,S,achievement,False,achievement,False,False
RWS-E3-S3-C07-L-D,E3,S3,S3-C07,L,D,achievement,False,achievement,False,False
RWS-E3-S3-C07-L-I,E3,S3,S3-C07,L,I,achievement,False,achievement,False,False
RWS-E3-S3-C07-L-S,E3,S3,S3-C07,L,S,achievement,False,achievement,False,False
RWS-E3-S3-C07-R-D,E3,S3,S3-C07,R,D,maintenance,True,maintenance,True,False
RWS-E3-S3-C07-R-I,E3,S3,S3-C07,R,I,achievement,True,maintenance,True,True
RWS-E3-S3-C07-R-S,E3,S3,S3-C07,R,S,maintenance,True,maintenance,True,True
RWS-E3-S3-C07-TOP-D,E3,S3,S3-C07,TOP,D,achievement,False,achievement,False,False
RWS-E3-S3-C07-TOP-I,E3,S3,S3-C07,TOP,I,achievement,False,achievement,False,False
RWS-E3-S3-C07-TOP-S,E3,S3,S3-C07,TOP,S,achievement,False,achievement,False,False
RWS-E3-S3-C08-L-D,E3,S3,S3-C08,L,D,achievement,False,achievement,False,False
RWS-E3-S3-C08-L-I,E3,S3,S3-C08,L,I,achievement,False,achievement,False,False
RWS-E3-S3-C08-L-S,E3,S3,S3-C08,L,S,achievement,False,achievement,False,False
RWS-E3-S3-C08-R-D,E3,S3,S3-C08,R,D,maintenance,True,maintenance,True,True
RWS-E3-S3-C08-R-I,E3,S3,S3-C08,R,I,maintenance,True,maintenance,True,False
RWS-E3-S3-C08-R-S,E3,S3,S3-C08,R,S,maintenance,True,maintenance,True,False
RWS-E3-S3-C08-TOP-D,E3,S3,S3-C08,TOP,D,achievement,False,achievement,True,True
RWS-E3-S3-C08-TOP-I,E3,S3,S3-C08,TOP,I,achievement,False,achievement,False,False
RWS-E3-S3-C08-TOP-S,E3,S3,S3-C08,TOP,S,achievement,False,achievement,False,False
RWS-E3-S4-C01-L-D,E3,S4,S4-C01,L,D,maintenance,True,maintenance,True,False
RWS-E3-S4-C01-L-I,E3,S4,S4-C01,L,I,maintenance,True,maintenance,True,True
RWS-E3-S4-C01-L-S,E3,S4,S4-C01,L,S,achievement,True,maintenance,True,True
RWS-E3-S4-C01-R-D,E3,S4,S4-C01,R,D,achievement,False,achievement,False,False
RWS-E3-S4-C01-R-I,E3,S4,S4-C01,R,I,achievement,False,achievement,False,False
RWS-E3-S4-C01-R-S,E3,S4,S4-C01,R,S,achievement,False,achievement,False,False
RWS-E3-S4-C01-TOP-D,E3,S4,S4-C01,TOP,D,achievement,False,achievement,False,False
RWS-E3-S4-C01-TOP-I,E3,S4,S4-C01,TOP,I,achievement,False,achievement,False,False
RWS-E3-S4-C01-TOP-S,E3,S4,S4-C01,TOP,S,achievement,False,achievement,False,False
RWS-E3-S4-C02-L-D,E3,S4,S4-C02,L,D,achievement,True,maintenance,True,True
RWS-E3-S4-C02-L-I,E3,S4,S4-C02,L,I,maintenance,True,maintenance,True,False
RWS-E3-S4-C02-L-S,E3,S4,S4-C02,L,S,maintenance,True,maintenance,True,False
RWS-E3-S4-C02-R-D,E3,S4,S4-C02,R,D,achievement,False,achievement,False,False
RWS-E3-S4-C02-R-I,E3,S4,S4-C02,R,I,achievement,False,achievement,False,False
RWS-E3-S4-C02-R-S,E3,S4,S4-C02,R,S,achievement,False,achievement,True,True
RWS-E3-S4-C02-TOP-D,E3,S4,S4-C02,TOP,D,achievement,False,achievement,False,False
RWS-E3-S4-C02-TOP-I,E3,S4,S4-C02,TOP,I,achievement,False,achievement,False,False
RWS-E3-S4-C02-TOP-S,E3,S4,S4-C02,TOP,S,achievement,False,achievement,False,False
RWS-E3-S4-C03-L-D,E3,S4,S4-C03,L,D,maintenance,True,maintenance,True,False
RWS-E3-S4-C03-L-I,E3,S4,S4-C03,L,I,achievement,True,maintenance,True,False
RWS-E3-S4-C03-L-S,E3,S4,S4-C03,L,S,maintenance,True,maintenance,True,False
RWS-E3-S4-C03-R-D,E3,S4,S4-C03,R,D,achievement,False,achievement,True,True
RWS-E3-S4-C03-R-I,E3,S4,S4-C03,R,I,achievement,False,achievement,False,False
RWS-E3-S4-C03-R-S,E3,S4,S4-C03,R,S,achievement,False,achievement,False,False
RWS-E3-S4-C03-TOP-D,E3,S4,S4-C03,TOP,D,achievement,False,achievement,False,False
RWS-E3-S4-C03-TOP-I,E3,S4,S4-C03,TOP,I,achievement,False,achievement,False,False
RWS-E3-S4-C03-TOP-S,E3,S4,S4-C03,TOP,S,achievement,False,achievement,False,False
RWS-E3-S4-C04-L-D,E3,S4,S4-C04,L,D,achievement,True,maintenance,True,False
RWS-E3-S4-C04-L-I,E3,S4,S4-C04,L,I,maintenance,True,maintenance,True,False
RWS-E3-S4-C04-L-S,E3,S4,S4-C04,L,S,maintenance,True,maintenance,True,False
RWS-E3-S4-C04-R-D,E3,S4,S4-C04,R,D,achievement,False,achievement,False,False
RWS-E3-S4-C04-R-I,E3,S4,S4-C04,R,I,achievement,False,achievement,False,False
RWS-E3-S4-C04-R-S,E3,S4,S4-C04,R,S,achievement,False,achievement,True,True
RWS-E3-S4-C04-TOP-D,E3,S4,S4-C04,TOP,D,achievement,False,achievement,False,False
RWS-E3-S4-C04-TOP-I,E3,S4,S4-C04,TOP,I,achievement,False,achievement,False,False
RWS-E3-S4-C04-TOP-S,E3,S4,S4-C04,TOP,S,achievement,False,achievement,False,False
RWS-E3-S4-C05-L-D,E3,S4,S4-C05,L,D,maintenance,True,maintenance,True,True
RWS-E3-S4-C05-L-I,E3,S4,S4-C05,L,I,maintenance,True,maintenance,True,False
RWS-E3-S4-C05-L-S,E3,S4,S4-C05,L,S,maintenance,True,maintenance,True,True
RWS-E3-S4-C05-R-D,E3,S4,S4-C05,R,D,achievement,False,achievement,False,False
RWS-E3-S4-C05-R-I,E3,S4,S4-C05,R,I,achievement,False,achievement,False,False
RWS-E3-S4-C05-R-S,E3,S4,S4-C05,R,S,achievement,False,achievement,False,False
RWS-E3-S4-C05-TOP-D,E3,S4,S4-C05,TOP,D,achievement,False,achievement,False,False
RWS-E3-S4-C05-TOP-I,E3,S4,S4-C05,TOP,I,achievement,False,achievement,False,False
RWS-E3-S4-C05-TOP-S,E3,S4,S4-C05,TOP,S,achievement,False,achievement,False,False
RWS-E3-S4-C06-L-D,E3,S4,S4-C06,L,D,achievement,True,maintenance,True,False
RWS-E3-S4-C06-L-I,E3,S4,S4-C06,L,I,maintenance,True,maintenance,True,True
RWS-E3-S4-C06-L-S,E3,S4,S4-C06,L,S,achievement,True,maintenance,True,False
RWS-E3-S4-C06-R-D,E3,S4,S4-C06,R,D,achievement,False,achievement,True,False
RWS-E3-S4-C06-R-I,E3,S4,S4-C06,R,I,achievement,False,achievement,False,False
RWS-E3-S4-C06-R-S,E3,S4,S4-C06,R,S,achievement,False,achievement,True,True
RWS-E3-S4-C06-TOP-D,E3,S4,S4-C06,TOP,D,achievement,False,achievement,False,False
RWS-E3-S4-C06-TOP-I,E3,S4,S4-C06,TOP,I,achievement,False,achievement,False,False
RWS-E3-S4-C06-TOP-S,E3,S4,S4-C06,TOP,S,achievement,False,achievement,False,False
RWS-E3-S4-C07-L-D,E3,S4,S4-C07,L,D,maintenance,True,maintenance,True,False
RWS-E3-S4-C07-L-I,E3,S4,S4-C07,L,I,maintenance,True,maintenance,True,False
RWS-E3-S4-C07-L-S,E3,S4,S4-C07,L,S,maintenance,True,maintenance,True,True
RWS-E3-S4-C07-R-D,E3,S4,S4-C07,R,D,achievement,False,achievement,True,True
RWS-E3-S4-C07-R-I,E3,S4,S4-C07,R,I,achievement,False,achievement,False,False
RWS-E3-S4-C07-R-S,E3,S4,S4-C07,R,S,achievement,False,achievement,True,True
RWS-E3-S4-C07-TOP-D,E3,S4,S4-C07,TOP,D,achievement,False,achievement,False,False
RWS-E3-S4-C07-TOP-I,E3,S4,S4-C07,TOP,I,achievement,False,achievement,False,False
RWS-E3-S4-C07-TOP-S,E3,S4,S4-C07,TOP,S,achievement,False,achievement,False,False
RWS-E3-S4-C08-L-D,E3,S4,S4-C08,L,D,maintenance,True,maintenance,True,True
RWS-E3-S4-C08-L-I,E3,S4,S4-C08,L,I,maintenance,True,maintenance,True,True
RWS-E3-S4-C08-L-S,E3,S4,S4-C08,L,S,maintenance,True,maintenance,True,True
RWS-E3-S4-C08-R-D,E3,S4,S4-C08,R,D,achievement,False,achievement,True,True
RWS-E3-S4-C08-R-I,E3,S4,S4-C08,R,I,achievement,False,achievement,False,False
RWS-E3-S4-C08-R-S,E3,S4,S4-C08,R,S,achievement,False,achievement,False,False
RWS-E3-S4-C08-TOP-D,E3,S4,S4-C08,TOP,D,achievement,False,achievement,False,False
RWS-E3-S4-C08-TOP-I,E3,S4,S4-C08,TOP,I,achievement,False,achievement,False,False
RWS-E3-S4-C08-TOP-S,E3,S4,S4-C08,TOP,S,achievement,False,achievement,False,False
RWS-E3-S5-C01-LR-D,E3,S5,S5-C01,LR,D,achievement,False,achievement,False,False
RWS-E3-S5-C01-LR-I,E3,S5,S5-C01,LR,I,achievement,False,achievement,False,False
RWS-E3-S5-C01-LR-S,E3,S5,S5-C01,LR,S,achievement,False,achievement,False,False
RWS-E3-S5-C01-RL-D,E3,S5,S5-C01,RL,D,achievement,False,achievement,False,False
RWS-E3-S5-C01-RL-I,E3,S5,S5-C01,RL,I,achievement,False,achievement,False,False
RWS-E3-S5-C01-RL-S,E3,S5,S5-C01,RL,S,achievement,False,achievement,False,False
RWS-E3-S5-C02-LR-D,E3,S5,S5-C02,LR,D,achievement,False,achievement,False,False
RWS-E3-S5-C02-LR-I,E3,S5,S5-C02,LR,I,achievement,False,achievement,False,False
RWS-E3-S5-C02-LR-S,E3,S5,S5-C02,LR,S,achievement,False,achievement,False,False
RWS-E3-S5-C02-RL-D,E3,S5,S5-C02,RL,D,achievement,False,achievement,False,False
RWS-E3-S5-C02-RL-I,E3,S5,S5-C02,RL,I,achievement,False,achievement,False,False
RWS-E3-S5-C02-RL-S,E3,S5,S5-C02,RL,S,achievement,False,achievement,False,False
RWS-E3-S5-C03-LR-D,E3,S5,S5-C03,LR,D,achievement,False,achievement,False,False
RWS-E3-S5-C03-LR-I,E3,S5,S5-C03,LR,I,achievement,False,achievement,False,False
RWS-E3-S5-C03-LR-S,E3,S5,S5-C03,LR,S,achievement,False,achievement,False,False
RWS-E3-S5-C03-RL-D,E3,S5,S5-C03,RL,D,achievement,False,achievement,False,False
RWS-E3-S5-C03-RL-I,E3,S5,S5-C03,RL,I,achievement,False,achievement,False,False
RWS-E3-S5-C03-RL-S,E3,S5,S5-C03,RL,S,achievement,False,achievement,False,False
RWS-E3-S5-C04-LR-D,E3,S5,S5-C04,LR,D,achievement,False,achievement,False,False
RWS-E3-S5-C04-LR-I,E3,S5,S5-C04,LR,I,achievement,False,achievement,False,False
RWS-E3-S5-C04-LR-S,E3,S5,S5-C04,LR,S,achievement,False,achievement,False,False
RWS-E3-S5-C04-RL-D,E3,S5,S5-C04,RL,D,achievement,False,achievement,True,True
RWS-E3-S5-C04-RL-I,E3,S5,S5-C04,RL,I,achievement,False,achievement,False,False
RWS-E3-S5-C04-RL-S,E3,S5,S5-C04,RL,S,achievement,False,achievement,True,True
RWS-E3-S5-C05-LR-D,E3,S5,S5-C05,LR,D,achievement,False,achievement,False,False
RWS-E3-S5-C05-LR-I,E3,S5,S5-C05,LR,I,achievement,False,achievement,False,False
RWS-E3-S5-C05-LR-S,E3,S5,S5-C05,LR,S,achievement,False,achievement,False,False
RWS-E3-S5-C05-RL-D,E3,S5,S5-C05,RL,D,achievement,False,achievement,False,False
RWS-E3-S5-C05-RL-I,E3,S5,S5-C05,RL,I,achievement,False,achievement,False,False
RWS-E3-S5-C05-RL-S,E3,S5,S5-C05,RL,S,achievement,False,achievement,False,False
RWS-E3-S5-C06-LR-D,E3,S5,S5-C06,LR,D,achievement,False,achievement,False,False
RWS-E3-S5-C06-LR-I,E3,S5,S5-C06,LR,I,achievement,False,achievement,False,False
RWS-E3-S5-C06-LR-S,E3,S5,S5-C06,LR,S,achievement,False,achievement,False,False
RWS-E3-S5-C06-RL-D,E3,S5,S5-C06,RL,D,achievement,False,achievement,False,False
RWS-E3-S5-C06-RL-I,E3,S5,S5-C06,RL,I,achievement,False,achievement,False,False
RWS-E3-S5-C06-RL-S,E3,S5,S5-C06,RL,S,achievement,False,achievement,False,False
RWS-E3-S5-C07-LR-D,E3,S5,S5-C07,LR,D,achievement,False,achievement,False,False
RWS-E3-S5-C07-LR-I,E3,S5,S5-C07,LR,I,achievement,False,achievement,False,False
RWS-E3-S5-C07-LR-S,E3,S5,S5-C07,LR,S,achievement,False,achievement,False,False
RWS-E3-S5-C07-RL-D,E3,S5,S5-C07,RL,D,achievement,False,achievement,True,False
RWS-E3-S5-C07-RL-I,E3,S5,S5-C07,RL,I,achievement,False,achievement,False,False
RWS-E3-S5-C07-RL-S,E3,S5,S5-C07,RL,S,achievement,False,achievement,False,False
RWS-E3-S5-C08-LR-D,E3,S5,S5-C08,LR,D,achievement,False,achievement,False,False
RWS-E3-S5-C08-LR-I,E3,S5,S5-C08,LR,I,achievement,False,achievement,False,False
RWS-E3-S5-C08-LR-S,E3,S5,S5-C08,LR,S,achievement,False,achievement,False,False
RWS-E3-S5-C08-RL-D,E3,S5,S5-C08,RL,D,achievement,False,achievement,False,False
RWS-E3-S5-C08-RL-I,E3,S5,S5-C08,RL,I,achievement,False,achievement,False,False
RWS-E3-S5-C08-RL-S,E3,S5,S5-C08,RL,S,achievement,False,achievement,False,False
RWS-F3-S1-C01-B-D,F3,S1,S1-C01,B,D,achievement,False,achievement,False,False
RWS-F3-S1-C01-B-I,F3,S1,S1-C01,B,I,achievement,False,achievement,False,False
RWS-F3-S1-C01-B-S,F3,S1,S1-C01,B,S,achievement,False,achievement,False,False
RWS-F3-S1-C01-F-D,F3,S1,S1-C01,F,D,achievement,False,achievement,False,False
RWS-F3-S1-C01-F-I,F3,S1,S1-C01,F,I,achievement,False,achievement,False,False
RWS-F3-S1-C01-F-S,F3,S1,S1-C01,F,S,achievement,False,achievement,False,False
RWS-F3-S1-C01-L-D,F3,S1,S1-C01,L,D,achievement,False,achievement,False,False
RWS-F3-S1-C01-L-I,F3,S1,S1-C01,L,I,achievement,False,achievement,False,False
RWS-F3-S1-C01-L-S,F3,S1,S1-C01,L,S,achievement,False,achievement,False,False
RWS-F3-S1-C01-R-D,F3,S1,S1-C01,R,D,maintenance,True,maintenance,True,False
RWS-F3-S1-C01-R-I,F3,S1,S1-C01,R,I,achievement,True,maintenance,True,True
RWS-F3-S1-C01-R-S,F3,S1,S1-C01,R,S,achievement,True,maintenance,True,False
RWS-F3-S1-C02-B-D,F3,S1,S1-C02,B,D,achievement,False,achievement,False,False
RWS-F3-S1-C02-B-I,F3,S1,S1-C02,B,I,achievement,False,achievement,False,False
RWS-F3-S1-C02-B-S,F3,S1,S1-C02,B,S,achievement,False,achievement,False,False
RWS-F3-S1-C02-F-D,F3,S1,S1-C02,F,D,achievement,False,achievement,False,False
RWS-F3-S1-C02-F-I,F3,S1,S1-C02,F,I,achievement,False,achievement,False,False
RWS-F3-S1-C02-F-S,F3,S1,S1-C02,F,S,achievement,False,achievement,False,False
RWS-F3-S1-C02-L-D,F3,S1,S1-C02,L,D,achievement,False,achievement,False,False
RWS-F3-S1-C02-L-I,F3,S1,S1-C02,L,I,achievement,False,achievement,True,True
RWS-F3-S1-C02-L-S,F3,S1,S1-C02,L,S,achievement,False,achievement,False,False
RWS-F3-S1-C02-R-D,F3,S1,S1-C02,R,D,maintenance,True,maintenance,True,False
RWS-F3-S1-C02-R-I,F3,S1,S1-C02,R,I,maintenance,True,maintenance,True,True
RWS-F3-S1-C02-R-S,F3,S1,S1-C02,R,S,maintenance,True,maintenance,True,False
RWS-F3-S1-C03-B-D,F3,S1,S1-C03,B,D,achievement,False,achievement,False,False
RWS-F3-S1-C03-B-I,F3,S1,S1-C03,B,I,achievement,False,achievement,False,False
RWS-F3-S1-C03-B-S,F3,S1,S1-C03,B,S,achievement,False,achievement,False,False
RWS-F3-S1-C03-F-D,F3,S1,S1-C03,F,D,achievement,False,achievement,False,False
RWS-F3-S1-C03-F-I,F3,S1,S1-C03,F,I,achievement,False,achievement,False,False
RWS-F3-S1-C03-F-S,F3,S1,S1-C03,F,S,achievement,False,achievement,False,False
RWS-F3-S1-C03-L-D,F3,S1,S1-C03,L,D,achievement,False,achievement,False,False
RWS-F3-S1-C03-L-I,F3,S1,S1-C03,L,I,achievement,False,achievement,False,False
RWS-F3-S1-C03-L-S,F3,S1,S1-C03,L,S,achievement,False,achievement,False,False
RWS-F3-S1-C03-R-D,F3,S1,S1-C03,R,D,maintenance,True,maintenance,True,True
RWS-F3-S1-C03-R-I,F3,S1,S1-C03,R,I,maintenance,True,maintenance,True,True
RWS-F3-S1-C03-R-S,F3,S1,S1-C03,R,S,maintenance,True,maintenance,True,True
RWS-F3-S1-C04-B-D,F3,S1,S1-C04,B,D,achievement,False,achievement,True,False
RWS-F3-S1-C04-B-I,F3,S1,S1-C04,B,I,achievement,False,achievement,False,False
RWS-F3-S1-C04-B-S,F3,S1,S1-C04,B,S,achievement,False,achievement,True,False
RWS-F3-S1-C04-F-D,F3,S1,S1-C04,F,D,achievement,False,achievement,False,False
RWS-F3-S1-C04-F-I,F3,S1,S1-C04,F,I,achievement,False,achievement,False,False
RWS-F3-S1-C04-F-S,F3,S1,S1-C04,F,S,achievement,False,achievement,False,False
RWS-F3-S1-C04-L-D,F3,S1,S1-C04,L,D,achievement,False,achievement,False,False
RWS-F3-S1-C04-L-I,F3,S1,S1-C04,L,I,achievement,False,achievement,True,False
RWS-F3-S1-C04-L-S,F3,S1,S1-C04,L,S,achievement,False,achievement,False,False
RWS-F3-S1-C04-R-D,F3,S1,S1-C04,R,D,maintenance,True,maintenance,True,False
RWS-F3-S1-C04-R-I,F3,S1,S1-C04,R,I,achievement,True,maintenance,True,True
RWS-F3-S1-C04-R-S,F3,S1,S1-C04,R,S,maintenance,True,maintenance,True,False
RWS-F3-S1-C05-B-D,F3,S1,S1-C05,B,D,achievement,False,achievement,True,False
RWS-F3-S1-C05-B-I,F3,S1,S1-C05,B,I,achievement,False,achievement,False,False
RWS-F3-S1-C05-B-S,F3,S1,S1-C05,B,S,achievement,False,achievement,False,False
RWS-F3-S1-C05-F-D,F3,S1,S1-C05,F,D,achievement,False,achievement,False,False
RWS-F3-S1-C05-F-I,F3,S1,S1-C05,F,I,achievement,False,achievement,False,False
RWS-F3-S1-C05-F-S,F3,S1,S1-C05,F,S,achievement,False,achievement,False,False
RWS-F3-S1-C05-L-D,F3,S1,S1-C05,L,D,achievement,False,achievement,False,False
RWS-F3-S1-C05-L-I,F3,S1,S1-C05,L,I,achievement,False,achievement,False,False
RWS-F3-S1-C05-L-S,F3,S1,S1-C05,L,S,achievement,False,achievement,False,False
RWS-F3-S1-C05-R-D,F3,S1,S1-C05,R,D,maintenance,True,maintenance,True,False
RWS-F3-S1-C05-R-I,F3,S1,S1-C05,R,I,maintenance,True,maintenance,True,True
RWS-F3-S1-C05-R-S,F3,S1,S1-C05,R,S,maintenance,True,maintenance,True,True
RWS-F3-S1-C06-B-D,F3,S1,S1-C06,B,D,achievement,False,achievement,False,False
RWS-F3-S1-C06-B-I,F3,S1,S1-C06,B,I,achievement,False,achievement,False,False
RWS-F3-S1-C06-B-S,F3,S1,S1-C06,B,S,achievement,False,achievement,False,False
RWS-F3-S1-C06-F-D,F3,S1,S1-C06,F,D,achievement,False,achievement,False,False
RWS-F3-S1-C06-F-I,F3,S1,S1-C06,F,I,achievement,False,achievement,False,False
RWS-F3-S1-C06-F-S,F3,S1,S1-C06,F,S,achievement,False,achievement,False,False
RWS-F3-S1-C06-L-D,F3,S1,S1-C06,L,D,achievement,False,achievement,True,False
RWS-F3-S1-C06-L-I,F3,S1,S1-C06,L,I,achievement,False,achievement,False,False
RWS-F3-S1-C06-L-S,F3,S1,S1-C06,L,S,achievement,False,achievement,False,False
RWS-F3-S1-C06-R-D,F3,S1,S1-C06,R,D,maintenance,True,maintenance,True,True
RWS-F3-S1-C06-R-I,F3,S1,S1-C06,R,I,achievement,True,maintenance,True,True
RWS-F3-S1-C06-R-S,F3,S1,S1-C06,R,S,maintenance,True,maintenance,True,False
RWS-F3-S1-C07-B-D,F3,S1,S1-C07,B,D,achievement,False,achievement,False,False
RWS-F3-S1-C07-B-I,F3,S1,S1-C07,B,I,achievement,False,achievement,False,False
RWS-F3-S1-C07-B-S,F3,S1,S1-C07,B,S,achievement,False,achievement,False,False
RWS-F3-S1-C07-F-D,F3,S1,S1-C07,F,D,achievement,False,achievement,False,False
RWS-F3-S1-C07-F-I,F3,S1,S1-C07,F,I,achievement,False,achievement,False,False
RWS-F3-S1-C07-F-S,F3,S1,S1-C07,F,S,achievement,False,achievement,False,False
RWS-F3-S1-C07-L-D,F3,S1,S1-C07,L,D,achievement,False,achievement,False,False
RWS-F3-S1-C07-L-I,F3,S1,S1-C07,L,I,achievement,False,achievement,True,True
RWS-F3-S1-C07-L-S,F3,S1,S1-C07,L,S,achievement,False,achievement,False,False
RWS-F3-S1-C07-R-D,F3,S1,S1-C07,R,D,maintenance,True,maintenance,True,False
RWS-F3-S1-C07-R-I,F3,S1,S1-C07,R,I,maintenance,True,maintenance,True,True
RWS-F3-S1-C07-R-S,F3,S1,S1-C07,R,S,maintenance,True,maintenance,True,False
RWS-F3-S1-C08-B-D,F3,S1,S1-C08,B,D,achievement,False,achievement,False,False
RWS-F3-S1-C08-B-I,F3,S1,S1-C08,B,I,achievement,False,achievement,False,False
RWS-F3-S1-C08-B-S,F3,S1,S1-C08,B,S,achievement,False,achievement,False,False
RWS-F3-S1-C08-F-D,F3,S1,S1-C08,F,D,achievement,False,achievement,False,False
RWS-F3-S1-C08-F-I,F3,S1,S1-C08,F,I,achievement,False,achievement,False,False
RWS-F3-S1-C08-F-S,F3,S1,S1-C08,F,S,achievement,False,achievement,False,False
RWS-F3-S1-C08-L-D,F3,S1,S1-C08,L,D,achievement,False,achievement,False,False
RWS-F3-S1-C08-L-I,F3,S1,S1-C08,L,I,achievement,False,achievement,True,True
RWS-F3-S1-C08-L-S,F3,S1,S1-C08,L,S,achievement,False,achievement,False,False
RWS-F3-S1-C08-R-D,F3,S1,S1-C08,R,D,maintenance,True,maintenance,True,False
RWS-F3-S1-C08-R-I,F3,S1,S1-C08,R,I,achievement,True,maintenance,True,True
RWS-F3-S1-C08-R-S,F3,S1,S1-C08,R,S,maintenance,True,maintenance,True,False
RWS-F3-S3-C01-L-D,F3,S3,S3-C01,L,D,achievement,False,achievement,False,False
RWS-F3-S3-C01-L-I,F3,S3,S3-C01,L,I,achievement,False,achievement,False,False
RWS-F3-S3-C01-L-S,F3,S3,S3-C01,L,S,achievement,False,achievement,False,False
RWS-F3-S3-C01-R-D,F3,S3,S3-C01,R,D,achievement,True,maintenance,True,False
RWS-F3-S3-C01-R-I,F3,S3,S3-C01,R,I,maintenance,True,maintenance,True,False
RWS-F3-S3-C01-R-S,F3,S3,S3-C01,R,S,maintenance,True,maintenance,True,True
RWS-F3-S3-C01-TOP-D,F3,S3,S3-C01,TOP,D,achievement,False,achievement,False,False
RWS-F3-S3-C01-TOP-I,F3,S3,S3-C01,TOP,I,achievement,False,achievement,False,False
RWS-F3-S3-C01-TOP-S,F3,S3,S3-C01,TOP,S,achievement,False,achievement,False,False
RWS-F3-S3-C02-L-D,F3,S3,S3-C02,L,D,achievement,False,achievement,False,False
RWS-F3-S3-C02-L-I,F3,S3,S3-C02,L,I,achievement,False,achievement,False,False
RWS-F3-S3-C02-L-S,F3,S3,S3-C02,L,S,achievement,False,achievement,False,False
RWS-F3-S3-C02-R-D,F3,S3,S3-C02,R,D,maintenance,True,maintenance,True,True
RWS-F3-S3-C02-R-I,F3,S3,S3-C02,R,I,maintenance,True,maintenance,True,False
RWS-F3-S3-C02-R-S,F3,S3,S3-C02,R,S,achievement,True,maintenance,True,True
RWS-F3-S3-C02-TOP-D,F3,S3,S3-C02,TOP,D,achievement,False,achievement,False,False
RWS-F3-S3-C02-TOP-I,F3,S3,S3-C02,TOP,I,achievement,False,achievement,False,False
RWS-F3-S3-C02-TOP-S,F3,S3,S3-C02,TOP,S,achievement,False,achievement,False,False
RWS-F3-S3-C03-L-D,F3,S3,S3-C03,L,D,achievement,False,achievement,False,False
RWS-F3-S3-C03-L-I,F3,S3,S3-C03,L,I,achievement,False,achievement,False,False
RWS-F3-S3-C03-L-S,F3,S3,S3-C03,L,S,achievement,False,achievement,False,False
RWS-F3-S3-C03-R-D,F3,S3,S3-C03,R,D,maintenance,True,maintenance,True,True
RWS-F3-S3-C03-R-I,F3,S3,S3-C03,R,I,maintenance,True,maintenance,True,True
RWS-F3-S3-C03-R-S,F3,S3,S3-C03,R,S,maintenance,True,maintenance,True,True
RWS-F3-S3-C03-TOP-D,F3,S3,S3-C03,TOP,D,achievement,False,achievement,True,True
RWS-F3-S3-C03-TOP-I,F3,S3,S3-C03,TOP,I,achievement,False,achievement,False,False
RWS-F3-S3-C03-TOP-S,F3,S3,S3-C03,TOP,S,achievement,False,achievement,False,False
RWS-F3-S3-C04-L-D,F3,S3,S3-C04,L,D,achievement,False,achievement,False,False
RWS-F3-S3-C04-L-I,F3,S3,S3-C04,L,I,achievement,False,achievement,False,False
RWS-F3-S3-C04-L-S,F3,S3,S3-C04,L,S,achievement,False,achievement,False,False
RWS-F3-S3-C04-R-D,F3,S3,S3-C04,R,D,maintenance,True,maintenance,True,True
RWS-F3-S3-C04-R-I,F3,S3,S3-C04,R,I,maintenance,True,maintenance,True,False
RWS-F3-S3-C04-R-S,F3,S3,S3-C04,R,S,maintenance,True,maintenance,True,True
RWS-F3-S3-C04-TOP-D,F3,S3,S3-C04,TOP,D,achievement,False,achievement,False,False
RWS-F3-S3-C04-TOP-I,F3,S3,S3-C04,TOP,I,achievement,False,achievement,False,False
RWS-F3-S3-C04-TOP-S,F3,S3,S3-C04,TOP,S,achievement,False,achievement,False,False
RWS-F3-S3-C05-L-D,F3,S3,S3-C05,L,D,achievement,False,achievement,False,False
RWS-F3-S3-C05-L-I,F3,S3,S3-C05,L,I,achievement,False,achievement,False,False
RWS-F3-S3-C05-L-S,F3,S3,S3-C05,L,S,achievement,False,achievement,False,False
RWS-F3-S3-C05-R-D,F3,S3,S3-C05,R,D,achievement,True,maintenance,True,False
RWS-F3-S3-C05-R-I,F3,S3,S3-C05,R,I,maintenance,True,maintenance,True,False
RWS-F3-S3-C05-R-S,F3,S3,S3-C05,R,S,maintenance,True,maintenance,True,False
RWS-F3-S3-C05-TOP-D,F3,S3,S3-C05,TOP,D,achievement,False,achievement,False,False
RWS-F3-S3-C05-TOP-I,F3,S3,S3-C05,TOP,I,achievement,False,achievement,False,False
RWS-F3-S3-C05-TOP-S,F3,S3,S3-C05,TOP,S,achievement,False,achievement,False,False
RWS-F3-S3-C06-L-D,F3,S3,S3-C06,L,D,achievement,False,achievement,False,False
RWS-F3-S3-C06-L-I,F3,S3,S3-C06,L,I,achievement,False,achievement,False,False
RWS-F3-S3-C06-L-S,F3,S3,S3-C06,L,S,achievement,False,achievement,False,False
RWS-F3-S3-C06-R-D,F3,S3,S3-C06,R,D,maintenance,True,maintenance,True,False
RWS-F3-S3-C06-R-I,F3,S3,S3-C06,R,I,maintenance,True,maintenance,True,True
RWS-F3-S3-C06-R-S,F3,S3,S3-C06,R,S,maintenance,True,maintenance,True,True
RWS-F3-S3-C06-TOP-D,F3,S3,S3-C06,TOP,D,achievement,False,achievement,False,False
RWS-F3-S3-C06-TOP-I,F3,S3,S3-C06,TOP,I,achievement,False,achievement,False,False
RWS-F3-S3-C06-TOP-S,F3,S3,S3-C06,TOP,S,achievement,False,achievement,False,False
RWS-F3-S3-C07-L-D,F3,S3,S3-C07,L,D,achievement,False,achievement,False,False
RWS-F3-S3-C07-L-I,F3,S3,S3-C07,L,I,achievement,False,achievement,False,False
RWS-F3-S3-C07-L-S,F3,S3,S3-C07,L,S,achievement,False,achievement,False,False
RWS-F3-S3-C07-R-D,F3,S3,S3-C07,R,D,achievement,True,maintenance,True,True
RWS-F3-S3-C07-R-I,F3,S3,S3-C07,R,I,maintenance,True,maintenance,True,False
RWS-F3-S3-C07-R-S,F3,S3,S3-C07,R,S,achievement,True,maintenance,True,False
RWS-F3-S3-C07-TOP-D,F3,S3,S3-C07,TOP,D,achievement,False,achievement,True,True
RWS-F3-S3-C07-TOP-I,F3,S3,S3-C07,TOP,I,achievement,False,achievement,False,False
RWS-F3-S3-C07-TOP-S,F3,S3,S3-C07,TOP,S,achievement,False,achievement,False,False
RWS-F3-S3-C08-L-D,F3,S3,S3-C08,L,D,achievement,False,achievement,False,False
RWS-F3-S3-C08-L-I,F3,S3,S3-C08,L,I,achievement,False,achievement,False,False
RWS-F3-S3-C08-L-S,F3,S3,S3-C08,L,S,achievement,False,achievement,False,False
RWS-F3-S3-C08-R-D,F3,S3,S3-C08,R,D,maintenance,True,maintenance,True,False
RWS-F3-S3-C08-R-I,F3,S3,S3-C08,R,I,achievement,True,maintenance,True,True
RWS-F3-S3-C08-R-S,F3,S3,S3-C08,R,S,maintenance,True,maintenance,True,True
RWS-F3-S3-C08-TOP-D,F3,S3,S3-C08,TOP,D,achievement,False,achievement,False,False
RWS-F3-S3-C08-TOP-I,F3,S3,S3-C08,TOP,I,achievement,False,achievement,False,False
RWS-F3-S3-C08-TOP-S,F3,S3,S3-C08,TOP,S,achievement,False,achievement,False,False
RWS-F3-S4-C01-L-D,F3,S4,S4-C01,L,D,maintenance,True,maintenance,True,False
RWS-F3-S4-C01-L-I,F3,S4,S4-C01,L,I,maintenance,True,maintenance,True,False
RWS-F3-S4-C01-L-S,F3,S4,S4-C01,L,S,maintenance,True,maintenance,True,True
RWS-F3-S4-C01-R-D,F3,S4,S4-C01,R,D,achievement,False,achievement,True,True
RWS-F3-S4-C01-R-I,F3,S4,S4-C01,R,I,achievement,False,achievement,False,False
RWS-F3-S4-C01-R-S,F3,S4,S4-C01,R,S,achievement,False,achievement,True,False
RWS-F3-S4-C01-TOP-D,F3,S4,S4-C01,TOP,D,achievement,False,achievement,True,True
RWS-F3-S4-C01-TOP-I,F3,S4,S4-C01,TOP,I,achievement,False,achievement,True,False
RWS-F3-S4-C01-TOP-S,F3,S4,S4-C01,TOP,S,achievement,False,achievement,True,True
RWS-F3-S4-C02-L-D,F3,S4,S4-C02,L,D,maintenance,True,maintenance,True,True
RWS-F3-S4-C02-L-I,F3,S4,S4-C02,L,I,maintenance,True,maintenance,True,False
RWS-F3-S4-C02-L-S,F3,S4,S4-C02,L,S,maintenance,True,maintenance,True,True
RWS-F3-S4-C02-R-D,F3,S4,S4-C02,R,D,achievement,False,achievement,True,True
RWS-F3-S4-C02-R-I,F3,S4,S4-C02,R,I,achievement,False,achievement,True,False
RWS-F3-S4-C02-R-S,F3,S4,S4-C02,R,S,achievement,False,achievement,True,False
RWS-F3-S4-C02-TOP-D,F3,S4,S4-C02,TOP,D,achievement,False,achievement,False,False
RWS-F3-S4-C02-TOP-I,F3,S4,S4-C02,TOP,I,achievement,False,achievement,True,False
RWS-F3-S4-C02-TOP-S,F3,S4,S4-C02,TOP,S,achievement,False,achievement,True,False
RWS-F3-S4-C03-L-D,F3,S4,S4-C03,L,D,maintenance,True,maintenance,True,False
RWS-F3-S4-C03-L-I,F3,S4,S4-C03,L,I,achievement,True,maintenance,True,False
RWS-F3-S4-C03-L-S,F3,S4,S4-C03,L,S,maintenance,True,maintenance,True,False
RWS-F3-S4-C03-R-D,F3,S4,S4-C03,R,D,achievement,False,achievement,True,True
RWS-F3-S4-C03-R-I,F3,S4,S4-C03,R,I,achievement,False,achievement,False,False
RWS-F3-S4-C03-R-S,F3,S4,S4-C03,R,S,achievement,False,achievement,True,True
RWS-F3-S4-C03-TOP-D,F3,S4,S4-C03,TOP,D,achievement,False,achievement,True,False
RWS-F3-S4-C03-TOP-I,F3,S4,S4-C03,TOP,I,achievement,False,achievement,True,True
RWS-F3-S4-C03-TOP-S,F3,S4,S4-C03,TOP,S,achievement,False,achievement,False,False
RWS-F3-S4-C04-L-D,F3,S4,S4-C04,L,D,maintenance,True,maintenance,True,True
RWS-F3-S4-C04-L-I,F3,S4,S4-C04,L,I,maintenance,True,maintenance,True,False
RWS-F3-S4-C04-L-S,F3,S4,S4-C04,L,S,maintenance,True,maintenance,True,True
RWS-F3-S4-C04-R-D,F3,S4,S4-C04,R,D,achievement,False,achievement,True,True
RWS-F3-S4-C04-R-I,F3,S4,S4-C04,R,I,achievement,False,achievement,False,False
RWS-F3-S4-C04-R-S,F3,S4,S4-C04,R,S,achievement,False,achievement,True,True
RWS-F3-S4-C04-TOP-D,F3,S4,S4-C04,TOP,D,achievement,False,achievement,True,False
RWS-F3-S4-C04-TOP-I,F3,S4,S4-C04,TOP,I,achievement,False,achievement,True,True
RWS-F3-S4-C04-TOP-S,F3,S4,S4-C04,TOP,S,achievement,False,achievement,True,False
RWS-F3-S4-C05-L-D,F3,S4,S4-C05,L,D,achievement,True,maintenance,True,True
RWS-F3-S4-C05-L-I,F3,S4,S4-C05,L,I,maintenance,True,maintenance,True,False
RWS-F3-S4-C05-L-S,F3,S4,S4-C05,L,S,maintenance,True,maintenance,True,False
RWS-F3-S4-C05-R-D,F3,S4,S4-C05,R,D,achievement,False,achievement,True,True
RWS-F3-S4-C05-R-I,F3,S4,S4-C05,R,I,achievement,False,achievement,True,False
RWS-F3-S4-C05-R-S,F3,S4,S4-C05,R,S,achievement,False,achievement,True,False
RWS-F3-S4-C05-TOP-D,F3,S4,S4-C05,TOP,D,achievement,False,achievement,True,True
RWS-F3-S4-C05-TOP-I,F3,S4,S4-C05,TOP,I,achievement,False,achievement,True,False
RWS-F3-S4-C05-TOP-S,F3,S4,S4-C05,TOP,S,achievement,False,achievement,True,True
RWS-F3-S4-C06-L-D,F3,S4,S4-C06,L,D,maintenance,True,maintenance,True,True
RWS-F3-S4-C06-L-I,F3,S4,S4-C06,L,I,maintenance,True,maintenance,True,False
RWS-F3-S4-C06-L-S,F3,S4,S4-C06,L,S,maintenance,True,maintenance,True,False
RWS-F3-S4-C06-R-D,F3,S4,S4-C06,R,D,achievement,False,achievement,True,True
RWS-F3-S4-C06-R-I,F3,S4,S4-C06,R,I,achievement,False,achievement,False,False
RWS-F3-S4-C06-R-S,F3,S4,S4-C06,R,S,achievement,False,achievement,True,False
RWS-F3-S4-C06-TOP-D,F3,S4,S4-C06,TOP,D,achievement,False,achievement,True,False
RWS-F3-S4-C06-TOP-I,F3,S4,S4-C06,TOP,I,achievement,False,achievement,True,False
RWS-F3-S4-C06-TOP-S,F3,S4,S4-C06,TOP,S,achievement,False,achievement,True,False
RWS-F3-S4-C07-L-D,F3,S4,S4-C07,L,D,maintenance,True,maintenance,True,True
RWS-F3-S4-C07-L-I,F3,S4,S4-C07,L,I,maintenance,True,maintenance,True,False
RWS-F3-S4-C07-L-S,F3,S4,S4-C07,L,S,maintenance,True,maintenance,True,True
RWS-F3-S4-C07-R-D,F3,S4,S4-C07,R,D,achievement,False,achievement,True,True
RWS-F3-S4-C07-R-I,F3,S4,S4-C07,R,I,achievement,False,achievement,False,False
RWS-F3-S4-C07-R-S,F3,S4,S4-C07,R,S,achievement,False,achievement,True,True
RWS-F3-S4-C07-TOP-D,F3,S4,S4-C07,TOP,D,achievement,False,achievement,True,False
RWS-F3-S4-C07-TOP-I,F3,S4,S4-C07,TOP,I,achievement,False,achievement,False,False
RWS-F3-S4-C07-TOP-S,F3,S4,S4-C07,TOP,S,achievement,False,achievement,False,False
RWS-F3-S4-C08-L-D,F3,S4,S4-C08,L,D,achievement,True,maintenance,True,True
RWS-F3-S4-C08-L-I,F3,S4,S4-C08,L,I,maintenance,True,maintenance,True,False
RWS-F3-S4-C08-L-S,F3,S4,S4-C08,L,S,maintenance,True,maintenance,True,False
RWS-F3-S4-C08-R-D,F3,S4,S4-C08,R,D,achievement,False,achievement,True,True
RWS-F3-S4-C08-R-I,F3,S4,S4-C08,R,I,achievement,False,achievement,False,False
RWS-F3-S4-C08-R-S,F3,S4,S4-C08,R,S,achievement,False,achievement,True,False
RWS-F3-S4-C08-TOP-D,F3,S4,S4-C08,TOP,D,achievement,False,achievement,True,False
RWS-F3-S4-C08-TOP-I,F3,S4,S4-C08,TOP,I,achievement,False,achievement,False,False
RWS-F3-S4-C08-TOP-S,F3,S4,S4-C08,TOP,S,achievement,False,achievement,False,False
RWS-F3-S5-C01-LR-D,F3,S5,S5-C01,LR,D,achievement,False,achievement,False,False
RWS-F3-S5-C01-LR-I,F3,S5,S5-C01,LR,I,achievement,False,achievement,False,False
RWS-F3-S5-C01-LR-S,F3,S5,S5-C01,LR,S,achievement,False,achievement,True,False
RWS-F3-S5-C01-RL-D,F3,S5,S5-C01,RL,D,achievement,False,achievement,False,False
RWS-F3-S5-C01-RL-I,F3,S5,S5-C01,RL,I,achievement,False,achievement,True,False
RWS-F3-S5-C01-RL-S,F3,S5,S5-C01,RL,S,achievement,False,achievement,False,False
RWS-F3-S5-C02-LR-D,F3,S5,S5-C02,LR,D,achievement,False,achievement,True,True
RWS-F3-S5-C02-LR-I,F3,S5,S5-C02,LR,I,achievement,False,achievement,False,False
RWS-F3-S5-C02-LR-S,F3,S5,S5-C02,LR,S,achievement,False,achievement,True,True
RWS-F3-S5-C02-RL-D,F3,S5,S5-C02,RL,D,achievement,False,achievement,False,False
RWS-F3-S5-C02-RL-I,F3,S5,S5-C02,RL,I,achievement,False,achievement,False,False
RWS-F3-S5-C02-RL-S,F3,S5,S5-C02,RL,S,achievement,False,achievement,True,False
RWS-F3-S5-C03-LR-D,F3,S5,S5-C03,LR,D,achievement,False,achievement,True,True
RWS-F3-S5-C03-LR-I,F3,S5,S5-C03,LR,I,achievement,False,achievement,False,False
RWS-F3-S5-C03-LR-S,F3,S5,S5-C03,LR,S,achievement,False,achievement,True,True
RWS-F3-S5-C03-RL-D,F3,S5,S5-C03,RL,D,achievement,False,achievement,True,False
RWS-F3-S5-C03-RL-I,F3,S5,S5-C03,RL,I,achievement,False,achievement,False,False
RWS-F3-S5-C03-RL-S,F3,S5,S5-C03,RL,S,achievement,False,achievement,False,False
RWS-F3-S5-C04-LR-D,F3,S5,S5-C04,LR,D,achievement,False,achievement,True,False
RWS-F3-S5-C04-LR-I,F3,S5,S5-C04,LR,I,achievement,False,achievement,False,False
RWS-F3-S5-C04-LR-S,F3,S5,S5-C04,LR,S,achievement,False,achievement,True,False
RWS-F3-S5-C04-RL-D,F3,S5,S5-C04,RL,D,achievement,False,achievement,True,False
RWS-F3-S5-C04-RL-I,F3,S5,S5-C04,RL,I,achievement,False,achievement,True,False
RWS-F3-S5-C04-RL-S,F3,S5,S5-C04,RL,S,achievement,False,achievement,True,False
RWS-F3-S5-C05-LR-D,F3,S5,S5-C05,LR,D,achievement,False,achievement,True,True
RWS-F3-S5-C05-LR-I,F3,S5,S5-C05,LR,I,achievement,False,achievement,False,False
RWS-F3-S5-C05-LR-S,F3,S5,S5-C05,LR,S,achievement,False,achievement,True,True
RWS-F3-S5-C05-RL-D,F3,S5,S5-C05,RL,D,achievement,False,achievement,True,False
RWS-F3-S5-C05-RL-I,F3,S5,S5-C05,RL,I,achievement,False,achievement,False,False
RWS-F3-S5-C05-RL-S,F3,S5,S5-C05,RL,S,achievement,False,achievement,False,False
RWS-F3-S5-C06-LR-D,F3,S5,S5-C06,LR,D,achievement,False,achievement,True,True
RWS-F3-S5-C06-LR-I,F3,S5,S5-C06,LR,I,achievement,False,achievement,False,False
RWS-F3-S5-C06-LR-S,F3,S5,S5-C06,LR,S,achievement,False,achievement,True,False
RWS-F3-S5-C06-RL-D,F3,S5,S5-C06,RL,D,achievement,False,achievement,True,False
RWS-F3-S5-C06-RL-I,F3,S5,S5-C06,RL,I,achievement,False,achievement,True,False
RWS-F3-S5-C06-RL-S,F3,S5,S5-C06,RL,S,achievement,False,achievement,True,False
RWS-F3-S5-C07-LR-D,F3,S5,S5-C07,LR,D,achievement,False,achievement,True,True
RWS-F3-S5-C07-LR-I,F3,S5,S5-C07,LR,I,achievement,False,achievement,True,True
RWS-F3-S5-C07-LR-S,F3,S5,S5-C07,LR,S,achievement,False,achievement,True,True
RWS-F3-S5-C07-RL-D,F3,S5,S5-C07,RL,D,achievement,False,achievement,True,False
RWS-F3-S5-C07-RL-I,F3,S5,S5-C07,RL,I,achievement,False,achievement,False,False
RWS-F3-S5-C07-RL-S,F3,S5,S5-C07,RL,S,achievement,False,achievement,False,False
RWS-F3-S5-C08-LR-D,F3,S5,S5-C08,LR,D,achievement,False,achievement,True,True
RWS-F3-S5-C08-LR-I,F3,S5,S5-C08,LR,I,achievement,False,achievement,False,False
RWS-F3-S5-C08-LR-S,F3,S5,S5-C08,LR,S,achievement,False,achievement,True,True
RWS-F3-S5-C08-RL-D,F3,S5,S5-C08,RL,D,achievement,False,achievement,True,False
RWS-F3-S5-C08-RL-I,F3,S5,S5-C08,RL,I,achievement,False,achievement,True,False
RWS-F3-S5-C08-RL-S,F3,S5,S5-C08,RL,S,achievement,False,achievement,True,False
RWS-N3-S1-C01-B-D,N3,S1,S1-C01,B,D,achievement,False,achievement,False,False
RWS-N3-S1-C01-B-I,N3,S1,S1-C01,B,I,achievement,False,achievement,True,False
RWS-N3-S1-C01-B-S,N3,S1,S1-C01,B,S,achievement,False,achievement,False,False
RWS-N3-S1-C01-F-D,N3,S1,S1-C01,F,D,achievement,False,achievement,False,False
RWS-N3-S1-C01-F-I,N3,S1,S1-C01,F,I,achievement,False,achievement,False,False
RWS-N3-S1-C01-F-S,N3,S1,S1-C01,F,S,achievement,False,achievement,False,False
RWS-N3-S1-C01-L-D,N3,S1,S1-C01,L,D,achievement,False,achievement,True,False
RWS-N3-S1-C01-L-I,N3,S1,S1-C01,L,I,achievement,False,achievement,False,False
RWS-N3-S1-C01-L-S,N3,S1,S1-C01,L,S,achievement,False,achievement,False,False
RWS-N3-S1-C01-R-D,N3,S1,S1-C01,R,D,maintenance,True,maintenance,True,False
RWS-N3-S1-C01-R-I,N3,S1,S1-C01,R,I,achievement,True,maintenance,True,False
RWS-N3-S1-C01-R-S,N3,S1,S1-C01,R,S,maintenance,True,maintenance,True,False
RWS-N3-S1-C02-B-D,N3,S1,S1-C02,B,D,achievement,False,achievement,False,False
RWS-N3-S1-C02-B-I,N3,S1,S1-C02,B,I,achievement,False,achievement,True,True
RWS-N3-S1-C02-B-S,N3,S1,S1-C02,B,S,achievement,False,achievement,False,False
RWS-N3-S1-C02-F-D,N3,S1,S1-C02,F,D,achievement,False,achievement,False,False
RWS-N3-S1-C02-F-I,N3,S1,S1-C02,F,I,achievement,False,achievement,False,False
RWS-N3-S1-C02-F-S,N3,S1,S1-C02,F,S,achievement,False,achievement,True,True
RWS-N3-S1-C02-L-D,N3,S1,S1-C02,L,D,achievement,False,achievement,True,False
RWS-N3-S1-C02-L-I,N3,S1,S1-C02,L,I,achievement,False,achievement,False,False
RWS-N3-S1-C02-L-S,N3,S1,S1-C02,L,S,achievement,False,achievement,True,False
RWS-N3-S1-C02-R-D,N3,S1,S1-C02,R,D,achievement,True,maintenance,True,True
RWS-N3-S1-C02-R-I,N3,S1,S1-C02,R,I,maintenance,True,maintenance,True,False
RWS-N3-S1-C02-R-S,N3,S1,S1-C02,R,S,maintenance,True,maintenance,True,True
RWS-N3-S1-C03-B-D,N3,S1,S1-C03,B,D,achievement,False,achievement,False,False
RWS-N3-S1-C03-B-I,N3,S1,S1-C03,B,I,achievement,False,achievement,True,True
RWS-N3-S1-C03-B-S,N3,S1,S1-C03,B,S,achievement,False,achievement,False,False
RWS-N3-S1-C03-F-D,N3,S1,S1-C03,F,D,achievement,False,achievement,False,False
RWS-N3-S1-C03-F-I,N3,S1,S1-C03,F,I,achievement,False,achievement,False,False
RWS-N3-S1-C03-F-S,N3,S1,S1-C03,F,S,achievement,False,achievement,False,False
RWS-N3-S1-C03-L-D,N3,S1,S1-C03,L,D,achievement,False,achievement,True,False
RWS-N3-S1-C03-L-I,N3,S1,S1-C03,L,I,achievement,False,achievement,False,False
RWS-N3-S1-C03-L-S,N3,S1,S1-C03,L,S,achievement,False,achievement,True,True
RWS-N3-S1-C03-R-D,N3,S1,S1-C03,R,D,maintenance,True,maintenance,True,False
RWS-N3-S1-C03-R-I,N3,S1,S1-C03,R,I,achievement,True,maintenance,True,False
RWS-N3-S1-C03-R-S,N3,S1,S1-C03,R,S,maintenance,True,maintenance,True,False
RWS-N3-S1-C04-B-D,N3,S1,S1-C04,B,D,achievement,False,achievement,False,False
RWS-N3-S1-C04-B-I,N3,S1,S1-C04,B,I,achievement,False,achievement,True,True
RWS-N3-S1-C04-B-S,N3,S1,S1-C04,B,S,achievement,False,achievement,False,False
RWS-N3-S1-C04-F-D,N3,S1,S1-C04,F,D,achievement,False,achievement,False,False
RWS-N3-S1-C04-F-I,N3,S1,S1-C04,F,I,achievement,False,achievement,False,False
RWS-N3-S1-C04-F-S,N3,S1,S1-C04,F,S,achievement,False,achievement,False,False
RWS-N3-S1-C04-L-D,N3,S1,S1-C04,L,D,achievement,False,achievement,True,False
RWS-N3-S1-C04-L-I,N3,S1,S1-C04,L,I,achievement,False,achievement,False,False
RWS-N3-S1-C04-L-S,N3,S1,S1-C04,L,S,achievement,False,achievement,False,False
RWS-N3-S1-C04-R-D,N3,S1,S1-C04,R,D,maintenance,True,maintenance,True,False
RWS-N3-S1-C04-R-I,N3,S1,S1-C04,R,I,maintenance,True,maintenance,True,False
RWS-N3-S1-C04-R-S,N3,S1,S1-C04,R,S,maintenance,True,maintenance,True,True
RWS-N3-S1-C05-B-D,N3,S1,S1-C05,B,D,achievement,False,achievement,False,False
RWS-N3-S1-C05-B-I,N3,S1,S1-C05,B,I,achievement,False,achievement,True,True
RWS-N3-S1-C05-B-S,N3,S1,S1-C05,B,S,achievement,False,achievement,False,False
RWS-N3-S1-C05-F-D,N3,S1,S1-C05,F,D,achievement,False,achievement,False,False
RWS-N3-S1-C05-F-I,N3,S1,S1-C05,F,I,achievement,False,achievement,False,False
RWS-N3-S1-C05-F-S,N3,S1,S1-C05,F,S,achievement,False,achievement,False,False
RWS-N3-S1-C05-L-D,N3,S1,S1-C05,L,D,achievement,False,achievement,True,False
RWS-N3-S1-C05-L-I,N3,S1,S1-C05,L,I,achievement,False,achievement,False,False
RWS-N3-S1-C05-L-S,N3,S1,S1-C05,L,S,achievement,False,achievement,True,False
RWS-N3-S1-C05-R-D,N3,S1,S1-C05,R,D,maintenance,True,maintenance,True,False
RWS-N3-S1-C05-R-I,N3,S1,S1-C05,R,I,achievement,True,maintenance,True,False
RWS-N3-S1-C05-R-S,N3,S1,S1-C05,R,S,maintenance,True,maintenance,True,False
RWS-N3-S1-C06-B-D,N3,S1,S1-C06,B,D,achievement,False,achievement,False,False
RWS-N3-S1-C06-B-I,N3,S1,S1-C06,B,I,achievement,False,achievement,True,True
RWS-N3-S1-C06-B-S,N3,S1,S1-C06,B,S,achievement,False,achievement,False,False
RWS-N3-S1-C06-F-D,N3,S1,S1-C06,F,D,achievement,False,achievement,False,False
RWS-N3-S1-C06-F-I,N3,S1,S1-C06,F,I,achievement,False,achievement,False,False
RWS-N3-S1-C06-F-S,N3,S1,S1-C06,F,S,achievement,False,achievement,False,False
RWS-N3-S1-C06-L-D,N3,S1,S1-C06,L,D,achievement,False,achievement,True,False
RWS-N3-S1-C06-L-I,N3,S1,S1-C06,L,I,achievement,False,achievement,False,False
RWS-N3-S1-C06-L-S,N3,S1,S1-C06,L,S,achievement,False,achievement,True,True
RWS-N3-S1-C06-R-D,N3,S1,S1-C06,R,D,maintenance,True,maintenance,True,False
RWS-N3-S1-C06-R-I,N3,S1,S1-C06,R,I,achievement,True,maintenance,True,False
RWS-N3-S1-C06-R-S,N3,S1,S1-C06,R,S,achievement,True,maintenance,True,False
RWS-N3-S1-C07-B-D,N3,S1,S1-C07,B,D,achievement,False,achievement,False,False
RWS-N3-S1-C07-B-I,N3,S1,S1-C07,B,I,achievement,False,achievement,False,False
RWS-N3-S1-C07-B-S,N3,S1,S1-C07,B,S,achievement,False,achievement,False,False
RWS-N3-S1-C07-F-D,N3,S1,S1-C07,F,D,achievement,False,achievement,False,False
RWS-N3-S1-C07-F-I,N3,S1,S1-C07,F,I,achievement,False,achievement,False,False
RWS-N3-S1-C07-F-S,N3,S1,S1-C07,F,S,achievement,False,achievement,False,False
RWS-N3-S1-C07-L-D,N3,S1,S1-C07,L,D,achievement,False,achievement,True,True
RWS-N3-S1-C07-L-I,N3,S1,S1-C07,L,I,achievement,False,achievement,False,False
RWS-N3-S1-C07-L-S,N3,S1,S1-C07,L,S,achievement,False,achievement,True,True
RWS-N3-S1-C07-R-D,N3,S1,S1-C07,R,D,maintenance,True,maintenance,True,True
RWS-N3-S1-C07-R-I,N3,S1,S1-C07,R,I,maintenance,True,maintenance,True,False
RWS-N3-S1-C07-R-S,N3,S1,S1-C07,R,S,maintenance,True,maintenance,True,False
RWS-N3-S1-C08-B-D,N3,S1,S1-C08,B,D,achievement,False,achievement,False,False
RWS-N3-S1-C08-B-I,N3,S1,S1-C08,B,I,achievement,False,achievement,True,True
RWS-N3-S1-C08-B-S,N3,S1,S1-C08,B,S,achievement,False,achievement,False,False
RWS-N3-S1-C08-F-D,N3,S1,S1-C08,F,D,achievement,False,achievement,True,True
RWS-N3-S1-C08-F-I,N3,S1,S1-C08,F,I,achievement,False,achievement,False,False
RWS-N3-S1-C08-F-S,N3,S1,S1-C08,F,S,achievement,False,achievement,False,False
RWS-N3-S1-C08-L-D,N3,S1,S1-C08,L,D,achievement,False,achievement,True,True
RWS-N3-S1-C08-L-I,N3,S1,S1-C08,L,I,achievement,False,achievement,False,False
RWS-N3-S1-C08-L-S,N3,S1,S1-C08,L,S,achievement,False,achievement,True,False
RWS-N3-S1-C08-R-D,N3,S1,S1-C08,R,D,achievement,True,maintenance,True,True
RWS-N3-S1-C08-R-I,N3,S1,S1-C08,R,I,maintenance,True,maintenance,True,False
RWS-N3-S1-C08-R-S,N3,S1,S1-C08,R,S,maintenance,True,maintenance,True,False
RWS-N3-S3-C01-L-D,N3,S3,S3-C01,L,D,achievement,False,achievement,False,False
RWS-N3-S3-C01-L-I,N3,S3,S3-C01,L,I,achievement,False,achievement,False,False
RWS-N3-S3-C01-L-S,N3,S3,S3-C01,L,S,achievement,False,achievement,False,False
RWS-N3-S3-C01-R-D,N3,S3,S3-C01,R,D,maintenance,True,maintenance,True,True
RWS-N3-S3-C01-R-I,N3,S3,S3-C01,R,I,maintenance,True,maintenance,True,True
RWS-N3-S3-C01-R-S,N3,S3,S3-C01,R,S,maintenance,True,maintenance,True,False
RWS-N3-S3-C01-TOP-D,N3,S3,S3-C01,TOP,D,achievement,False,achievement,True,True
RWS-N3-S3-C01-TOP-I,N3,S3,S3-C01,TOP,I,achievement,False,achievement,False,False
RWS-N3-S3-C01-TOP-S,N3,S3,S3-C01,TOP,S,achievement,False,achievement,False,False
RWS-N3-S3-C02-L-D,N3,S3,S3-C02,L,D,achievement,False,achievement,False,False
RWS-N3-S3-C02-L-I,N3,S3,S3-C02,L,I,achievement,False,achievement,False,False
RWS-N3-S3-C02-L-S,N3,S3,S3-C02,L,S,achievement,False,achievement,False,False
RWS-N3-S3-C02-R-D,N3,S3,S3-C02,R,D,maintenance,True,maintenance,True,False
RWS-N3-S3-C02-R-I,N3,S3,S3-C02,R,I,achievement,True,maintenance,True,True
RWS-N3-S3-C02-R-S,N3,S3,S3-C02,R,S,maintenance,True,maintenance,True,False
RWS-N3-S3-C02-TOP-D,N3,S3,S3-C02,TOP,D,achievement,False,achievement,False,False
RWS-N3-S3-C02-TOP-I,N3,S3,S3-C02,TOP,I,achievement,False,achievement,True,False
RWS-N3-S3-C02-TOP-S,N3,S3,S3-C02,TOP,S,achievement,False,achievement,True,True
RWS-N3-S3-C03-L-D,N3,S3,S3-C03,L,D,achievement,False,achievement,False,False
RWS-N3-S3-C03-L-I,N3,S3,S3-C03,L,I,achievement,False,achievement,False,False
RWS-N3-S3-C03-L-S,N3,S3,S3-C03,L,S,achievement,False,achievement,False,False
RWS-N3-S3-C03-R-D,N3,S3,S3-C03,R,D,maintenance,True,maintenance,True,True
RWS-N3-S3-C03-R-I,N3,S3,S3-C03,R,I,maintenance,True,maintenance,True,False
RWS-N3-S3-C03-R-S,N3,S3,S3-C03,R,S,maintenance,True,maintenance,True,False
RWS-N3-S3-C03-TOP-D,N3,S3,S3-C03,TOP,D,achievement,False,achievement,False,False
RWS-N3-S3-C03-TOP-I,N3,S3,S3-C03,TOP,I,achievement,False,achievement,False,False
RWS-N3-S3-C03-TOP-S,N3,S3,S3-C03,TOP,S,achievement,False,achievement,True,True
RWS-N3-S3-C04-L-D,N3,S3,S3-C04,L,D,achievement,False,achievement,False,False
RWS-N3-S3-C04-L-I,N3,S3,S3-C04,L,I,achievement,False,achievement,False,False
RWS-N3-S3-C04-L-S,N3,S3,S3-C04,L,S,achievement,False,achievement,False,False
RWS-N3-S3-C04-R-D,N3,S3,S3-C04,R,D,maintenance,True,maintenance,True,True
RWS-N3-S3-C04-R-I,N3,S3,S3-C04,R,I,maintenance,True,maintenance,True,False
RWS-N3-S3-C04-R-S,N3,S3,S3-C04,R,S,maintenance,True,maintenance,True,False
RWS-N3-S3-C04-TOP-D,N3,S3,S3-C04,TOP,D,achievement,False,achievement,True,True
RWS-N3-S3-C04-TOP-I,N3,S3,S3-C04,TOP,I,achievement,False,achievement,False,False
RWS-N3-S3-C04-TOP-S,N3,S3,S3-C04,TOP,S,achievement,False,achievement,False,False
RWS-N3-S3-C05-L-D,N3,S3,S3-C05,L,D,achievement,False,achievement,False,False
RWS-N3-S3-C05-L-I,N3,S3,S3-C05,L,I,achievement,False,achievement,False,False
RWS-N3-S3-C05-L-S,N3,S3,S3-C05,L,S,achievement,False,achievement,False,False
RWS-N3-S3-C05-R-D,N3,S3,S3-C05,R,D,maintenance,True,maintenance,True,False
RWS-N3-S3-C05-R-I,N3,S3,S3-C05,R,I,maintenance,True,maintenance,True,True
RWS-N3-S3-C05-R-S,N3,S3,S3-C05,R,S,maintenance,True,maintenance,True,True
RWS-N3-S3-C05-TOP-D,N3,S3,S3-C05,TOP,D,achievement,False,achievement,True,False
RWS-N3-S3-C05-TOP-I,N3,S3,S3-C05,TOP,I,achievement,False,achievement,True,True
RWS-N3-S3-C05-TOP-S,N3,S3,S3-C05,TOP,S,achievement,False,achievement,True,True
RWS-N3-S3-C06-L-D,N3,S3,S3-C06,L,D,achievement,False,achievement,False,False
RWS-N3-S3-C06-L-I,N3,S3,S3-C06,L,I,achievement,False,achievement,False,False
RWS-N3-S3-C06-L-S,N3,S3,S3-C06,L,S,achievement,False,achievement,False,False
RWS-N3-S3-C06-R-D,N3,S3,S3-C06,R,D,maintenance,True,maintenance,True,True
RWS-N3-S3-C06-R-I,N3,S3,S3-C06,R,I,maintenance,True,maintenance,True,True
RWS-N3-S3-C06-R-S,N3,S3,S3-C06,R,S,maintenance,True,maintenance,True,True
RWS-N3-S3-C06-TOP-D,N3,S3,S3-C06,TOP,D,achievement,False,achievement,True,True
RWS-N3-S3-C06-TOP-I,N3,S3,S3-C06,TOP,I,achievement,False,achievement,False,False
RWS-N3-S3-C06-TOP-S,N3,S3,S3-C06,TOP,S,achievement,False,achievement,True,False
RWS-N3-S3-C07-L-D,N3,S3,S3-C07,L,D,achievement,False,achievement,False,False
RWS-N3-S3-C07-L-I,N3,S3,S3-C07,L,I,achievement,False,achievement,False,False
RWS-N3-S3-C07-L-S,N3,S3,S3-C07,L,S,achievement,False,achievement,False,False
RWS-N3-S3-C07-R-D,N3,S3,S3-C07,R,D,achievement,True,maintenance,True,False
RWS-N3-S3-C07-R-I,N3,S3,S3-C07,R,I,maintenance,True,maintenance,True,True
RWS-N3-S3-C07-R-S,N3,S3,S3-C07,R,S,maintenance,True,maintenance,True,True
RWS-N3-S3-C07-TOP-D,N3,S3,S3-C07,TOP,D,achievement,False,achievement,True,True
RWS-N3-S3-C07-TOP-I,N3,S3,S3-C07,TOP,I,achievement,False,achievement,False,False
RWS-N3-S3-C07-TOP-S,N3,S3,S3-C07,TOP,S,achievement,False,achievement,True,True
RWS-N3-S3-C08-L-D,N3,S3,S3-C08,L,D,achievement,False,achievement,False,False
RWS-N3-S3-C08-L-I,N3,S3,S3-C08,L,I,achievement,False,achievement,False,False
RWS-N3-S3-C08-L-S,N3,S3,S3-C08,L,S,achievement,False,achievement,False,False
RWS-N3-S3-C08-R-D,N3,S3,S3-C08,R,D,maintenance,True,maintenance,True,True
RWS-N3-S3-C08-R-I,N3,S3,S3-C08,R,I,maintenance,True,maintenance,True,True
RWS-N3-S3-C08-R-S,N3,S3,S3-C08,R,S,maintenance,True,maintenance,True,True
RWS-N3-S3-C08-TOP-D,N3,S3,S3-C08,TOP,D,achievement,False,achievement,True,True
RWS-N3-S3-C08-TOP-I,N3,S3,S3-C08,TOP,I,achievement,False,achievement,False,False
RWS-N3-S3-C08-TOP-S,N3,S3,S3-C08,TOP,S,achievement,False,achievement,True,True
RWS-N3-S4-C01-L-D,N3,S4,S4-C01,L,D,maintenance,True,maintenance,True,True
RWS-N3-S4-C01-L-I,N3,S4,S4-C01,L,I,maintenance,True,maintenance,True,False
RWS-N3-S4-C01-L-S,N3,S4,S4-C01,L,S,maintenance,True,maintenance,True,False
RWS-N3-S4-C01-R-D,N3,S4,S4-C01,R,D,achievement,False,achievement,True,True
RWS-N3-S4-C01-R-I,N3,S4,S4-C01,R,I,achievement,False,achievement,False,False
RWS-N3-S4-C01-R-S,N3,S4,S4-C01,R,S,achievement,False,achievement,True,True
RWS-N3-S4-C01-TOP-D,N3,S4,S4-C01,TOP,D,achievement,False,achievement,True,True
RWS-N3-S4-C01-TOP-I,N3,S4,S4-C01,TOP,I,achievement,False,achievement,False,False
RWS-N3-S4-C01-TOP-S,N3,S4,S4-C01,TOP,S,achievement,False,achievement,False,False
RWS-N3-S4-C02-L-D,N3,S4,S4-C02,L,D,maintenance,True,maintenance,True,True
RWS-N3-S4-C02-L-I,N3,S4,S4-C02,L,I,maintenance,True,maintenance,True,False
RWS-N3-S4-C02-L-S,N3,S4,S4-C02,L,S,maintenance,True,maintenance,True,True
RWS-N3-S4-C02-R-D,N3,S4,S4-C02,R,D,achievement,False,achievement,True,False
RWS-N3-S4-C02-R-I,N3,S4,S4-C02,R,I,achievement,False,achievement,False,False
RWS-N3-S4-C02-R-S,N3,S4,S4-C02,R,S,achievement,False,achievement,True,True
RWS-N3-S4-C02-TOP-D,N3,S4,S4-C02,TOP,D,achievement,False,achievement,True,True
RWS-N3-S4-C02-TOP-I,N3,S4,S4-C02,TOP,I,achievement,False,achievement,True,False
RWS-N3-S4-C02-TOP-S,N3,S4,S4-C02,TOP,S,achievement,False,achievement,True,False
RWS-N3-S4-C03-L-D,N3,S4,S4-C03,L,D,achievement,True,maintenance,True,True
RWS-N3-S4-C03-L-I,N3,S4,S4-C03,L,I,maintenance,True,maintenance,True,False
RWS-N3-S4-C03-L-S,N3,S4,S4-C03,L,S,maintenance,True,maintenance,True,False
RWS-N3-S4-C03-R-D,N3,S4,S4-C03,R,D,achievement,False,achievement,False,False
RWS-N3-S4-C03-R-I,N3,S4,S4-C03,R,I,achievement,False,achievement,False,False
RWS-N3-S4-C03-R-S,N3,S4,S4-C03,R,S,achievement,False,achievement,True,False
RWS-N3-S4-C03-TOP-D,N3,S4,S4-C03,TOP,D,achievement,False,achievement,True,True
RWS-N3-S4-C03-TOP-I,N3,S4,S4-C03,TOP,I,achievement,False,achievement,False,False
RWS-N3-S4-C03-TOP-S,N3,S4,S4-C03,TOP,S,achievement,False,achievement,True,True
RWS-N3-S4-C04-L-D,N3,S4,S4-C04,L,D,maintenance,True,maintenance,True,True
RWS-N3-S4-C04-L-I,N3,S4,S4-C04,L,I,maintenance,True,maintenance,True,False
RWS-N3-S4-C04-L-S,N3,S4,S4-C04,L,S,maintenance,True,maintenance,True,True
RWS-N3-S4-C04-R-D,N3,S4,S4-C04,R,D,achievement,False,achievement,True,True
RWS-N3-S4-C04-R-I,N3,S4,S4-C04,R,I,achievement,False,achievement,False,False
RWS-N3-S4-C04-R-S,N3,S4,S4-C04,R,S,achievement,False,achievement,True,True
RWS-N3-S4-C04-TOP-D,N3,S4,S4-C04,TOP,D,achievement,False,achievement,False,False
RWS-N3-S4-C04-TOP-I,N3,S4,S4-C04,TOP,I,achievement,False,achievement,True,True
RWS-N3-S4-C04-TOP-S,N3,S4,S4-C04,TOP,S,achievement,False,achievement,True,True
RWS-N3-S4-C05-L-D,N3,S4,S4-C05,L,D,maintenance,True,maintenance,True,False
RWS-N3-S4-C05-L-I,N3,S4,S4-C05,L,I,maintenance,True,maintenance,True,False
RWS-N3-S4-C05-L-S,N3,S4,S4-C05,L,S,maintenance,True,maintenance,True,True
RWS-N3-S4-C05-R-D,N3,S4,S4-C05,R,D,achievement,False,achievement,True,False
RWS-N3-S4-C05-R-I,N3,S4,S4-C05,R,I,achievement,False,achievement,False,False
RWS-N3-S4-C05-R-S,N3,S4,S4-C05,R,S,achievement,False,achievement,True,True
RWS-N3-S4-C05-TOP-D,N3,S4,S4-C05,TOP,D,achievement,False,achievement,False,False
RWS-N3-S4-C05-TOP-I,N3,S4,S4-C05,TOP,I,achievement,False,achievement,False,False
RWS-N3-S4-C05-TOP-S,N3,S4,S4-C05,TOP,S,achievement,False,achievement,True,True
RWS-N3-S4-C06-L-D,N3,S4,S4-C06,L,D,maintenance,True,maintenance,True,True
RWS-N3-S4-C06-L-I,N3,S4,S4-C06,L,I,maintenance,True,maintenance,True,False
RWS-N3-S4-C06-L-S,N3,S4,S4-C06,L,S,maintenance,True,maintenance,True,False
RWS-N3-S4-C06-R-D,N3,S4,S4-C06,R,D,achievement,False,achievement,True,True
RWS-N3-S4-C06-R-I,N3,S4,S4-C06,R,I,achievement,False,achievement,False,False
RWS-N3-S4-C06-R-S,N3,S4,S4-C06,R,S,achievement,False,achievement,True,True
RWS-N3-S4-C06-TOP-D,N3,S4,S4-C06,TOP,D,achievement,False,achievement,True,True
RWS-N3-S4-C06-TOP-I,N3,S4,S4-C06,TOP,I,achievement,False,achievement,True,False
RWS-N3-S4-C06-TOP-S,N3,S4,S4-C06,TOP,S,achievement,False,achievement,True,True
RWS-N3-S4-C07-L-D,N3,S4,S4-C07,L,D,maintenance,True,maintenance,True,False
RWS-N3-S4-C07-L-I,N3,S4,S4-C07,L,I,maintenance,True,maintenance,True,False
RWS-N3-S4-C07-L-S,N3,S4,S4-C07,L,S,maintenance,True,maintenance,True,True
RWS-N3-S4-C07-R-D,N3,S4,S4-C07,R,D,achievement,False,achievement,True,False
RWS-N3-S4-C07-R-I,N3,S4,S4-C07,R,I,achievement,False,achievement,False,False
RWS-N3-S4-C07-R-S,N3,S4,S4-C07,R,S,achievement,False,achievement,True,False
RWS-N3-S4-C07-TOP-D,N3,S4,S4-C07,TOP,D,achievement,False,achievement,False,False
RWS-N3-S4-C07-TOP-I,N3,S4,S4-C07,TOP,I,achievement,False,achievement,False,False
RWS-N3-S4-C07-TOP-S,N3,S4,S4-C07,TOP,S,achievement,False,achievement,False,False
RWS-N3-S4-C08-L-D,N3,S4,S4-C08,L,D,maintenance,True,maintenance,True,False
RWS-N3-S4-C08-L-I,N3,S4,S4-C08,L,I,maintenance,True,maintenance,True,False
RWS-N3-S4-C08-L-S,N3,S4,S4-C08,L,S,maintenance,True,maintenance,True,True
RWS-N3-S4-C08-R-D,N3,S4,S4-C08,R,D,achievement,False,achievement,True,False
RWS-N3-S4-C08-R-I,N3,S4,S4-C08,R,I,achievement,False,achievement,False,False
RWS-N3-S4-C08-R-S,N3,S4,S4-C08,R,S,achievement,False,achievement,True,True
RWS-N3-S4-C08-TOP-D,N3,S4,S4-C08,TOP,D,achievement,False,achievement,True,True
RWS-N3-S4-C08-TOP-I,N3,S4,S4-C08,TOP,I,achievement,False,achievement,True,True
RWS-N3-S4-C08-TOP-S,N3,S4,S4-C08,TOP,S,achievement,False,achievement,True,True
RWS-N3-S5-C01-LR-D,N3,S5,S5-C01,LR,D,achievement,False,achievement,False,False
RWS-N3-S5-C01-LR-I,N3,S5,S5-C01,LR,I,achievement,False,achievement,False,False
RWS-N3-S5-C01-LR-S,N3,S5,S5-C01,LR,S,achievement,False,achievement,False,False
RWS-N3-S5-C01-RL-D,N3,S5,S5-C01,RL,D,achievement,False,achievement,False,False
RWS-N3-S5-C01-RL-I,N3,S5,S5-C01,RL,I,achievement,False,achievement,False,False
RWS-N3-S5-C01-RL-S,N3,S5,S5-C01,RL,S,achievement,False,achievement,False,False
RWS-N3-S5-C02-LR-D,N3,S5,S5-C02,LR,D,achievement,False,achievement,False,False
RWS-N3-S5-C02-LR-I,N3,S5,S5-C02,LR,I,achievement,False,achievement,False,False
RWS-N3-S5-C02-LR-S,N3,S5,S5-C02,LR,S,achievement,False,achievement,False,False
RWS-N3-S5-C02-RL-D,N3,S5,S5-C02,RL,D,achievement,False,achievement,False,False
RWS-N3-S5-C02-RL-I,N3,S5,S5-C02,RL,I,achievement,False,achievement,False,False
RWS-N3-S5-C02-RL-S,N3,S5,S5-C02,RL,S,achievement,False,achievement,False,False
RWS-N3-S5-C03-LR-D,N3,S5,S5-C03,LR,D,achievement,False,achievement,False,False
RWS-N3-S5-C03-LR-I,N3,S5,S5-C03,LR,I,achievement,False,achievement,False,False
RWS-N3-S5-C03-LR-S,N3,S5,S5-C03,LR,S,achievement,False,achievement,False,False
RWS-N3-S5-C03-RL-D,N3,S5,S5-C03,RL,D,achievement,False,achievement,False,False
RWS-N3-S5-C03-RL-I,N3,S5,S5-C03,RL,I,achievement,False,achievement,False,False
RWS-N3-S5-C03-RL-S,N3,S5,S5-C03,RL,S,achievement,False,achievement,True,True
RWS-N3-S5-C04-LR-D,N3,S5,S5-C04,LR,D,achievement,False,achievement,False,False
RWS-N3-S5-C04-LR-I,N3,S5,S5-C04,LR,I,achievement,False,achievement,False,False
RWS-N3-S5-C04-LR-S,N3,S5,S5-C04,LR,S,achievement,False,achievement,False,False
RWS-N3-S5-C04-RL-D,N3,S5,S5-C04,RL,D,achievement,False,achievement,False,False
RWS-N3-S5-C04-RL-I,N3,S5,S5-C04,RL,I,achievement,False,achievement,False,False
RWS-N3-S5-C04-RL-S,N3,S5,S5-C04,RL,S,achievement,False,achievement,False,False
RWS-N3-S5-C05-LR-D,N3,S5,S5-C05,LR,D,achievement,False,achievement,False,False
RWS-N3-S5-C05-LR-I,N3,S5,S5-C05,LR,I,achievement,False,achievement,False,False
RWS-N3-S5-C05-LR-S,N3,S5,S5-C05,LR,S,achievement,False,achievement,False,False
RWS-N3-S5-C05-RL-D,N3,S5,S5-C05,RL,D,achievement,False,achievement,False,False
RWS-N3-S5-C05-RL-I,N3,S5,S5-C05,RL,I,achievement,False,achievement,False,False
RWS-N3-S5-C05-RL-S,N3,S5,S5-C05,RL,S,achievement,False,achievement,False,False
RWS-N3-S5-C06-LR-D,N3,S5,S5-C06,LR,D,achievement,False,achievement,False,False
RWS-N3-S5-C06-LR-I,N3,S5,S5-C06,LR,I,achievement,False,achievement,False,False
RWS-N3-S5-C06-LR-S,N3,S5,S5-C06,LR,S,achievement,False,achievement,False,False
RWS-N3-S5-C06-RL-D,N3,S5,S5-C06,RL,D,achievement,False,achievement,True,True
RWS-N3-S5-C06-RL-I,N3,S5,S5-C06,RL,I,achievement,False,achievement,False,False
RWS-N3-S5-C06-RL-S,N3,S5,S5-C06,RL,S,achievement,False,achievement,False,False
RWS-N3-S5-C07-LR-D,N3,S5,S5-C07,LR,D,achievement,False,achievement,False,False
RWS-N3-S5-C07-LR-I,N3,S5,S5-C07,LR,I,achievement,False,achievement,False,False
RWS-N3-S5-C07-LR-S,N3,S5,S5-C07,LR,S,achievement,False,achievement,False,False
RWS-N3-S5-C07-RL-D,N3,S5,S5-C07,RL,D,achievement,False,achievement,False,False
RWS-N3-S5-C07-RL-I,N3,S5,S5-C07,RL,I,achievement,False,achievement,True,False
RWS-N3-S5-C07-RL-S,N3,S5,S5-C07,RL,S,achievement,False,achievement,False,False
RWS-N3-S5-C08-LR-D,N3,S5,S5-C08,LR,D,achievement,False,achievement,False,False
RWS-N3-S5-C08-LR-I,N3,S5,S5-C08,LR,I,achievement,False,achievement,False,False
RWS-N3-S5-C08-LR-S,N3,S5,S5-C08,LR,S,achievement,False,achievement,False,False
RWS-N3-S5-C08-RL-D,N3,S5,S5-C08,RL,D,achievement,False,achievement,False,False
RWS-N3-S5-C08-RL-I,N3,S5,S5-C08,RL,I,achievement,False,achievement,False,False
RWS-N3-S5-C08-RL-S,N3,S5,S5-C08,RL,S,achievement,False,achievement,False,False
