model,scene,goal,form,n_achievement,stable_ever,stable_at_final,rate
N3,S1,L,D,8,8,2,1.0
N3,S1,L,S,8,6,3,0.75
N3,S1,L,I,8,0,0,0.0
N3,S1,R,D,0,0,0,
N3,S1,R,S,0,0,0,
N3,S1,R,I,0,0,0,
N3,S1,F,D,8,1,1,0.125
N3,S1,F,S,8,1,1,0.125
N3,S1,F,I,8,0,0,0.0
N3,S1,B,D,8,0,0,0.0
N3,S1,B,S,8,0,0,0.0
N3,S1,B,I,8,7,6,0.875
N3,S3,TOP,D,8,6,5,0.75
N3,S3,TOP,S,8,6,5,0.75
N3,S3,TOP,I,8,2,1,0.25
N3,S3,L,D,8,0,0,0.0
N3,S3,L,S,8,0,0,0.0
N3,S3,L,I,8,0,0,0.0
N3,S3,R,D,0,0,0,
N3,S3,R,S,0,0,0,
N3,S3,R,I,0,0,0,
N3,S4,TOP,D,8,5,5,0.625
N3,S4,TOP,S,8,6,5,0.75
N3,S4,TOP,I,8,4,2,0.5
N3,S4,L,D,0,0,0,
N3,S4,L,S,0,0,0,
N3,S4,L,I,0,0,0,
N3,S4,R,D,8,7,3,0.875
N3,S4,R,S,8,8,6,1.0
N3,S4,R,I,8,0,0,0.0
N3,S5,LR,D,8,0,0,0.0
N3,S5,LR,S,8,0,0,0.0
N3,S5,LR,I,8,0,0,0.0
N3,S5,RL,D,8,1,1,0.125
N3,S5,RL,S,8,1,1,0.125
N3,S5,RL,I,8,1,0,0.125
E3,S1,L,D,8,3,1,0.375
E3,S1,L,S,8,2,1,0.25
E3,S1,L,I,8,0,0,0.0
E3,S1,R,D,0,0,0,
E3,S1,R,S,0,0,0,
E3,S1,R,I,0,0,0,
E3,S1,F,D,8,0,0,0.0
E3,S1,F,S,8,1,0,0.125
E3,S1,F,I,8,0,0,0.0
E3,S1,B,D,8,1,0,0.125
E3,S1,B,S,8,0,0,0.0
E3,S1,B,I,8,0,0,0.0
E3,S3,TOP,D,8,3,2,0.375
E3,S3,TOP,S,8,0,0,0.0
E3,S3,TOP,I,8,0,0,0.0
E3,S3,L,D,8,0,0,0.0
E3,S3,L,S,8,0,0,0.0
E3,S3,L,I,8,0,0,0.0
E3,S3,R,D,0,0,0,
E3,S3,R,S,0,0,0,
E3,S3,R,I,0,0,0,
E3,S4,TOP,D,8,0,0,0.0
E3,S4,TOP,S,8,0,0,0.0
E3,S4,TOP,I,8,0,0,0.0
E3,S4,L,D,0,0,0,
E3,S4,L,S,0,0,0,
E3,S4,L,I,0,0,0,
E3,S4,R,D,8,4,3,0.5
E3,S4,R,S,8,4,4,0.5
E3,S4,R,I,8,0,0,0.0
E3,S5,LR,D,8,0,0,0.0
E3,S5,LR,S,8,0,0,0.0
E3,S5,LR,I,8,0,0,0.0
E3,S5,RL,D,8,2,1,0.25
E3,S5,RL,S,8,1,1,0.125
E3,S5,RL,I,8,0,0,0.0
F3,S1,L,D,8,1,0,0.125
F3,S1,L,S,8,0,0,0.0
F3,S1,L,I,8,4,3,0.5
F3,S1,R,D,0,0,0,
F3,S1,R,S,0,0,0,
F3,S1,R,I,0,0,0,
F3,S1,F,D,8,0,0,0.0
F3,S1,F,S,8,0,0,0.0
F3,S1,F,I,8,0,0,0.0
F3,S1,B,D,8,2,0,0.25
F3,S1,B,S,8,1,0,0.125
F3,S1,B,I,8,0,0,0.0
F3,S3,TOP,D,8,2,2,0.25
F3,S3,TOP,S,8,0,0,0.0
F3,S3,TOP,I,8,0,0,0.0
F3,S3,L,D,8,0,0,0.0
F3,S3,L,S,8,0,0,0.0
F3,S3,L,I,8,0,0,0.0
F3,S3,R,D,0,0,0,
F3,S3,R,S,0,0,0,
F3,S3,R,I,0,0,0,
F3,S4,TOP,D,8,7,2,0.875
F3,S4,TOP,S,8,5,2,0.625
F3,S4,TOP,I,8,6,2,0.75
F3,S4,L,D,0,0,0,
F3,S4,L,S,0,0,0,
F3,S4,L,I,0,0,0,
F3,S4,R,D,8,8,8,1.0
F3,S4,R,S,8,8,3,1.0
F3,S4,R,I,8,2,0,0.25
F3,S5,LR,D,8,7,6,0.875
F3,S5,LR,S,8,8,5,1.0
F3,S5,LR,I,8,1,1,0.125
F3,S5,RL,D,8,6,0,0.75
F3,S5,RL,S,8,4,0,0.5
F3,S5,RL,I,8,4,0,0.5
