model,scene,goal,n_all,n_achievement,n_maintenance,achievement_stable_ever,achievement_stable_at_final,achievement_rate
N3,S1,L,24,24,0,14,5,0.5833333333333334
N3,S1,R,24,0,24,0,0,
N3,S1,F,24,24,0,2,2,0.08333333333333333
N3,S1,B,24,24,0,7,6,0.2916666666666667
N3,S3,TOP,24,24,0,14,11,0.5833333333333334
N3,S3,L,24,24,0,0,0,0.0
N3,S3,R,24,0,24,0,0,
N3,S4,TOP,24,24,0,15,12,0.625
N3,S4,L,24,0,24,0,0,
N3,S4,R,24,24,0,15,9,0.625
N3,S5,LR,24,24,0,0,0,0.0
N3,S5,RL,24,24,0,3,2,0.125
E3,S1,L,24,24,0,5,2,0.20833333333333334
E3,S1,R,24,0,24,0,0,
E3,S1,F,24,24,0,1,0,0.041666666666666664
E3,S1,B,24,24,0,1,0,0.041666666666666664
E3,S3,TOP,24,24,0,3,2,0.125
E3,S3,L,24,24,0,0,0,0.0
E3,S3,R,24,0,24,0,0,
E3,S4,TOP,24,24,0,0,0,0.0
E3,S4,L,24,0,24,0,0,
E3,S4,R,24,24,0,8,7,0.3333333333333333
E3,S5,LR,24,24,0,0,0,0.0
E3,S5,RL,24,24,0,3,2,0.125
F3,S1,L,24,24,0,5,3,0.20833333333333334
F3,S1,R,24,0,24,0,0,
F3,S1,F,24,24,0,0,0,0.0
F3,S1,B,24,24,0,3,0,0.125
F3,S3,TOP,24,24,0,2,2,0.08333333333333333
F3,S3,L,24,24,0,0,0,0.0
F3,S3,R,24,0,24,0,0,
F3,S4,TOP,24,24,0,18,6,0.75
F3,S4,L,24,0,24,0,0,
F3,S4,R,24,24,0,18,11,0.75
F3,S5,LR,24,24,0,16,12,0.6666666666666666
F3,S5,RL,24,24,0,14,0,0.5833333333333334
