model,stratum,form,endpoint,n,successes,raw_rate,scene_goal_weighted_rate
pooled,all,all,stable_ever,864,383,0.44328703703703703,0.43229166666666663
pooled,all,all,stable_at_final,864,191,0.22106481481481483,0.21817129629629628
pooled,all,D,stable_ever,288,146,0.5069444444444444,0.5
pooled,all,D,stable_at_final,288,79,0.2743055555555556,0.2769097222222222
pooled,all,S,stable_ever,288,134,0.4652777777777778,0.45920138888888884
pooled,all,S,stable_at_final,288,70,0.24305555555555555,0.24479166666666666
pooled,all,I,stable_ever,288,103,0.3576388888888889,0.33767361111111116
pooled,all,I,stable_at_final,288,42,0.14583333333333334,0.1328125
pooled,achievement,all,stable_ever,648,167,0.25771604938271603,0.2679398148148148
pooled,achievement,all,stable_at_final,648,94,0.14506172839506173,0.1527777777777778
pooled,achievement,D,stable_ever,216,74,0.3425925925925926,0.3576388888888889
pooled,achievement,D,stable_at_final,216,42,0.19444444444444445,0.21180555555555555
pooled,achievement,S,stable_ever,216,62,0.28703703703703703,0.3038194444444444
pooled,achievement,S,stable_at_final,216,37,0.1712962962962963,0.1840277777777778
pooled,achievement,I,stable_ever,216,31,0.14351851851851852,0.1423611111111111
pooled,achievement,I,stable_at_final,216,15,0.06944444444444445,0.0625
pooled,maintenance,all,stable_ever,216,216,1.0,1.0
pooled,maintenance,all,stable_at_final,216,97,0.44907407407407407,0.4490740740740741
pooled,maintenance,D,stable_ever,72,72,1.0,1.0
pooled,maintenance,D,stable_at_final,72,37,0.5138888888888888,0.5138888888888888
pooled,maintenance,S,stable_ever,72,72,1.0,1.0
pooled,maintenance,S,stable_at_final,72,33,0.4583333333333333,0.4583333333333333
pooled,maintenance,I,stable_ever,72,72,1.0,1.0
pooled,maintenance,I,stable_at_final,72,27,0.375,0.375
N3,all,all,stable_ever,288,142,0.4930555555555556,0.4574652777777778
N3,all,all,stable_at_final,288,77,0.2673611111111111,0.2552083333333333
N3,all,D,stable_ever,96,52,0.5416666666666666,0.5026041666666666
N3,all,D,stable_at_final,96,30,0.3125,0.3020833333333333
N3,all,S,stable_ever,96,52,0.5416666666666666,0.5078125
N3,all,S,stable_at_final,96,32,0.3333333333333333,0.32291666666666663
N3,all,I,stable_ever,96,38,0.3958333333333333,0.36197916666666663
N3,all,I,stable_at_final,96,15,0.15625,0.140625
N3,achievement,all,stable_ever,216,70,0.32407407407407407,0.3246527777777778
N3,achievement,all,stable_at_final,216,47,0.2175925925925926,0.2222222222222222
N3,achievement,D,stable_ever,72,28,0.3888888888888889,0.390625
N3,achievement,D,stable_at_final,72,17,0.2361111111111111,0.25
N3,achievement,S,stable_ever,72,28,0.3888888888888889,0.40104166666666663
N3,achievement,S,stable_at_final,72,21,0.2916666666666667,0.30729166666666663
N3,achievement,I,stable_ever,72,14,0.19444444444444445,0.18229166666666666
N3,achievement,I,stable_at_final,72,9,0.125,0.10937499999999999
N3,maintenance,all,stable_ever,72,72,1.0,1.0
N3,maintenance,all,stable_at_final,72,30,0.4166666666666667,0.4166666666666667
N3,maintenance,D,stable_ever,24,24,1.0,1.0
N3,maintenance,D,stable_at_final,24,13,0.5416666666666666,0.5416666666666666
N3,maintenance,S,stable_ever,24,24,1.0,1.0
N3,maintenance,S,stable_at_final,24,11,0.4583333333333333,0.4583333333333333
N3,maintenance,I,stable_ever,24,24,1.0,1.0
N3,maintenance,I,stable_at_final,24,6,0.25,0.25
E3,all,all,stable_ever,288,93,0.3229166666666667,0.3012152777777778
E3,all,all,stable_at_final,288,45,0.15625,0.1519097222222222
E3,all,D,stable_ever,96,37,0.3854166666666667,0.3645833333333333
E3,all,D,stable_at_final,96,19,0.19791666666666666,0.19010416666666663
E3,all,S,stable_ever,96,32,0.3333333333333333,0.3098958333333333
E3,all,S,stable_at_final,96,16,0.16666666666666666,0.16145833333333331
E3,all,I,stable_ever,96,24,0.25,0.22916666666666663
E3,all,I,stable_at_final,96,10,0.10416666666666667,0.10416666666666666
E3,achievement,all,stable_ever,216,21,0.09722222222222222,0.09722222222222221
E3,achievement,all,stable_at_final,216,13,0.06018518518518518,0.0642361111111111
E3,achievement,D,stable_ever,72,13,0.18055555555555555,0.18229166666666666
E3,achievement,D,stable_at_final,72,7,0.09722222222222222,0.10416666666666666
E3,achievement,S,stable_ever,72,8,0.1111111111111111,0.109375
E3,achievement,S,stable_at_final,72,6,0.08333333333333333,0.08854166666666666
E3,achievement,I,stable_ever,72,0,0.0,0.0
E3,achievement,I,stable_at_final,72,0,0.0,0.0
E3,maintenance,all,stable_ever,72,72,1.0,1.0
E3,maintenance,all,stable_at_final,72,32,0.4444444444444444,0.4444444444444444
E3,maintenance,D,stable_ever,24,24,1.0,1.0
E3,maintenance,D,stable_at_final,24,12,0.5,0.5
E3,maintenance,S,stable_ever,24,24,1.0,1.0
E3,maintenance,S,stable_at_final,24,10,0.4166666666666667,0.4166666666666667
E3,maintenance,I,stable_ever,24,24,1.0,1.0
E3,maintenance,I,stable_at_final,24,10,0.4166666666666667,0.4166666666666667
F3,all,all,stable_ever,288,148,0.5138888888888888,0.5381944444444444
F3,all,all,stable_at_final,288,69,0.23958333333333334,0.24739583333333331
F3,all,D,stable_ever,96,57,0.59375,0.6328125
F3,all,D,stable_at_final,96,30,0.3125,0.33854166666666663
F3,all,S,stable_ever,96,50,0.5208333333333334,0.5598958333333333
F3,all,S,stable_at_final,96,22,0.22916666666666666,0.24999999999999997
F3,all,I,stable_ever,96,41,0.4270833333333333,0.421875
F3,all,I,stable_at_final,96,17,0.17708333333333334,0.15364583333333331
F3,achievement,all,stable_ever,216,76,0.35185185185185186,0.3819444444444445
F3,achievement,all,stable_at_final,216,34,0.1574074074074074,0.171875
F3,achievement,D,stable_ever,72,33,0.4583333333333333,0.5
F3,achievement,D,stable_at_final,72,18,0.25,0.28125
F3,achievement,S,stable_ever,72,26,0.3611111111111111,0.40104166666666663
F3,achievement,S,stable_at_final,72,10,0.1388888888888889,0.15625
F3,achievement,I,stable_ever,72,17,0.2361111111111111,0.24479166666666663
F3,achievement,I,stable_at_final,72,6,0.08333333333333333,0.078125
F3,maintenance,all,stable_ever,72,72,1.0,1.0
F3,maintenance,all,stable_at_final,72,35,0.4861111111111111,0.4861111111111111
F3,maintenance,D,stable_ever,24,24,1.0,1.0
F3,maintenance,D,stable_at_final,24,12,0.5,0.5
F3,maintenance,S,stable_ever,24,24,1.0,1.0
F3,maintenance,S,stable_at_final,24,12,0.5,0.5
F3,maintenance,I,stable_ever,24,24,1.0,1.0
F3,maintenance,I,stable_at_final,24,11,0.4583333333333333,0.4583333333333333
