model,scene,state,contrast,n_goal_model_pairs,mean_paired_difference
N3,S1,S1-C01,S-I,4,-0.25
N3,S1,S1-C02,S-I,4,0.25
N3,S1,S1-C03,S-I,4,0.0
N3,S1,S1-C04,S-I,4,-0.25
N3,S1,S1-C05,S-I,4,0.0
N3,S1,S1-C06,S-I,4,0.0
N3,S1,S1-C07,S-I,4,0.25
N3,S1,S1-C08,S-I,4,0.0
N3,S3,S3-C01,S-I,3,0.0
N3,S3,S3-C02,S-I,3,0.0
N3,S3,S3-C03,S-I,3,0.3333333333333333
N3,S3,S3-C04,S-I,3,0.0
N3,S3,S3-C05,S-I,3,0.0
N3,S3,S3-C06,S-I,3,0.3333333333333333
N3,S3,S3-C07,S-I,3,0.3333333333333333
N3,S3,S3-C08,S-I,3,0.3333333333333333
N3,S4,S4-C01,S-I,3,0.3333333333333333
N3,S4,S4-C02,S-I,3,0.3333333333333333
N3,S4,S4-C03,S-I,3,0.6666666666666666
N3,S4,S4-C04,S-I,3,0.3333333333333333
N3,S4,S4-C05,S-I,3,0.6666666666666666
N3,S4,S4-C06,S-I,3,0.3333333333333333
N3,S4,S4-C07,S-I,3,0.3333333333333333
N3,S4,S4-C08,S-I,3,0.3333333333333333
N3,S5,S5-C01,S-I,2,0.0
N3,S5,S5-C02,S-I,2,0.0
N3,S5,S5-C03,S-I,2,0.5
N3,S5,S5-C04,S-I,2,0.0
N3,S5,S5-C05,S-I,2,0.0
N3,S5,S5-C06,S-I,2,0.0
N3,S5,S5-C07,S-I,2,-0.5
N3,S5,S5-C08,S-I,2,0.0
N3,S1,S1-C01,D-S,4,0.25
N3,S1,S1-C02,D-S,4,-0.25
N3,S1,S1-C03,D-S,4,0.0
N3,S1,S1-C04,D-S,4,0.25
N3,S1,S1-C05,D-S,4,0.0
N3,S1,S1-C06,D-S,4,0.0
N3,S1,S1-C07,D-S,4,0.0
N3,S1,S1-C08,D-S,4,0.25
N3,S3,S3-C01,D-S,3,0.3333333333333333
N3,S3,S3-C02,D-S,3,-0.3333333333333333
N3,S3,S3-C03,D-S,3,-0.3333333333333333
N3,S3,S3-C04,D-S,3,0.3333333333333333
N3,S3,S3-C05,D-S,3,0.0
N3,S3,S3-C06,D-S,3,0.0
N3,S3,S3-C07,D-S,3,0.0
N3,S3,S3-C08,D-S,3,0.0
N3,S4,S4-C01,D-S,3,0.3333333333333333
N3,S4,S4-C02,D-S,3,0.0
N3,S4,S4-C03,D-S,3,-0.3333333333333333
N3,S4,S4-C04,D-S,3,-0.3333333333333333
N3,S4,S4-C05,D-S,3,-0.3333333333333333
N3,S4,S4-C06,D-S,3,0.0
N3,S4,S4-C07,D-S,3,0.0
N3,S4,S4-C08,D-S,3,0.0
N3,S5,S5-C01,D-S,2,0.0
N3,S5,S5-C02,D-S,2,0.0
N3,S5,S5-C03,D-S,2,-0.5
N3,S5,S5-C04,D-S,2,0.0
N3,S5,S5-C05,D-S,2,0.0
N3,S5,S5-C06,D-S,2,0.5
N3,S5,S5-C07,D-S,2,0.0
N3,S5,S5-C08,D-S,2,0.0
E3,S1,S1-C01,S-I,4,0.0
E3,S1,S1-C02,S-I,4,0.25
E3,S1,S1-C03,S-I,4,0.25
E3,S1,S1-C04,S-I,4,0.0
E3,S1,S1-C05,S-I,4,0.0
E3,S1,S1-C06,S-I,4,0.25
E3,S1,S1-C07,S-I,4,0.0
E3,S1,S1-C08,S-I,4,0.0
E3,S3,S3-C01,S-I,3,0.0
E3,S3,S3-C02,S-I,3,0.0
E3,S3,S3-C03,S-I,3,0.0
E3,S3,S3-C04,S-I,3,0.0
E3,S3,S3-C05,S-I,3,0.0
E3,S3,S3-C06,S-I,3,0.0
E3,S3,S3-C07,S-I,3,0.0
E3,S3,S3-C08,S-I,3,0.0
E3,S4,S4-C01,S-I,3,0.0
E3,S4,S4-C02,S-I,3,0.3333333333333333
E3,S4,S4-C03,S-I,3,0.0
E3,S4,S4-C04,S-I,3,0.3333333333333333
E3,S4,S4-C05,S-I,3,0.0
E3,S4,S4-C06,S-I,3,0.3333333333333333
E3,S4,S4-C07,S-I,3,0.3333333333333333
E3,S4,S4-C08,S-I,3,0.0
E3,S5,S5-C01,S-I,2,0.0
E3,S5,S5-C02,S-I,2,0.0
E3,S5,S5-C03,S-I,2,0.0
E3,S5,S5-C04,S-I,2,0.5
E3,S5,S5-C05,S-I,2,0.0
E3,S5,S5-C06,S-I,2,0.0
E3,S5,S5-C07,S-I,2,0.0
E3,S5,S5-C08,S-I,2,0.0
E3,S1,S1-C01,D-S,4,0.0
E3,S1,S1-C02,D-S,4,0.0
E3,S1,S1-C03,D-S,4,0.0
E3,S1,S1-C04,D-S,4,0.0
E3,S1,S1-C05,D-S,4,0.25
E3,S1,S1-C06,D-S,4,0.0
E3,S1,S1-C07,D-S,4,0.0
E3,S1,S1-C08,D-S,4,0.0
E3,S3,S3-C01,D-S,3,0.0
E3,S3,S3-C02,D-S,3,0.3333333333333333
E3,S3,S3-C03,D-S,3,0.0
E3,S3,S3-C04,D-S,3,0.3333333333333333
E3,S3,S3-C05,D-S,3,0.0
E3,S3,S3-C06,D-S,3,0.0
E3,S3,S3-C07,D-S,3,0.0
E3,S3,S3-C08,D-S,3,0.3333333333333333
E3,S4,S4-C01,D-S,3,0.0
E3,S4,S4-C02,D-S,3,-0.3333333333333333
E3,S4,S4-C03,D-S,3,0.3333333333333333
E3,S4,S4-C04,D-S,3,-0.3333333333333333
E3,S4,S4-C05,D-S,3,0.0
E3,S4,S4-C06,D-S,3,0.0
E3,S4,S4-C07,D-S,3,0.0
E3,S4,S4-C08,D-S,3,0.3333333333333333
E3,S5,S5-C01,D-S,2,0.0
E3,S5,S5-C02,D-S,2,0.0
E3,S5,S5-C03,D-S,2,0.0
E3,S5,S5-C04,D-S,2,0.0
E3,S5,S5-C05,D-S,2,0.0
E3,S5,S5-C06,D-S,2,0.0
E3,S5,S5-C07,D-S,2,0.5
E3,S5,S5-C08,D-S,2,0.0
F3,S1,S1-C01,S-I,4,0.0
F3,S1,S1-C02,S-I,4,-0.25
F3,S1,S1-C03,S-I,4,0.0
F3,S1,S1-C04,S-I,4,0.0
F3,S1,S1-C05,S-I,4,0.0
F3,S1,S1-C06,S-I,4,0.0
F3,S1,S1-C07,S-I,4,-0.25
F3,S1,S1-C08,S-I,4,-0.25
F3,S3,S3-C01,S-I,3,0.0
F3,S3,S3-C02,S-I,3,0.0
F3,S3,S3-C03,S-I,3,0.0
F3,S3,S3-C04,S-I,3,0.0
F3,S3,S3-C05,S-I,3,0.0
F3,S3,S3-C06,S-I,3,0.0
F3,S3,S3-C07,S-I,3,0.0
F3,S3,S3-C08,S-I,3,0.0
F3,S4,S4-C01,S-I,3,0.3333333333333333
F3,S4,S4-C02,S-I,3,0.0
F3,S4,S4-C03,S-I,3,0.0
F3,S4,S4-C04,S-I,3,0.3333333333333333
F3,S4,S4-C05,S-I,3,0.0
F3,S4,S4-C06,S-I,3,0.3333333333333333
F3,S4,S4-C07,S-I,3,0.3333333333333333
F3,S4,S4-C08,S-I,3,0.3333333333333333
F3,S5,S5-C01,S-I,2,0.0
F3,S5,S5-C02,S-I,2,1.0
F3,S5,S5-C03,S-I,2,0.5
F3,S5,S5-C04,S-I,2,0.5
F3,S5,S5-C05,S-I,2,0.5
F3,S5,S5-C06,S-I,2,0.5
F3,S5,S5-C07,S-I,2,0.0
F3,S5,S5-C08,S-I,2,0.5
F3,S1,S1-C01,D-S,4,0.0
F3,S1,S1-C02,D-S,4,0.0
F3,S1,S1-C03,D-S,4,0.0
F3,S1,S1-C04,D-S,4,0.0
F3,S1,S1-C05,D-S,4,0.25
F3,S1,S1-C06,D-S,4,0.25
F3,S1,S1-C07,D-S,4,0.0
F3,S1,S1-C08,D-S,4,0.0
F3,S3,S3-C01,D-S,3,0.0
F3,S3,S3-C02,D-S,3,0.0
F3,S3,S3-C03,D-S,3,0.3333333333333333
F3,S3,S3-C04,D-S,3,0.0
F3,S3,S3-C05,D-S,3,0.0
F3,S3,S3-C06,D-S,3,0.0
F3,S3,S3-C07,D-S,3,0.3333333333333333
F3,S3,S3-C08,D-S,3,0.0
F3,S4,S4-C01,D-S,3,0.0
F3,S4,S4-C02,D-S,3,-0.3333333333333333
F3,S4,S4-C03,D-S,3,0.3333333333333333
F3,S4,S4-C04,D-S,3,0.0
F3,S4,S4-C05,D-S,3,0.0
F3,S4,S4-C06,D-S,3,0.0
F3,S4,S4-C07,D-S,3,0.3333333333333333
F3,S4,S4-C08,D-S,3,0.3333333333333333
F3,S5,S5-C01,D-S,2,-0.5
F3,S5,S5-C02,D-S,2,-0.5
F3,S5,S5-C03,D-S,2,0.5
F3,S5,S5-C04,D-S,2,0.0
F3,S5,S5-C05,D-S,2,0.5
F3,S5,S5-C06,D-S,2,0.0
F3,S5,S5-C07,D-S,2,0.5
F3,S5,S5-C08,D-S,2,0.0
pooled,S1,S1-C01,S-I,12,-0.08333333333333333
pooled,S1,S1-C02,S-I,12,0.08333333333333333
pooled,S1,S1-C03,S-I,12,0.08333333333333333
pooled,S1,S1-C04,S-I,12,-0.08333333333333333
pooled,S1,S1-C05,S-I,12,0.0
pooled,S1,S1-C06,S-I,12,0.08333333333333333
pooled,S1,S1-C07,S-I,12,0.0
pooled,S1,S1-C08,S-I,12,-0.08333333333333333
pooled,S3,S3-C01,S-I,9,0.0
pooled,S3,S3-C02,S-I,9,0.0
pooled,S3,S3-C03,S-I,9,0.1111111111111111
pooled,S3,S3-C04,S-I,9,0.0
pooled,S3,S3-C05,S-I,9,0.0
pooled,S3,S3-C06,S-I,9,0.1111111111111111
pooled,S3,S3-C07,S-I,9,0.1111111111111111
pooled,S3,S3-C08,S-I,9,0.1111111111111111
pooled,S4,S4-C01,S-I,9,0.2222222222222222
pooled,S4,S4-C02,S-I,9,0.2222222222222222
pooled,S4,S4-C03,S-I,9,0.2222222222222222
pooled,S4,S4-C04,S-I,9,0.3333333333333333
pooled,S4,S4-C05,S-I,9,0.2222222222222222
pooled,S4,S4-C06,S-I,9,0.3333333333333333
pooled,S4,S4-C07,S-I,9,0.3333333333333333
pooled,S4,S4-C08,S-I,9,0.2222222222222222
pooled,S5,S5-C01,S-I,6,0.0
pooled,S5,S5-C02,S-I,6,0.3333333333333333
pooled,S5,S5-C03,S-I,6,0.3333333333333333
pooled,S5,S5-C04,S-I,6,0.3333333333333333
pooled,S5,S5-C05,S-I,6,0.16666666666666666
pooled,S5,S5-C06,S-I,6,0.16666666666666666
pooled,S5,S5-C07,S-I,6,-0.16666666666666666
pooled,S5,S5-C08,S-I,6,0.16666666666666666
pooled,S1,S1-C01,D-S,12,0.08333333333333333
pooled,S1,S1-C02,D-S,12,-0.08333333333333333
pooled,S1,S1-C03,D-S,12,0.0
pooled,S1,S1-C04,D-S,12,0.08333333333333333
pooled,S1,S1-C05,D-S,12,0.16666666666666666
pooled,S1,S1-C06,D-S,12,0.08333333333333333
pooled,S1,S1-C07,D-S,12,0.0
pooled,S1,S1-C08,D-S,12,0.08333333333333333
pooled,S3,S3-C01,D-S,9,0.1111111111111111
pooled,S3,S3-C02,D-S,9,0.0
pooled,S3,S3-C03,D-S,9,0.0
pooled,S3,S3-C04,D-S,9,0.2222222222222222
pooled,S3,S3-C05,D-S,9,0.0
pooled,S3,S3-C06,D-S,9,0.0
pooled,S3,S3-C07,D-S,9,0.1111111111111111
pooled,S3,S3-C08,D-S,9,0.1111111111111111
pooled,S4,S4-C01,D-S,9,0.1111111111111111
pooled,S4,S4-C02,D-S,9,-0.2222222222222222
pooled,S4,S4-C03,D-S,9,0.1111111111111111
pooled,S4,S4-C04,D-S,9,-0.2222222222222222
pooled,S4,S4-C05,D-S,9,-0.1111111111111111
pooled,S4,S4-C06,D-S,9,0.0
pooled,S4,S4-C07,D-S,9,0.1111111111111111
pooled,S4,S4-C08,D-S,9,0.2222222222222222
pooled,S5,S5-C01,D-S,6,-0.16666666666666666
pooled,S5,S5-C02,D-S,6,-0.16666666666666666
pooled,S5,S5-C03,D-S,6,0.0
pooled,S5,S5-C04,D-S,6,0.0
pooled,S5,S5-C05,D-S,6,0.16666666666666666
pooled,S5,S5-C06,D-S,6,0.16666666666666666
pooled,S5,S5-C07,D-S,6,0.3333333333333333
pooled,S5,S5-C08,D-S,6,0.0
