model,stratum,contrast,endpoint,n_pairs,n_state_clusters,difference,a_only,b_only,p_sign_flip,p_holm_two_contrasts,ci_low,ci_high
pooled,all,S-I,stable_ever,288,32,0.12152777777777776,45,14,5.999940000599994e-05,0.00011999880001199988,0.0859375,0.15364583333333334
pooled,all,D-S,stable_ever,288,32,0.040798611111111105,25,13,0.0890491095089049,0.0890491095089049,-0.0017361111111111127,0.08420138888888888
pooled,all,S-I,stable_at_final,288,32,0.11197916666666666,52,24,0.0025499745002549976,0.005099949000509995,0.0720486111111111,0.1501736111111111
pooled,all,D-S,stable_at_final,288,32,0.03211805555555555,40,31,0.2856771432285677,0.2856771432285677,-0.020855034722222204,0.0876736111111111
pooled,achievement,S-I,stable_ever,216,32,0.16145833333333331,45,14,5.999940000599994e-05,0.00011999880001199988,0.12152777777777778,0.19965277777777773
pooled,achievement,D-S,stable_ever,216,32,0.05381944444444445,25,13,0.0905590944090559,0.0905590944090559,-0.0034722222222222142,0.109375
pooled,achievement,S-I,stable_at_final,216,32,0.12152777777777778,33,11,0.0005199948000519994,0.0010399896001039989,0.08680555555555555,0.1579861111111111
pooled,achievement,D-S,stable_at_final,216,32,0.027777777777777776,20,15,0.36073639263607366,0.36073639263607366,-0.02430555555555556,0.08159722222222221
N3,all,S-I,stable_ever,96,32,0.14583333333333331,22,8,0.003979960200397996,,0.08072916666666666,0.2109375
N3,all,D-S,stable_ever,96,32,-0.0052083333333333304,7,7,0.9389206107938921,,-0.08072916666666666,0.07291666666666666
N3,all,S-I,stable_at_final,96,32,0.18229166666666663,25,8,0.001869981300186998,,0.11458333333333331,0.25
N3,all,D-S,stable_at_final,96,32,-0.020833333333333325,16,18,0.8035519644803552,,-0.16145833333333334,0.11979166666666666
N3,achievement,S-I,stable_ever,72,32,0.21875,22,8,0.0014399856001439985,,0.13541666666666666,0.3020833333333333
N3,achievement,D-S,stable_ever,72,32,-0.01041666666666667,7,7,0.9070509294907051,,-0.109375,0.09375
N3,achievement,S-I,stable_at_final,72,32,0.19791666666666669,18,6,0.0034999650003499964,,0.11979166666666666,0.28125
N3,achievement,D-S,stable_at_final,72,32,-0.05729166666666666,8,12,0.4353156468435316,,-0.1875,0.06770833333333334
E3,all,S-I,stable_ever,96,32,0.08072916666666666,8,0,0.007999920000799993,,0.03645833333333333,0.12760416666666666
E3,all,D-S,stable_ever,96,32,0.05468749999999999,8,3,0.14881851181488184,,-0.002604166666666668,0.11458333333333333
E3,all,S-I,stable_at_final,96,32,0.057291666666666664,11,5,0.2064279357206428,,-0.005208333333333334,0.125
E3,all,D-S,stable_at_final,96,32,0.02864583333333334,11,8,0.6221237787622124,,-0.05468749999999999,0.11458333333333333
E3,achievement,S-I,stable_ever,72,32,0.109375,8,0,0.007999920000799993,,0.05208333333333333,0.16666666666666666
E3,achievement,D-S,stable_ever,72,32,0.07291666666666666,8,3,0.18008819911800883,,-0.005208333333333336,0.15625
E3,achievement,S-I,stable_at_final,72,32,0.08854166666666666,6,0,0.03104968950310497,,0.03125,0.14583333333333331
E3,achievement,D-S,stable_at_final,72,32,0.015625,4,3,1.0,,-0.0625,0.09375
F3,all,S-I,stable_ever,96,32,0.13802083333333331,15,6,0.006789932100678993,,0.07552083333333333,0.20052083333333331
F3,all,D-S,stable_ever,96,32,0.07291666666666666,10,3,0.11440885591144088,,-0.010416666666666668,0.15364583333333331
F3,all,S-I,stable_at_final,96,32,0.09635416666666666,16,11,0.10886891131088688,,0.02083333333333333,0.17447916666666666
F3,all,D-S,stable_at_final,96,32,0.08854166666666667,13,5,0.1001789982100179,,0.005208333333333336,0.17447916666666666
F3,achievement,S-I,stable_ever,72,32,0.15625,15,6,0.011289887101128989,,0.08333333333333334,0.22916666666666669
F3,achievement,D-S,stable_ever,72,32,0.09895833333333333,10,3,0.09212907870921291,,0.0,0.19791666666666666
F3,achievement,S-I,stable_at_final,72,32,0.078125,9,5,0.11129888701112989,,0.010416666666666671,0.14583333333333331
F3,achievement,D-S,stable_at_final,72,32,0.125,8,0,0.008179918200817992,,0.0625,0.1875
