finding_id,run_id,test,bank,checkpoint_id,claim,analysis_status,estimate,interval,denominator,evidence_table,evidence_row_ids,counterevidence,limitations,suggested_paper_use,review_status,author_decision
CF01,r1-20261006,lineage,none,N3-policy; N3-upstream-qwen3vl8b; N3-base,"The executed Cosmos3-Nano-Policy-DROID reasoner tower (LM layers, embeddings, LM head, vision encoder) is byte-identical to Qwen3-VL-8B-Instruct; the Cosmos3-Nano base reasoner differs from it in 708/750 tensors and is not its parent.",verified_fact_pre_inference,750/750 identical vs upstream; 708/750 different vs Nano base,n/a (exact hashes),750 reasoner tensors,artifacts/robolab_vqa_20261006/eligibility/eligibility_audit.json; runs/r1-20261006/lanes.json,eligibility_audit.json pairs.N3-base__N3-policy; lanes.json identity_groups[0]; loaded_parameter_digest eb00cb16…,None found; vLLM loaded-parameter digests and six fixture outputs also identical,Says nothing about how the action pathway conditions on these weights; HF release files only (training logs unavailable),Methods sentence: the policy's language/vision readout is the unadapted Qwen3-VL-8B release,unreviewed,
CF02,r1-20261006,lineage,none,E3-policy; E3-base; F3-qwen3vl4b,The executed Cosmos3-Edge-Policy-DROID reasoner is tensor-identical to the Cosmos3-Edge (initial release) base reasoner; only generation-path tensors changed. FLUX 3 Action's shared encoder is byte-identical to Qwen3-VL-4B-Instruct.,verified_fact_pre_inference,identical loaded parameters (digest d5a61863…); FLUX text_encoder shards identical to Qwen3-VL-4B-Instruct@ebb281e,n/a (exact hashes),506 loaded parameters (Edge); 2 shards (FLUX),artifacts/robolab_vqa_20261006/eligibility/eligibility_audit.json; runs/r1-20261006/lanes.json,lanes.json identity_groups[1]; eligibility_audit.json lanes.F3-qwen3vl4b.upstream_comparison,Edge loading needed rqa-adapter-1 (drops generation-path k_norm_und_for_gen; config view),"FLUX revision resolved from retained download metadata, not the original receipt string; standalone image QA is not FLUX policy VQA",Methods sentence on component identity,unreviewed,
CF03,r1-20261006,C,initial,R1 N3-policy; R2 N3-base; R3 E3-policy; R4 F3-qwen3vl4b,"Pre-specified primary endpoint (C TF−RF accuracy, initial S1/S3/S4) was uninformative: R1, R3 and R4 answered 'no' to essentially every query (accuracy = constant-'no' prior 69.4%; balanced accuracy 50.0–50.7%), giving 0.0, +1.0 and 0.0 pp; R2 −9.0 pp with near-chance balanced accuracy.",primary_inconclusive_floor,R1 +0.0; R2 −9.0; R3 +1.0; R4 +0.0 pp,"R1 [0.0, 0.0]; R2 [−16.3, −1.7]; R3 [0.0, +3.1]; R4 [0.0, 0.0]",78 complete TF/RF pairs per readout (24 starts; 2 jointly excluded),runs/r1-20261006/TABLES.md §C initial main; runs/r1-20261006/results/metrics_long.csv,<lane>/initial/main_S1_S3_S4/C_TF_RF/gap; <lane>/initial/main_S1_S3_S4/C_balanced_all_forms/balanced_accuracy,"R2's gap arises from wrong 'yes' answers on TF/DIR items, not better RF verification",Constant answers make the interval degenerate; not evidence of wording robustness; C wrapper may be read as task completion; provisional labels,Report as a null/limitation: the arrangement-verification check could not detect wording effects,unreviewed,
CF04,r1-20261006,C,no_image + initial,R1; R3; R4,"C answers were not image-driven: with no image R1 and R4 answered 'no' to all 36 instructions (R3 32 no + 4 unknown), the same as with images; recall of initially satisfied arrangements was 0% (R1, R4) and 1.4% (R3) of 66.",descriptive_control,"36/36 'no' (R1, R4)",conditional on fixed answers,36 unique instructions; 66 initially satisfied items,runs/r1-20261006/TABLES.md §C no-image; §C initial main,<lane>/C_no_image_answers_by_form; <lane>/initial/main_S1_S3_S4/C_balanced_all_forms/recall_yes,R2 recall_yes 22.6% (some image-dependent yes answers),Fixed layouts make goal priors sufficient; initial labels constant within goal,Supporting sentence for CF03,unreviewed,
CF05,r1-20261006,B,initial + no_image,R1; R2; R4,"Instruction interpretation shows a TF > RF gap in the requested relation: with images TF tuple accuracy 100% vs RF 61.1% (R1), 53.5% (R2), 36.1% (R4) in S1/S3/S4; lateral/front-behind RF errors are mostly the converse relation (32/80, 18/80, 40/80). Text-only (finite): RF 10/10, 8/10, 3/10 vs TF 10/10; every discordant TF/RF text pair was TF-correct/RF-wrong.",descriptive_localization,"TF−RF +38.9 (R1), +46.5 (R2), +63.9 (R4) pp","R1 degenerate; R2 [+44.4, +49.7]; R4 [+59.7, +68.1] (start bootstrap)",80 TF and 80 RF image queries per readout (10 instruction pairs × 8 starts); 10+10 text-only instructions,"runs/r1-20261006/TABLES.md §B text-only, §B with images, §B error taxonomy; runs/r1-20261006/results/b_error_taxonomy.csv","<lane>/initial/main_S1_S3_S4/B_image_TF_RF/gap; b_error_taxonomy rows <lane>,initial,S1/S3/S4,RF",R3 (Edge) mostly invalid format; S3/S4 TOP RF errors partly on_top_supported↔stacked_on near-synonym swaps rather than reversals,"Answers barely vary across starts, so the effective sample is 10 instruction pairs; verbal readout is not the policy's latent decision; directional agreement with the action gap is not causal",Candidate main-text sentence: the language components themselves mis-parse converse RF phrasing,unreviewed,
CF06,r1-20261006,B,initial vs no_image,R1 (N3 policy reasoner),"For the executed N3 policy's reasoner (Qwen3-VL-8B), RF interpretation errors appear only when images are present: text-only RF 10/10 correct vs image-conditioned RF 48/80 (32 converse relations).",exploratory_post_result,10/10 vs 48/80,n/a,10 text RF; 80 image RF,runs/r1-20261006/TABLES.md §B error taxonomy,"b_error_taxonomy rows N3-policy,no_image,S1/S3/S4,RF and N3-policy,initial,S1/S3/S4,RF","Not seen as cleanly for R2/R4, whose text-only RF already had errors",Post-result subgroup; image presentation includes a calibration legend; single deterministic decoding,"Exploratory mention only, if any",unreviewed,
CF07,r1-20261006,B; C,no_image + initial,R1; R2; R4 (R3 format-limited),"Clause-placement control (reference early vs late, same relation words) produced no B errors (8/8 pairs text-only; image early−late 0.0 pp), so the RF difficulty is tied to converse relational phrasing rather than reference position.",descriptive_control,0.0 pp (B image); 8/8 text pairs both correct,"B image [0.0, 0.0]",8 text pairs; 64 image pairs (S1/S3/S4),runs/r1-20261006/TABLES.md §Clause-placement control,<lane>/initial/main_S1_S3_S4/placement_B_image/gap; text_only_B/placement/paired_tuple_table,"C placement: R3 −5.2 pp [−7.3, −2.1], R2 +7.1 [−1.6, +16.1] (C mostly uninformative)",Clause relocation also changes capitalization/punctuation; no action outcomes exist for these prompts,Supporting control sentence for CF05,unreviewed,
CF08,r1-20261006,A,initial,R1; R2; R3; R4,"Robot-frame scene-relation judgments were near chance for the Qwen3-VL-lineage readouts (accuracy 51.1%, 50.5%, 52.7%; R1 strongly yes-biased, balanced 61.6%) and better for the Edge reasoner (71.4%, balanced 68.4%); converse-question gaps had inconsistent signs (−11.6, +7.4, −4.5, −6.7 pp).",descriptive,A accuracy 51.1 / 50.5 / 71.4 / 52.7%,"R1 [48.8, 53.6]; R2 [46.9, 54.0]; R3 [65.5, 75.9]; R4 [47.7, 57.5]",188 answerable initial A items per readout (156 in S1/S3/S4),runs/r1-20261006/TABLES.md §A initial,<lane>/initial/main_S1_S3_S4/A_accuracy; A_pairs/gap,Secondary bank A 52.9–64.2%,Calibration legend added; provisional visibility; robot-frame conventions are demanding from exterior views,"Possible sentence: visual relation/coordinate-frame understanding may also contribute (B strong, A weak pattern)",unreviewed,
CF09,r1-20261006,A; C,secondary,R1; R2; R3; R4,The saved-rollout bank reproduces the initial-bank pattern: C nearly always 'no' (balanced accuracy 50.0–55.1%; TF−RF ≤ +2.4 pp) and A 52.9–64.2%.,descriptive_secondary,C TF−RF 0.0 / +1.1 / +2.4 / 0.0 pp,"R2 [0.0, +3.7]; R3 [0.0, +6.6]",120 complete C pairs (40 jointly excluded) per readout,runs/r1-20261006/TABLES.md §C saved-rollout main; §A secondary,<lane>/secondary/main_S1_S3_S4/C_TF_RF/gap,None,"Policy-input resolution (wrist 360×640, exterior 180×320); 129 C items excluded for gripper contact",Robustness note,unreviewed,
CF10,r1-20261006,B,initial + no_image,R3 E3-policy,"The Cosmos3-Edge reasoner largely did not follow the B output contract (264/288 image and 16/36 text responses invalid: natural-language object names, JSON arrays), so its instruction interpretation cannot be evaluated under the frozen strict parser.",limitation,"valid 24/288 (image), 20/36 (text)",n/a,288 + 36 queries,runs/r1-20261006/TABLES.md §Coverage; §B error taxonomy,"coverage.csv rows E3-policy,original,B",Valid responses (TF 8/12 text-only) mostly correct,No post-result repair permitted,Limitation sentence if Edge B is discussed,unreviewed,
CF11,r1-20261006,B; C,initial + secondary,R1; R2; R4,S5 stacking semantics split by readout: R1 maps 'Stack … on' to on_top_supported (DIR 0/16 vs stacked_on gold) while R2 and R4 map the literal RF 'underneath and supporting' to stacked_on (RF 0/16).,exploratory_semantic,"0/16 (R1 DIR); 0/16 (R2, R4 RF)",n/a,16 image queries per form,runs/r1-20261006/TABLES.md §B with images (S5),<lane>/initial/S5/B_image_tuple_accuracy_<form>,Initial S5 C labels are all 'no' (balanced accuracy undefined),S5 is outside the headline pool by design; support vs nesting is a genuine semantic distinction,Supports the decision to report S5 separately,unreviewed,
CF12,r1-20261006,A; B; C,initial,R1 minus R2,"Qwen3-VL-8B (= N3 policy reasoner) vs Cosmos3-Nano base reasoner: C TF accuracy +9.0 pp [+1.7, +16.3] (R2's extra wrong 'yes' answers), A +0.7 [−4.1, +5.6], B image tuple +2.5 [+1.9, +3.6].",descriptive_checkpoint_contrast,+9.0 / +0.7 / +2.5 pp,"[+1.7, +16.3] / [−4.1, +5.6] / [+1.9, +3.6]","same 24 starts, shared bootstrap resamples",runs/r1-20261006/TABLES.md §Checkpoint contrasts,checkpoint_contrasts/N3-policy_minus_N3-base,"C contrast driven by response bias, not verification ability","Reflects Cosmos reasoning post-training, not robot adaptation; not a degradation/co-training claim",Probably omit from main text,unreviewed,
CF13,r1-20261006,C; B,initial,R1; R2; R3; R4,Joins with existing action outcomes are uninformative for C (constant answers make C correctness equal to the initial-truth stratum) and confounded for B (B errors are almost all RF items); e.g. R1 vs N3 achievement stable-ever: B-correct 62/184 (33.7%) vs B-incorrect 8/32 (25.0%) successes.,descriptive_limitation,33.7% vs 25.0%,n/a,216 achievement cells (R1/N3),runs/r1-20261006/TABLES.md §Action join,"action_join_counts.csv rows N3-policy,B,stable_ever,achievement",None,Descriptive counts; QA readout is not the policy's decision; arrangement outcomes are not verified instruction completion,Limitation sentence: QA correctness does not explain individual action outcomes,unreviewed,
CF14,r2-final-20261007,B2,"initial (I, IH) vs no-image (T, H)",N3-policy,"Under schema-constrained decoding the executed Nano reasoner (= Qwen3-VL-8B-Instruct) recovers all 30 instructions from text (T and H 30/30), but attaching the initial camera views introduces start-dependent reference-first converse errors with camera text matched; camera-orientation text alone changes nothing (H-T 0 discordant of 30).",supported_in_QA_interface (B2 is text-defined; not answerability-dependent),IH-H RF -10.1 pp; I-T RF -6.9 pp; IH RF 89.9% vs TF 100%,"[-14.6, -5.2]; [-12.5, -1.4]; RF [85.4, 94.8]",80 RF items per image condition (10 instructions x 8 starts); 10 RF text answers reused per contrast,runs/r2-final-20261007/TABLES.md sections 2-4; runs/r2-final-20261007/results/metrics_long_v2_original_mask.csv,lanes/N3-policy/b2_contrasts/image_IH_minus_H/all_goals/tuple_RF; lanes/N3-policy/b2_contrasts/image_I_minus_T/all_goals/tuple_RF,"Errors are concentrated in 2 of 10 RF instructions (S3 R: 4-5 of 8 starts; S1 B: 3 of 8, IH only); header contrast with images unresolved (IH-I RF -3.1 [-8.0, +1.7]; lateral subset -5.2 [-10.4, -1.0])",Assisted constrained readout; deterministic text answers reused for paired contrasts; fixed scenes and wording templates; QA interface does not reveal the policy's action computation,One sentence plus one compact-table row: the Nano reasoner reads every instruction correctly from text but makes start-dependent reference-first converse errors once camera views are attached,unreviewed,
CF15,r2-final-20261007,B2,"no_image (T, H)",F3-qwen3vl4b,"FLUX's frozen shared encoder (= Qwen3-VL-4B-Instruct) misreads reference-first instructions from text alone: RF 4/10 (T) and 3/10 (H), every error the converse relation, while TF and DIR are 10/10; image-conditioned tests (auxiliary) leave the pattern unchanged (RF 41.7% in I and IH).",finite_count_deterministic (language-path test per protocol),"T: TF 10/10, RF 4/10 (6 converse); H: RF 3/10 (7 converse)","n/a (finite, deterministic)",10 TF/RF instruction pairs (S1/S3/S4),runs/r2-final-20261007/TABLES.md section 2; runs/r2-final-20261007/results/b2_items.csv.gz,"b2_items: lane=F3-qwen3vl4b, condition in {T,H}, form=RF",Placement-only control (no converse words) 16/16 correct; R1 free generation showed the same direction (text RF 3/10),Ten instructions per form; standalone component QA is not FLUX policy VQA; image tests auxiliary,Candidate sentence: FLUX's shared language encoder converts 6 of 10 reference-first instructions into the converse relation from text alone,unreviewed,
CF16,r2-final-20261007,B2,initial + no_image,E3-policy,"Enforcing output syntax does not make the Edge reasoner recover instructions: text-only 18/30 tuples (DIR 6, TF 8, RF 4), image+header 34.0% (TF 48.3%, RF 23.3%); objects are mostly correct (91-94% with images) but relations fail, and adding images lowers accuracy.",supported (B2 text-defined); R1 comparison is a decoding-protocol comparison,IH tuple 34.0%; I-T -26.9 pp; IH-H -30.8 pp,"[31.7, 36.5]; [-28.9, -24.8]; [-33.1, -28.4]",240 image items per condition; 30 text instructions,"runs/r2-final-20261007/TABLES.md sections 2-4, 6",lanes/E3-policy/b2_image/IH/all_goals/tuple_accuracy; lanes/E3-policy/b2_contrasts/image_I_minus_T/all_goals/tuple_all,R1 strict 2.4% -> V2 34.0% shows format was a large barrier; header text has no consistent effect,Constrained decoding may change content (fixed key order); not evidence that free generation is repaired,"Methods/limitations sentence: Edge's earlier failures were partly format, but instruction difficulty remains under an assisted readout",unreviewed,
CF17,r2-final-20261007,B (R1 audit),initial + no_image (R1 responses),E3-policy,"375 of Edge's 414 R1 B responses on S1/S3/S4 (90.6%) failed strict parsing, mainly JSON structure (217 single-item arrays, 6 malformed) and vocabulary (64 object, 87 object+relation); no truncation. A descriptive alias mapping matched the gold tuple for TF 54/76 but RF 17/76 failures.",descriptive_format_audit (no parser repair; R1 strict scores unchanged),"39/414 strict-valid; aliases matching gold: DIR 41/74, TF 54/76, RF 17/76",n/a (counts),414 R1 E3-policy B requests (original + placement; no-image + initial),runs/r2-final-20261007/results/edge_format_audit.csv; runs/r2-final-20261007/results/edge_format_audit_summary.json,all rows,Alias mapping is descriptive and could over-credit; not every format failure was semantically correct,No free-form judge; aliases from instruction wording only,Supplement/limitations only,unreviewed,
CF18,r2-final-20261007,C2,initial; secondary,N3-policy; E3-policy; F3-qwen3vl4b,"A fixed current-state question with counterbalanced answer codes is uninformative for every readout: near-constant 'does not match' in both option orders (semantic, not positional bias), balanced accuracy 48.5-50.1%, match recall 0-5.2%, both frames of truth-changing pairs correct in at most 1 of 11; no U answers with images. V1's primary C remains uninformative.",null_measurement (floor); retained per stop rule,BA initial 49.4/48.5/50.0%; secondary 49.8/50.1/50.0% (N3/E3/F3),"N3 [48.9, 49.8]/[49.4, 50.0]; E3 [48.0, 49.0]/[47.1, 53.1]; F3 degenerate","234 initial and 360 secondary answerable items per lane (original mask), both orders",runs/r2-final-20261007/TABLES.md section 7; runs/r2-final-20261007/results/metrics_long_v2_original_mask.csv,"lanes/*/c2/original/{initial,secondary}/balanced_accuracy_all_forms/balanced_accuracy",E3 recognized 5.2% of secondary matches; reviewed masks do not change the null,Visual answerability machine-reviewed only (provisional); one fixed wrapper; floor TF-RF gaps are not wording robustness,Report as a null measurement: current-state QA readouts could not measure arrangement judgments,unreviewed,
CF19,r2-final-20261007,B2 placement,initial (IH) + no_image (T),N3-policy; E3-policy; F3-qwen3vl4b,Moving the reference clause without converse words produced no errors for N3 and F3 (T 16/16; IH 100%); Edge was worse when the reference came early (IH early-late -17.7 pp; T reference-early 5/8).,control (different construction),E3 IH early-late -17.7 pp; N3/F3 0,"E3 [-25.0, -10.4]",16 text + 128 image requests per lane,runs/r2-final-20261007/TABLES.md section 5,lanes/E3-policy/b2_placement_image/all_goals/gap_reference_early_minus_reference_late,None for N3/F3,Placement controls do not prove that all noun-order effects are absent,Supplement: N3/F3 RF errors are not explained by clause placement alone,unreviewed,
CF20,r2-final-20261007,review; A rescore; C2,initial; secondary,N3-policy; E3-policy; F3-qwen3vl4b,"A blinded machine answerability review (no human; 36 of 72 view sets, 120 of 240 frame-goal items) judged every reviewed initial-frame item answerable (39/39) but only 27 of 81 reviewed secondary-frame items (gripper contact/transit, occlusion, boundary and other ambiguity); no item judged answerable contradicted simulator geometry. Under the resulting mask C2 stays at chance (balanced accuracy 48.3-50.0%) and the N3 A converse-question gap persists on the reviewed initial subset.",machine_review_only_provisional,initial 39/39 answerable; secondary 27/81; reviewed-mask C2 BA 48.3-50.0%; N3 A initial gap -8.9 pp (39 pairs),"N3 A gap [-11.1, -3.7]; C2 intervals in TABLES section 7",120 reviewed frame-goal items (36 view sets; 12 reviewed twice); 7 of 12 reviewer agents failed without forms; 1 form excluded (evaluated-model use; identical masks when included),"runs/r2-final-20261007/review/; runs/r2-final-20261007/TABLES.md sections 7-8, 10",review/machine_review_ledger.csv; results/results_v2_machine_mask.json,No human review; two machine reviewers per sheet can share systematic errors,Machine review is not a human audit; masks can be finalized later by CPU rescoring without new inference,Methods/limitations: visual-answerability labels are machine-reviewed and provisional,unreviewed,
CF21,r2-final-20261007,C2 no-image control,no_image,N3-policy; E3-policy; F3-qwen3vl4b,"Without images (camera text kept) the evidential answer U was chosen 48/60 times by N3 and 25/60 by E3, but F3 answered 'does not match' 60/60; with images no readout ever answered U (0 of 4,320).",control (language prior),U rate 80% / 41.7% / 0%,n/a (counts),60 deduplicated no-image requests per lane (30 per order),runs/r2-final-20261007/TABLES.md section 7 (no-image control),lanes/*/c2_no_image,None,Disclosed language-prior control; reuse against labels is not an image-use test,Supplement: the constant 'does not match' answer is at least partly a language prior,unreviewed,
