model,scene,goal,n,stable,rate,mean_final_x,mean_final_y,mean_displacement_m
E3,S1,B,24,1,0.041666666666666664,0.4967,-0.074,0.1638
E3,S1,F,24,1,0.041666666666666664,0.5062,-0.135,0.1853
E3,S1,L,24,5,0.20833333333333334,0.454,0.0069,0.2126
E3,S1,R,24,24,1.0,0.444,-0.1426,0.2108
E3,S3,L,24,0,0.0,0.4062,0.0769,0.1465
E3,S3,R,24,24,1.0,0.414,-0.0148,0.1504
E3,S3,TOP,24,3,0.125,0.3916,0.0707,0.1163
E3,S4,L,24,24,1.0,0.4316,0.1083,0.1466
E3,S4,R,24,8,0.3333333333333333,0.4542,0.0013,0.2443
E3,S4,TOP,24,0,0.0,0.3914,0.2089,0.0225
E3,S5,LR,24,0,0.0,0.4357,-0.0021,0.1358
E3,S5,RL,24,3,0.125,0.445,-0.1502,0.0794
F3,S1,B,24,3,0.125,0.4765,-0.0727,0.0991
F3,S1,F,24,0,0.0,0.428,-0.0836,0.0668
F3,S1,L,24,5,0.20833333333333334,0.4078,0.0187,0.1323
F3,S1,R,24,24,1.0,0.4213,-0.1091,0.0731
F3,S3,L,24,0,0.0,0.4409,0.0141,0.1894
F3,S3,R,24,24,1.0,0.4023,-0.034,0.1926
F3,S3,TOP,24,2,0.08333333333333333,0.4394,0.0716,0.247
F3,S4,L,24,24,1.0,0.4284,0.1621,0.121
F3,S4,R,24,18,0.75,0.459,-0.0172,0.277
F3,S4,TOP,24,18,0.75,0.3981,0.0818,0.1555
F3,S5,LR,24,16,0.6666666666666666,0.4427,-0.0707,0.1668
F3,S5,RL,24,14,0.5833333333333334,0.4027,0.0533,0.2721
N3,S1,B,24,7,0.2916666666666667,0.4473,0.0519,0.1481
N3,S1,F,24,2,0.08333333333333333,0.4381,0.1162,0.244
N3,S1,L,24,14,0.5833333333333334,0.4436,0.1316,0.3012
N3,S1,R,24,24,1.0,0.442,0.0187,0.2311
N3,S3,L,24,0,0.0,0.4261,0.0517,0.1881
N3,S3,R,24,24,1.0,0.41,-0.0397,0.1815
N3,S3,TOP,24,14,0.5833333333333334,0.3982,0.1624,0.1844
N3,S4,L,24,24,1.0,0.4232,0.1641,0.1519
N3,S4,R,24,15,0.625,0.4477,-0.04,0.299
N3,S4,TOP,24,15,0.625,0.3902,0.0959,0.1277
N3,S5,LR,24,0,0.0,0.3578,-0.0692,0.0765
N3,S5,RL,24,3,0.125,0.4791,-0.1719,0.0177
