model,scene,state,goal,stable_D,stable_S,stable_I,event_D,event_S,event_I,stratum
E3,S1,S1-C01,B,0,0,0,0,0,0,achievement
E3,S1,S1-C01,F,0,0,0,0,0,0,achievement
E3,S1,S1-C01,L,0,0,0,0,0,0,achievement
E3,S1,S1-C01,R,1,1,1,0,0,0,maintenance
E3,S1,S1-C02,B,1,0,0,0,0,0,achievement
E3,S1,S1-C02,F,0,1,0,0,0,0,achievement
E3,S1,S1-C02,L,0,0,0,0,0,0,achievement
E3,S1,S1-C02,R,1,1,1,0,0,0,achievement
E3,S1,S1-C03,B,0,0,0,0,0,0,achievement
E3,S1,S1-C03,F,0,0,0,1,0,0,achievement
E3,S1,S1-C03,L,1,1,0,0,1,0,achievement
E3,S1,S1-C03,R,1,1,1,0,0,0,maintenance
E3,S1,S1-C04,B,0,0,0,0,0,0,achievement
E3,S1,S1-C04,F,0,0,0,0,0,0,achievement
E3,S1,S1-C04,L,0,0,0,0,0,0,achievement
E3,S1,S1-C04,R,1,1,1,0,0,0,maintenance
E3,S1,S1-C05,B,0,0,0,0,0,1,achievement
E3,S1,S1-C05,F,0,0,0,0,1,1,achievement
E3,S1,S1-C05,L,1,0,0,0,0,1,achievement
E3,S1,S1-C05,R,1,1,1,0,0,0,maintenance
E3,S1,S1-C06,B,0,0,0,0,0,0,achievement
E3,S1,S1-C06,F,0,0,0,0,0,0,achievement
E3,S1,S1-C06,L,1,1,0,0,0,0,achievement
E3,S1,S1-C06,R,1,1,1,0,0,0,maintenance
E3,S1,S1-C07,B,0,0,0,0,0,0,achievement
E3,S1,S1-C07,F,0,0,0,0,0,0,achievement
E3,S1,S1-C07,L,0,0,0,0,0,0,achievement
E3,S1,S1-C07,R,1,1,1,0,0,0,maintenance
E3,S1,S1-C08,B,0,0,0,0,0,0,achievement
E3,S1,S1-C08,F,0,0,0,0,0,0,achievement
E3,S1,S1-C08,L,0,0,0,0,0,0,achievement
E3,S1,S1-C08,R,1,1,1,0,0,0,achievement
E3,S3,S3-C01,L,0,0,0,0,0,0,achievement
E3,S3,S3-C01,R,1,1,1,0,0,0,achievement
E3,S3,S3-C01,TOP,0,0,0,0,0,0,achievement
E3,S3,S3-C02,L,0,0,0,0,1,0,achievement
E3,S3,S3-C02,R,1,1,1,0,0,0,maintenance
E3,S3,S3-C02,TOP,1,0,0,0,0,0,achievement
E3,S3,S3-C03,L,0,0,0,0,0,0,achievement
E3,S3,S3-C03,R,1,1,1,0,0,0,achievement
E3,S3,S3-C03,TOP,0,0,0,0,0,0,achievement
E3,S3,S3-C04,L,0,0,0,0,0,0,achievement
E3,S3,S3-C04,R,1,1,1,0,0,0,maintenance
E3,S3,S3-C04,TOP,1,0,0,0,0,0,achievement
E3,S3,S3-C05,L,0,0,0,0,0,0,achievement
E3,S3,S3-C05,R,1,1,1,0,0,0,maintenance
E3,S3,S3-C05,TOP,0,0,0,0,0,0,achievement
E3,S3,S3-C06,L,0,0,0,0,0,0,achievement
E3,S3,S3-C06,R,1,1,1,0,0,0,maintenance
E3,S3,S3-C06,TOP,0,0,0,0,0,0,achievement
E3,S3,S3-C07,L,0,0,0,0,0,0,achievement
E3,S3,S3-C07,R,1,1,1,0,0,0,maintenance
E3,S3,S3-C07,TOP,0,0,0,0,0,0,achievement
E3,S3,S3-C08,L,0,0,0,0,0,0,achievement
E3,S3,S3-C08,R,1,1,1,0,0,0,maintenance
E3,S3,S3-C08,TOP,1,0,0,0,0,0,achievement
E3,S4,S4-C01,L,1,1,1,0,0,0,achievement
E3,S4,S4-C01,R,0,0,0,0,0,0,achievement
E3,S4,S4-C01,TOP,0,0,0,0,0,0,achievement
E3,S4,S4-C02,L,1,1,1,0,0,0,maintenance
E3,S4,S4-C02,R,0,1,0,0,0,0,achievement
E3,S4,S4-C02,TOP,0,0,0,0,0,0,achievement
E3,S4,S4-C03,L,1,1,1,0,0,0,maintenance
E3,S4,S4-C03,R,1,0,0,0,0,0,achievement
E3,S4,S4-C03,TOP,0,0,0,0,0,0,achievement
E3,S4,S4-C04,L,1,1,1,0,0,0,maintenance
E3,S4,S4-C04,R,0,1,0,0,0,0,achievement
E3,S4,S4-C04,TOP,0,0,0,0,0,0,achievement
E3,S4,S4-C05,L,1,1,1,0,0,0,maintenance
E3,S4,S4-C05,R,0,0,0,0,0,0,achievement
E3,S4,S4-C05,TOP,0,0,0,0,0,0,achievement
E3,S4,S4-C06,L,1,1,1,0,0,0,achievement
E3,S4,S4-C06,R,1,1,0,0,0,0,achievement
E3,S4,S4-C06,TOP,0,0,0,0,0,0,achievement
E3,S4,S4-C07,L,1,1,1,0,0,0,maintenance
E3,S4,S4-C07,R,1,1,0,0,0,0,achievement
E3,S4,S4-C07,TOP,0,0,0,0,0,0,achievement
E3,S4,S4-C08,L,1,1,1,0,0,0,maintenance
E3,S4,S4-C08,R,1,0,0,0,0,0,achievement
E3,S4,S4-C08,TOP,0,0,0,0,0,0,achievement
E3,S5,S5-C01,LR,0,0,0,0,0,0,achievement
E3,S5,S5-C01,RL,0,0,0,0,0,0,achievement
E3,S5,S5-C02,LR,0,0,0,0,0,0,achievement
E3,S5,S5-C02,RL,0,0,0,0,0,0,achievement
E3,S5,S5-C03,LR,0,0,0,0,0,0,achievement
E3,S5,S5-C03,RL,0,0,0,0,0,0,achievement
E3,S5,S5-C04,LR,0,0,0,0,0,0,achievement
E3,S5,S5-C04,RL,1,1,0,0,0,0,achievement
E3,S5,S5-C05,LR,0,0,0,0,0,0,achievement
E3,S5,S5-C05,RL,0,0,0,0,0,0,achievement
E3,S5,S5-C06,LR,0,0,0,0,0,0,achievement
E3,S5,S5-C06,RL,0,0,0,0,0,0,achievement
E3,S5,S5-C07,LR,0,0,0,0,0,0,achievement
E3,S5,S5-C07,RL,1,0,0,0,0,0,achievement
E3,S5,S5-C08,LR,0,0,0,0,0,0,achievement
E3,S5,S5-C08,RL,0,0,0,0,0,1,achievement
F3,S1,S1-C01,B,0,0,0,0,0,0,achievement
F3,S1,S1-C01,F,0,0,0,0,0,1,achievement
F3,S1,S1-C01,L,0,0,0,0,0,0,achievement
F3,S1,S1-C01,R,1,1,1,0,0,0,achievement
F3,S1,S1-C02,B,0,0,0,0,0,1,achievement
F3,S1,S1-C02,F,0,0,0,0,0,0,achievement
F3,S1,S1-C02,L,0,0,1,0,0,0,achievement
F3,S1,S1-C02,R,1,1,1,0,0,0,maintenance
F3,S1,S1-C03,B,0,0,0,0,0,1,achievement
F3,S1,S1-C03,F,0,0,0,0,0,0,achievement
F3,S1,S1-C03,L,0,0,0,0,0,0,achievement
F3,S1,S1-C03,R,1,1,1,0,0,0,maintenance
F3,S1,S1-C04,B,1,1,0,0,0,0,achievement
F3,S1,S1-C04,F,0,0,0,0,0,0,achievement
F3,S1,S1-C04,L,0,0,1,0,0,0,achievement
F3,S1,S1-C04,R,1,1,1,0,0,0,maintenance
F3,S1,S1-C05,B,1,0,0,0,0,1,achievement
F3,S1,S1-C05,F,0,0,0,0,0,0,achievement
F3,S1,S1-C05,L,0,0,0,1,0,1,achievement
F3,S1,S1-C05,R,1,1,1,0,0,0,maintenance
F3,S1,S1-C06,B,0,0,0,0,1,0,achievement
F3,S1,S1-C06,F,0,0,0,0,0,0,achievement
F3,S1,S1-C06,L,1,0,0,0,0,1,achievement
F3,S1,S1-C06,R,1,1,1,0,0,0,maintenance
F3,S1,S1-C07,B,0,0,0,0,1,1,achievement
F3,S1,S1-C07,F,0,0,0,1,1,1,achievement
F3,S1,S1-C07,L,0,0,1,0,1,0,achievement
F3,S1,S1-C07,R,1,1,1,0,0,0,maintenance
F3,S1,S1-C08,B,0,0,0,0,0,0,achievement
F3,S1,S1-C08,F,0,0,0,0,0,0,achievement
F3,S1,S1-C08,L,0,0,1,1,1,1,achievement
F3,S1,S1-C08,R,1,1,1,0,0,0,maintenance
F3,S3,S3-C01,L,0,0,0,0,0,0,achievement
F3,S3,S3-C01,R,1,1,1,0,0,0,maintenance
F3,S3,S3-C01,TOP,0,0,0,0,1,1,achievement
F3,S3,S3-C02,L,0,0,0,0,0,0,achievement
F3,S3,S3-C02,R,1,1,1,0,0,0,achievement
F3,S3,S3-C02,TOP,0,0,0,0,0,0,achievement
F3,S3,S3-C03,L,0,0,0,0,0,0,achievement
F3,S3,S3-C03,R,1,1,1,0,0,0,maintenance
F3,S3,S3-C03,TOP,1,0,0,0,0,0,achievement
F3,S3,S3-C04,L,0,0,0,0,0,0,achievement
F3,S3,S3-C04,R,1,1,1,0,0,0,maintenance
F3,S3,S3-C04,TOP,0,0,0,0,0,0,achievement
F3,S3,S3-C05,L,0,0,0,0,0,0,achievement
F3,S3,S3-C05,R,1,1,1,0,1,0,maintenance
F3,S3,S3-C05,TOP,0,0,0,1,0,0,achievement
F3,S3,S3-C06,L,0,0,0,0,0,0,achievement
F3,S3,S3-C06,R,1,1,1,0,0,0,maintenance
F3,S3,S3-C06,TOP,0,0,0,0,0,0,achievement
F3,S3,S3-C07,L,0,0,0,0,0,0,achievement
F3,S3,S3-C07,R,1,1,1,0,0,0,achievement
F3,S3,S3-C07,TOP,1,0,0,0,0,0,achievement
F3,S3,S3-C08,L,0,0,0,0,0,0,achievement
F3,S3,S3-C08,R,1,1,1,0,0,0,maintenance
F3,S3,S3-C08,TOP,0,0,0,0,0,0,achievement
F3,S4,S4-C01,L,1,1,1,0,0,0,maintenance
F3,S4,S4-C01,R,1,1,0,0,0,1,achievement
F3,S4,S4-C01,TOP,1,1,1,0,0,0,achievement
F3,S4,S4-C02,L,1,1,1,0,0,0,maintenance
F3,S4,S4-C02,R,1,1,1,0,0,0,achievement
F3,S4,S4-C02,TOP,0,1,1,1,0,0,achievement
F3,S4,S4-C03,L,1,1,1,0,0,0,maintenance
F3,S4,S4-C03,R,1,1,0,0,0,0,achievement
F3,S4,S4-C03,TOP,1,0,1,0,0,0,achievement
F3,S4,S4-C04,L,1,1,1,0,0,0,maintenance
F3,S4,S4-C04,R,1,1,0,0,0,0,achievement
F3,S4,S4-C04,TOP,1,1,1,0,0,0,achievement
F3,S4,S4-C05,L,1,1,1,0,0,0,maintenance
F3,S4,S4-C05,R,1,1,1,0,0,0,achievement
F3,S4,S4-C05,TOP,1,1,1,0,0,0,achievement
F3,S4,S4-C06,L,1,1,1,0,0,0,maintenance
F3,S4,S4-C06,R,1,1,0,0,0,0,achievement
F3,S4,S4-C06,TOP,1,1,1,0,0,0,achievement
F3,S4,S4-C07,L,1,1,1,0,0,0,maintenance
F3,S4,S4-C07,R,1,1,0,0,0,0,achievement
F3,S4,S4-C07,TOP,1,0,0,0,0,0,achievement
F3,S4,S4-C08,L,1,1,1,0,0,0,maintenance
F3,S4,S4-C08,R,1,1,0,0,0,0,achievement
F3,S4,S4-C08,TOP,1,0,0,0,0,0,achievement
F3,S5,S5-C01,LR,0,1,0,0,0,0,achievement
F3,S5,S5-C01,RL,0,0,1,0,0,0,achievement
F3,S5,S5-C02,LR,1,1,0,0,0,0,achievement
F3,S5,S5-C02,RL,0,1,0,0,0,0,achievement
F3,S5,S5-C03,LR,1,1,0,0,0,1,achievement
F3,S5,S5-C03,RL,1,0,0,0,0,0,achievement
F3,S5,S5-C04,LR,1,1,0,0,0,0,achievement
F3,S5,S5-C04,RL,1,1,1,0,0,0,achievement
F3,S5,S5-C05,LR,1,1,0,0,0,0,achievement
F3,S5,S5-C05,RL,1,0,0,0,0,0,achievement
F3,S5,S5-C06,LR,1,1,0,0,0,0,achievement
F3,S5,S5-C06,RL,1,1,1,0,0,0,achievement
F3,S5,S5-C07,LR,1,1,1,0,0,0,achievement
F3,S5,S5-C07,RL,1,0,0,0,0,0,achievement
F3,S5,S5-C08,LR,1,1,0,0,0,0,achievement
F3,S5,S5-C08,RL,1,1,1,0,0,0,achievement
N3,S1,S1-C01,B,0,0,1,0,0,0,achievement
N3,S1,S1-C01,F,0,0,0,0,0,0,achievement
N3,S1,S1-C01,L,1,0,0,0,0,0,achievement
N3,S1,S1-C01,R,1,1,1,0,0,0,maintenance
N3,S1,S1-C02,B,0,0,1,0,0,0,achievement
N3,S1,S1-C02,F,0,1,0,0,0,0,achievement
N3,S1,S1-C02,L,1,1,0,0,1,0,achievement
N3,S1,S1-C02,R,1,1,1,0,0,0,maintenance
N3,S1,S1-C03,B,0,0,1,0,0,1,achievement
N3,S1,S1-C03,F,0,0,0,1,0,0,achievement
N3,S1,S1-C03,L,1,1,0,0,0,1,achievement
N3,S1,S1-C03,R,1,1,1,0,0,0,maintenance
N3,S1,S1-C04,B,0,0,1,1,1,1,achievement
N3,S1,S1-C04,F,0,0,0,0,1,0,achievement
N3,S1,S1-C04,L,1,0,0,0,0,0,achievement
N3,S1,S1-C04,R,1,1,1,0,0,0,maintenance
N3,S1,S1-C05,B,0,0,1,0,0,0,achievement
N3,S1,S1-C05,F,0,0,0,0,0,0,achievement
N3,S1,S1-C05,L,1,1,0,0,0,1,achievement
N3,S1,S1-C05,R,1,1,1,0,0,0,maintenance
N3,S1,S1-C06,B,0,0,1,0,0,0,achievement
N3,S1,S1-C06,F,0,0,0,0,0,1,achievement
N3,S1,S1-C06,L,1,1,0,0,1,0,achievement
N3,S1,S1-C06,R,1,1,1,0,0,0,achievement
N3,S1,S1-C07,B,0,0,0,0,0,0,achievement
N3,S1,S1-C07,F,0,0,0,0,0,0,achievement
N3,S1,S1-C07,L,1,1,0,0,0,0,achievement
N3,S1,S1-C07,R,1,1,1,0,0,0,maintenance
N3,S1,S1-C08,B,0,0,1,0,0,0,achievement
N3,S1,S1-C08,F,1,0,0,0,0,0,achievement
N3,S1,S1-C08,L,1,1,0,1,1,0,achievement
N3,S1,S1-C08,R,1,1,1,0,0,0,maintenance
N3,S3,S3-C01,L,0,0,0,0,0,0,achievement
N3,S3,S3-C01,R,1,1,1,1,0,0,maintenance
N3,S3,S3-C01,TOP,1,0,0,0,0,0,achievement
N3,S3,S3-C02,L,0,0,0,0,0,0,achievement
N3,S3,S3-C02,R,1,1,1,0,0,0,maintenance
N3,S3,S3-C02,TOP,0,1,1,0,0,0,achievement
N3,S3,S3-C03,L,0,0,0,0,0,0,achievement
N3,S3,S3-C03,R,1,1,1,0,0,0,maintenance
N3,S3,S3-C03,TOP,0,1,0,0,0,0,achievement
N3,S3,S3-C04,L,0,0,0,0,0,0,achievement
N3,S3,S3-C04,R,1,1,1,0,0,0,maintenance
N3,S3,S3-C04,TOP,1,0,0,0,0,0,achievement
N3,S3,S3-C05,L,0,0,0,0,0,1,achievement
N3,S3,S3-C05,R,1,1,1,0,0,0,maintenance
N3,S3,S3-C05,TOP,1,1,1,0,0,0,achievement
N3,S3,S3-C06,L,0,0,0,0,0,0,achievement
N3,S3,S3-C06,R,1,1,1,0,0,0,maintenance
N3,S3,S3-C06,TOP,1,1,0,0,0,0,achievement
N3,S3,S3-C07,L,0,0,0,0,0,0,achievement
N3,S3,S3-C07,R,1,1,1,0,0,0,maintenance
N3,S3,S3-C07,TOP,1,1,0,0,0,0,achievement
N3,S3,S3-C08,L,0,0,0,0,0,0,achievement
N3,S3,S3-C08,R,1,1,1,0,0,0,maintenance
N3,S3,S3-C08,TOP,1,1,0,0,0,0,achievement
N3,S4,S4-C01,L,1,1,1,0,0,0,maintenance
N3,S4,S4-C01,R,1,1,0,0,0,0,achievement
N3,S4,S4-C01,TOP,1,0,0,0,0,0,achievement
N3,S4,S4-C02,L,1,1,1,0,0,0,maintenance
N3,S4,S4-C02,R,1,1,0,0,0,0,achievement
N3,S4,S4-C02,TOP,1,1,1,0,0,0,achievement
N3,S4,S4-C03,L,1,1,1,0,0,0,maintenance
N3,S4,S4-C03,R,0,1,0,0,0,0,achievement
N3,S4,S4-C03,TOP,1,1,0,0,0,0,achievement
N3,S4,S4-C04,L,1,1,1,0,0,0,maintenance
N3,S4,S4-C04,R,1,1,0,0,0,0,achievement
N3,S4,S4-C04,TOP,0,1,1,0,0,0,achievement
N3,S4,S4-C05,L,1,1,1,0,0,0,maintenance
N3,S4,S4-C05,R,1,1,0,0,0,0,achievement
N3,S4,S4-C05,TOP,0,1,0,0,0,0,achievement
N3,S4,S4-C06,L,1,1,1,0,0,0,maintenance
N3,S4,S4-C06,R,1,1,0,0,0,0,achievement
N3,S4,S4-C06,TOP,1,1,1,0,0,0,achievement
N3,S4,S4-C07,L,1,1,1,0,0,0,maintenance
N3,S4,S4-C07,R,1,1,0,0,0,0,achievement
N3,S4,S4-C07,TOP,0,0,0,0,0,0,achievement
N3,S4,S4-C08,L,1,1,1,0,0,0,maintenance
N3,S4,S4-C08,R,1,1,0,0,0,0,achievement
N3,S4,S4-C08,TOP,1,1,1,0,0,0,achievement
N3,S5,S5-C01,LR,0,0,0,0,0,0,achievement
N3,S5,S5-C01,RL,0,0,0,0,0,0,achievement
N3,S5,S5-C02,LR,0,0,0,0,0,0,achievement
N3,S5,S5-C02,RL,0,0,0,0,0,0,achievement
N3,S5,S5-C03,LR,0,0,0,0,0,0,achievement
N3,S5,S5-C03,RL,0,1,0,0,0,0,achievement
N3,S5,S5-C04,LR,0,0,0,0,0,0,achievement
N3,S5,S5-C04,RL,0,0,0,0,0,0,achievement
N3,S5,S5-C05,LR,0,0,0,0,0,0,achievement
N3,S5,S5-C05,RL,0,0,0,0,0,0,achievement
N3,S5,S5-C06,LR,0,0,0,0,0,0,achievement
N3,S5,S5-C06,RL,1,0,0,0,0,0,achievement
N3,S5,S5-C07,LR,0,0,0,0,0,0,achievement
N3,S5,S5-C07,RL,0,0,1,0,0,0,achievement
N3,S5,S5-C08,LR,0,0,0,0,0,0,achievement
N3,S5,S5-C08,RL,0,0,0,0,0,0,achievement
