review_id,frame_id,bank,scene_id,goal_id,reviewer_id,reviewer_type,objects_identifiable,relation_discernible,support_visible,ambiguity,transit_or_gripper,confidence,proposed_visible_relation,proposed_label_A,proposed_label_C,gold_A,gold_C,discrepancy_A,discrepancy_C,r1_answerable_A,r1_answerable_C,notes,review_answerable_A,review_exclusion_A,review_answerable_C,review_exclusion_C
RV-068c39ec07,S4-C01-secondary-100,secondary,S4,TOP,machine-agent-9,machine,yes,yes,yes,none,cannot_tell,high,not_on_top,no,no,no,no,False,False,True,True,upright bottle on table left of raisin box in both views (3D est left 0.12 vs front 0.05-0.08 table widths); closed gripper fingertips at raisin box top height so contact unclear,True,,True,
RV-068c39ec07,S4-C01-secondary-100,secondary,S4,L,machine-agent-9,machine,yes,yes,yes,none,cannot_tell,high,left,yes,yes,yes,yes,False,False,False,False,upright bottle on table left of raisin box in both views (3D est left 0.12 vs front 0.05-0.08 table widths); closed gripper fingertips at raisin box top height so contact unclear,True,,True,
RV-068c39ec07,S4-C01-secondary-100,secondary,S4,R,machine-agent-9,machine,yes,yes,yes,none,cannot_tell,high,left,no,no,no,no,False,False,True,True,upright bottle on table left of raisin box in both views (3D est left 0.12 vs front 0.05-0.08 table widths); closed gripper fingertips at raisin box top height so contact unclear,True,,True,
RV-17986530f9,S4-C06-secondary-50,secondary,S4,TOP,machine-agent-5,machine,yes,yes,yes,none,cannot_tell,high,not_on_top,no,no,no,no,False,False,True,False,Mustard lies on its side on the table between the open gripper fingers; both exterior views put it right of the raisin box with a small behind component; finger contact unresolvable,True,,True,
RV-17986530f9,S4-C06-secondary-50,secondary,S4,TOP,machine-agent-11,machine,yes,yes,yes,none,cannot_tell,high,not_on_top,no,no,no,no,False,False,True,False,mustard lying on table between open gripper fingers; contact unclear; both views place mustard right of raisin box,True,,True,
RV-17986530f9,S4-C06-secondary-50,secondary,S4,L,machine-agent-5,machine,yes,yes,yes,none,cannot_tell,high,right,no,no,no,no,False,False,True,False,Mustard lies on its side on the table between the open gripper fingers; both exterior views put it right of the raisin box with a small behind component; finger contact unresolvable,True,,True,
RV-17986530f9,S4-C06-secondary-50,secondary,S4,L,machine-agent-11,machine,yes,yes,yes,none,cannot_tell,high,right,no,no,no,no,False,False,True,False,mustard lying on table between open gripper fingers; contact unclear; both views place mustard right of raisin box,True,,True,
RV-17986530f9,S4-C06-secondary-50,secondary,S4,R,machine-agent-5,machine,yes,yes,yes,none,cannot_tell,high,right,yes,yes,yes,yes,False,False,True,False,Mustard lies on its side on the table between the open gripper fingers; both exterior views put it right of the raisin box with a small behind component; finger contact unresolvable,True,,True,
RV-17986530f9,S4-C06-secondary-50,secondary,S4,R,machine-agent-11,machine,yes,yes,yes,none,cannot_tell,high,right,yes,yes,yes,yes,False,False,True,False,mustard lying on table between open gripper fingers; contact unclear; both views place mustard right of raisin box,True,,True,
RV-1e22f64bce,S1-C07-secondary-50,secondary,S1,L,machine-agent-6,machine,yes,no,na,other,cannot_tell,medium,cannot_tell,,,no,no,,,True,True,cube sits inside bowl near its center in both exterior views and wrist view; no dominant lateral offset; gripper tip at bowl rim above cube,False,relation_not_discernible;ambiguity:other,False,relation_not_discernible;ambiguity:other
RV-1e22f64bce,S1-C07-secondary-50,secondary,S1,R,machine-agent-6,machine,yes,no,na,other,cannot_tell,medium,cannot_tell,,,yes,yes,,,True,True,cube sits inside bowl near its center in both exterior views and wrist view; no dominant lateral offset; gripper tip at bowl rim above cube,False,relation_not_discernible;ambiguity:other,False,relation_not_discernible;ambiguity:other
RV-1e22f64bce,S1-C07-secondary-50,secondary,S1,F,machine-agent-6,machine,yes,no,na,other,cannot_tell,medium,cannot_tell,,,no,no,,,True,True,cube sits inside bowl near its center in both exterior views and wrist view; no dominant lateral offset; gripper tip at bowl rim above cube,False,relation_not_discernible;ambiguity:other,False,relation_not_discernible;ambiguity:other
RV-1e22f64bce,S1-C07-secondary-50,secondary,S1,B,machine-agent-6,machine,yes,no,na,other,cannot_tell,medium,cannot_tell,,,no,no,,,True,True,cube sits inside bowl near its center in both exterior views and wrist view; no dominant lateral offset; gripper tip at bowl rim above cube,False,relation_not_discernible;ambiguity:other,False,relation_not_discernible;ambiguity:other
RV-262f5bbda5,S4-C03-secondary-50,secondary,S4,TOP,machine-agent-9,machine,yes,yes,yes,boundary,cannot_tell,medium,not_on_top,no,no,no,no,False,False,True,False,bottle right-behind of raisin box about 30 deg off the right axis (3D est right 0.15 vs behind 0.08-0.10); screen views look near-diagonal; open gripper around bottle top with cap at right finger,False,ambiguity:boundary,False,ambiguity:boundary
RV-262f5bbda5,S4-C03-secondary-50,secondary,S4,L,machine-agent-9,machine,yes,yes,yes,boundary,cannot_tell,medium,right,no,no,no,no,False,False,True,False,bottle right-behind of raisin box about 30 deg off the right axis (3D est right 0.15 vs behind 0.08-0.10); screen views look near-diagonal; open gripper around bottle top with cap at right finger,False,ambiguity:boundary,False,ambiguity:boundary
RV-262f5bbda5,S4-C03-secondary-50,secondary,S4,R,machine-agent-9,machine,yes,yes,yes,boundary,cannot_tell,medium,right,yes,yes,yes,no,False,True,True,False,bottle right-behind of raisin box about 30 deg off the right axis (3D est right 0.15 vs behind 0.08-0.10); screen views look near-diagonal; open gripper around bottle top with cap at right finger,False,ambiguity:boundary,False,ambiguity:boundary
RV-3010cb0bcf,S1-C08-secondary-50,secondary,S1,L,machine-agent-5,machine,yes,yes,na,other,yes,medium,right,no,no,no,no,False,False,True,False,Cube grasped and lifted above the banana; raw exterior views disagree (left view right vs right view behind) but correcting for lift and using the banana as ground anchor gives right in both,False,ambiguity:other,False,ambiguity:other;transit_or_gripper_contact
RV-3010cb0bcf,S1-C08-secondary-50,secondary,S1,L,machine-agent-11,machine,yes,yes,na,other,yes,medium,right,no,no,no,no,False,False,True,False,cube held and lifted in gripper above banana; ground position inferred from both views; right of bowl,False,ambiguity:other,False,ambiguity:other;transit_or_gripper_contact
RV-3010cb0bcf,S1-C08-secondary-50,secondary,S1,R,machine-agent-5,machine,yes,yes,na,other,yes,medium,right,yes,yes,yes,yes,False,False,True,False,Cube grasped and lifted above the banana; raw exterior views disagree (left view right vs right view behind) but correcting for lift and using the banana as ground anchor gives right in both,False,ambiguity:other,False,ambiguity:other;transit_or_gripper_contact
RV-3010cb0bcf,S1-C08-secondary-50,secondary,S1,R,machine-agent-11,machine,yes,yes,na,other,yes,medium,right,yes,yes,yes,yes,False,False,True,False,cube held and lifted in gripper above banana; ground position inferred from both views; right of bowl,False,ambiguity:other,False,ambiguity:other;transit_or_gripper_contact
RV-3010cb0bcf,S1-C08-secondary-50,secondary,S1,F,machine-agent-5,machine,yes,yes,na,other,yes,medium,right,no,no,no,no,False,False,True,False,Cube grasped and lifted above the banana; raw exterior views disagree (left view right vs right view behind) but correcting for lift and using the banana as ground anchor gives right in both,False,ambiguity:other,False,ambiguity:other;transit_or_gripper_contact
RV-3010cb0bcf,S1-C08-secondary-50,secondary,S1,F,machine-agent-11,machine,yes,yes,na,other,yes,medium,right,no,no,no,no,False,False,True,False,cube held and lifted in gripper above banana; ground position inferred from both views; right of bowl,False,ambiguity:other,False,ambiguity:other;transit_or_gripper_contact
RV-3010cb0bcf,S1-C08-secondary-50,secondary,S1,B,machine-agent-5,machine,yes,yes,na,other,yes,medium,right,no,no,no,no,False,False,True,False,Cube grasped and lifted above the banana; raw exterior views disagree (left view right vs right view behind) but correcting for lift and using the banana as ground anchor gives right in both,False,ambiguity:other,False,ambiguity:other;transit_or_gripper_contact
RV-3010cb0bcf,S1-C08-secondary-50,secondary,S1,B,machine-agent-11,machine,yes,yes,na,other,yes,medium,right,no,no,no,no,False,False,True,False,cube held and lifted in gripper above banana; ground position inferred from both views; right of bowl,False,ambiguity:other,False,ambiguity:other;transit_or_gripper_contact
RV-30ed2b5d2d,S3-C08-initial,initial,S3,TOP,machine-agent-6,machine,yes,yes,yes,none,no,high,not_on_top,no,no,no,no,False,False,True,True,start frame; butter box clearly right of raisin box in both views; small behind component; both on table,True,,True,
RV-30ed2b5d2d,S3-C08-initial,initial,S3,L,machine-agent-6,machine,yes,yes,yes,none,no,high,right,no,no,no,no,False,False,True,True,start frame; butter box clearly right of raisin box in both views; small behind component; both on table,True,,True,
RV-30ed2b5d2d,S3-C08-initial,initial,S3,R,machine-agent-6,machine,yes,yes,yes,none,no,high,right,yes,yes,yes,yes,False,False,True,True,start frame; butter box clearly right of raisin box in both views; small behind component; both on table,True,,True,
RV-3b613791e4,S1-C07-initial,initial,S1,L,machine-agent-9,machine,yes,yes,na,none,no,high,right,no,no,no,no,False,False,True,True,start frame; cube right of bowl in all 3 views (3D est right 0.22 vs front 0.03); gripper clear; banana beside cube,True,,True,
RV-3b613791e4,S1-C07-initial,initial,S1,R,machine-agent-9,machine,yes,yes,na,none,no,high,right,yes,yes,yes,yes,False,False,True,True,start frame; cube right of bowl in all 3 views (3D est right 0.22 vs front 0.03); gripper clear; banana beside cube,True,,True,
RV-3b613791e4,S1-C07-initial,initial,S1,F,machine-agent-9,machine,yes,yes,na,none,no,high,right,no,no,no,no,False,False,True,True,start frame; cube right of bowl in all 3 views (3D est right 0.22 vs front 0.03); gripper clear; banana beside cube,True,,True,
RV-3b613791e4,S1-C07-initial,initial,S1,B,machine-agent-9,machine,yes,yes,na,none,no,high,right,no,no,no,no,False,False,True,True,start frame; cube right of bowl in all 3 views (3D est right 0.22 vs front 0.03); gripper clear; banana beside cube,True,,True,
RV-3e737e2aa3,S3-C02-initial,initial,S3,TOP,machine-agent-5,machine,yes,yes,yes,none,no,high,not_on_top,no,no,no,no,False,False,True,True,Start frame; both boxes lie flat on the table; wrist and both exterior views agree butter box is right of raisin box; gripper far away,True,,True,
RV-3e737e2aa3,S3-C02-initial,initial,S3,TOP,machine-agent-11,machine,yes,yes,yes,none,no,high,not_on_top,no,no,no,no,False,False,True,True,both boxes flat on table apart; labels legible; left exterior and right exterior and wrist legend agree butter right of raisin,True,,True,
RV-3e737e2aa3,S3-C02-initial,initial,S3,L,machine-agent-5,machine,yes,yes,yes,none,no,high,right,no,no,no,no,False,False,True,True,Start frame; both boxes lie flat on the table; wrist and both exterior views agree butter box is right of raisin box; gripper far away,True,,True,
RV-3e737e2aa3,S3-C02-initial,initial,S3,L,machine-agent-11,machine,yes,yes,yes,none,no,high,right,no,no,no,no,False,False,True,True,both boxes flat on table apart; labels legible; left exterior and right exterior and wrist legend agree butter right of raisin,True,,True,
RV-3e737e2aa3,S3-C02-initial,initial,S3,R,machine-agent-5,machine,yes,yes,yes,none,no,high,right,yes,yes,yes,yes,False,False,True,True,Start frame; both boxes lie flat on the table; wrist and both exterior views agree butter box is right of raisin box; gripper far away,True,,True,
RV-3e737e2aa3,S3-C02-initial,initial,S3,R,machine-agent-11,machine,yes,yes,yes,none,no,high,right,yes,yes,yes,yes,False,False,True,True,both boxes flat on table apart; labels legible; left exterior and right exterior and wrist legend agree butter right of raisin,True,,True,
RV-3e9659bf72,S1-C01-secondary-100,secondary,S1,L,machine-agent-6,machine,yes,yes,na,occlusion,yes,medium,left,yes,yes,yes,yes,False,False,True,False,cube held between gripper fingers beside bowl; left of bowl in both views; fingers partly occlude cube,False,ambiguity:occlusion,False,ambiguity:occlusion;transit_or_gripper_contact
RV-3e9659bf72,S1-C01-secondary-100,secondary,S1,R,machine-agent-6,machine,yes,yes,na,occlusion,yes,medium,left,no,no,no,no,False,False,True,False,cube held between gripper fingers beside bowl; left of bowl in both views; fingers partly occlude cube,False,ambiguity:occlusion,False,ambiguity:occlusion;transit_or_gripper_contact
RV-3e9659bf72,S1-C01-secondary-100,secondary,S1,F,machine-agent-6,machine,yes,yes,na,occlusion,yes,medium,left,no,no,no,no,False,False,True,False,cube held between gripper fingers beside bowl; left of bowl in both views; fingers partly occlude cube,False,ambiguity:occlusion,False,ambiguity:occlusion;transit_or_gripper_contact
RV-3e9659bf72,S1-C01-secondary-100,secondary,S1,B,machine-agent-6,machine,yes,yes,na,occlusion,yes,medium,left,no,no,no,no,False,False,True,False,cube held between gripper fingers beside bowl; left of bowl in both views; fingers partly occlude cube,False,ambiguity:occlusion,False,ambiguity:occlusion;transit_or_gripper_contact
RV-46c6a21335,S1-C04-initial,initial,S1,L,machine-agent-9,machine,yes,yes,na,none,no,high,right,no,no,no,no,False,False,True,True,start frame; cube right of bowl in all 3 views (3D est right 0.21 vs front 0.06); gripper clear,True,,True,
RV-46c6a21335,S1-C04-initial,initial,S1,R,machine-agent-9,machine,yes,yes,na,none,no,high,right,yes,yes,yes,yes,False,False,True,True,start frame; cube right of bowl in all 3 views (3D est right 0.21 vs front 0.06); gripper clear,True,,True,
RV-46c6a21335,S1-C04-initial,initial,S1,F,machine-agent-9,machine,yes,yes,na,none,no,high,right,no,no,no,no,False,False,True,True,start frame; cube right of bowl in all 3 views (3D est right 0.21 vs front 0.06); gripper clear,True,,True,
RV-46c6a21335,S1-C04-initial,initial,S1,B,machine-agent-9,machine,yes,yes,na,none,no,high,right,no,no,no,no,False,False,True,True,start frame; cube right of bowl in all 3 views (3D est right 0.21 vs front 0.06); gripper clear,True,,True,
RV-47d4ffa741,S1-C04-secondary-50,secondary,S1,L,machine-agent-5,machine,yes,no,na,other,no,high,cannot_tell,,,no,no,,,True,True,Cube sits inside the bowl essentially centered in both exterior views so no horizontal direction is discernible; open gripper hovering above,False,relation_not_discernible;ambiguity:other,False,relation_not_discernible;ambiguity:other
RV-47d4ffa741,S1-C04-secondary-50,secondary,S1,L,machine-agent-11,machine,yes,no,na,other,no,high,cannot_tell,,,no,no,,,True,True,cube resting inside bowl near its center; no dominant horizontal offset; open gripper away from objects,False,relation_not_discernible;ambiguity:other,False,relation_not_discernible;ambiguity:other
RV-47d4ffa741,S1-C04-secondary-50,secondary,S1,R,machine-agent-5,machine,yes,no,na,other,no,high,cannot_tell,,,no,no,,,True,True,Cube sits inside the bowl essentially centered in both exterior views so no horizontal direction is discernible; open gripper hovering above,False,relation_not_discernible;ambiguity:other,False,relation_not_discernible;ambiguity:other
RV-47d4ffa741,S1-C04-secondary-50,secondary,S1,R,machine-agent-11,machine,yes,no,na,other,no,high,cannot_tell,,,no,no,,,True,True,cube resting inside bowl near its center; no dominant horizontal offset; open gripper away from objects,False,relation_not_discernible;ambiguity:other,False,relation_not_discernible;ambiguity:other
RV-47d4ffa741,S1-C04-secondary-50,secondary,S1,F,machine-agent-5,machine,yes,no,na,other,no,high,cannot_tell,,,no,no,,,True,True,Cube sits inside the bowl essentially centered in both exterior views so no horizontal direction is discernible; open gripper hovering above,False,relation_not_discernible;ambiguity:other,False,relation_not_discernible;ambiguity:other
RV-47d4ffa741,S1-C04-secondary-50,secondary,S1,F,machine-agent-11,machine,yes,no,na,other,no,high,cannot_tell,,,no,no,,,True,True,cube resting inside bowl near its center; no dominant horizontal offset; open gripper away from objects,False,relation_not_discernible;ambiguity:other,False,relation_not_discernible;ambiguity:other
RV-47d4ffa741,S1-C04-secondary-50,secondary,S1,B,machine-agent-5,machine,yes,no,na,other,no,high,cannot_tell,,,yes,yes,,,True,True,Cube sits inside the bowl essentially centered in both exterior views so no horizontal direction is discernible; open gripper hovering above,False,relation_not_discernible;ambiguity:other,False,relation_not_discernible;ambiguity:other
RV-47d4ffa741,S1-C04-secondary-50,secondary,S1,B,machine-agent-11,machine,yes,no,na,other,no,high,cannot_tell,,,yes,yes,,,True,True,cube resting inside bowl near its center; no dominant horizontal offset; open gripper away from objects,False,relation_not_discernible;ambiguity:other,False,relation_not_discernible;ambiguity:other
RV-484665973b,S4-C03-secondary-100,secondary,S4,TOP,machine-agent-6,machine,yes,yes,yes,other,yes,medium,not_on_top,no,no,no,no,False,False,True,False,mustard held upright by gripper roughly 10 cm behind raisin box with little lateral offset; not on box top; base near table but contact unclear,False,ambiguity:other,False,ambiguity:other;transit_or_gripper_contact
RV-484665973b,S4-C03-secondary-100,secondary,S4,L,machine-agent-6,machine,yes,yes,no,other,yes,medium,behind,no,,no,no,False,,True,False,mustard held upright by gripper roughly 10 cm behind raisin box with little lateral offset; not on box top; base near table but contact unclear,False,ambiguity:other,False,ambiguity:other;required_table_support_not_visible;transit_or_gripper_contact
RV-484665973b,S4-C03-secondary-100,secondary,S4,R,machine-agent-6,machine,yes,yes,no,other,yes,medium,behind,no,,no,no,False,,True,False,mustard held upright by gripper roughly 10 cm behind raisin box with little lateral offset; not on box top; base near table but contact unclear,False,ambiguity:other,False,ambiguity:other;required_table_support_not_visible;transit_or_gripper_contact
RV-65222d3503,S1-C03-secondary-100,secondary,S1,L,machine-agent-9,machine,yes,yes,na,none,cannot_tell,high,right,no,no,no,no,False,False,True,True,cube inside open gripper just right of bowl in both views (3D est right 0.15 vs front 0.02-0.07); banana adjacent to cube,True,,True,
RV-65222d3503,S1-C03-secondary-100,secondary,S1,R,machine-agent-9,machine,yes,yes,na,none,cannot_tell,high,right,yes,yes,yes,yes,False,False,True,True,cube inside open gripper just right of bowl in both views (3D est right 0.15 vs front 0.02-0.07); banana adjacent to cube,True,,True,
RV-65222d3503,S1-C03-secondary-100,secondary,S1,F,machine-agent-9,machine,yes,yes,na,none,cannot_tell,high,right,no,no,no,no,False,False,True,True,cube inside open gripper just right of bowl in both views (3D est right 0.15 vs front 0.02-0.07); banana adjacent to cube,True,,True,
RV-65222d3503,S1-C03-secondary-100,secondary,S1,B,machine-agent-9,machine,yes,yes,na,none,cannot_tell,high,right,no,no,no,no,False,False,True,True,cube inside open gripper just right of bowl in both views (3D est right 0.15 vs front 0.02-0.07); banana adjacent to cube,True,,True,
RV-6c2f31b22d,S4-C05-initial,initial,S4,TOP,machine-agent-5,machine,yes,yes,yes,none,no,high,not_on_top,no,no,no,no,False,False,True,True,Start frame; mustard upright on the table next to the raisin box; wrist and both exterior views agree on left; gripper far away,True,,True,
RV-6c2f31b22d,S4-C05-initial,initial,S4,TOP,machine-agent-11,machine,yes,yes,yes,none,no,high,not_on_top,no,no,no,no,False,False,True,True,mustard upright on table beside raisin box; base positions in both views and wrist legend agree left; gripper far above,True,,True,
RV-6c2f31b22d,S4-C05-initial,initial,S4,L,machine-agent-5,machine,yes,yes,yes,none,no,high,left,yes,yes,yes,yes,False,False,True,True,Start frame; mustard upright on the table next to the raisin box; wrist and both exterior views agree on left; gripper far away,True,,True,
RV-6c2f31b22d,S4-C05-initial,initial,S4,L,machine-agent-11,machine,yes,yes,yes,none,no,high,left,yes,yes,yes,yes,False,False,True,True,mustard upright on table beside raisin box; base positions in both views and wrist legend agree left; gripper far above,True,,True,
RV-6c2f31b22d,S4-C05-initial,initial,S4,R,machine-agent-5,machine,yes,yes,yes,none,no,high,left,no,no,no,no,False,False,True,True,Start frame; mustard upright on the table next to the raisin box; wrist and both exterior views agree on left; gripper far away,True,,True,
RV-6c2f31b22d,S4-C05-initial,initial,S4,R,machine-agent-11,machine,yes,yes,yes,none,no,high,left,no,no,no,no,False,False,True,True,mustard upright on table beside raisin box; base positions in both views and wrist legend agree left; gripper far above,True,,True,
RV-6d33d4e252,S1-C07-secondary-100,secondary,S1,L,machine-agent-6,machine,yes,no,na,other,no,medium,cannot_tell,,,no,no,,,True,True,cube sits inside bowl near its center in both exterior views and wrist view; no dominant lateral offset; gripper raised away from bowl,False,relation_not_discernible;ambiguity:other,False,relation_not_discernible;ambiguity:other
RV-6d33d4e252,S1-C07-secondary-100,secondary,S1,R,machine-agent-6,machine,yes,no,na,other,no,medium,cannot_tell,,,yes,yes,,,True,True,cube sits inside bowl near its center in both exterior views and wrist view; no dominant lateral offset; gripper raised away from bowl,False,relation_not_discernible;ambiguity:other,False,relation_not_discernible;ambiguity:other
RV-6d33d4e252,S1-C07-secondary-100,secondary,S1,F,machine-agent-6,machine,yes,no,na,other,no,medium,cannot_tell,,,no,no,,,True,True,cube sits inside bowl near its center in both exterior views and wrist view; no dominant lateral offset; gripper raised away from bowl,False,relation_not_discernible;ambiguity:other,False,relation_not_discernible;ambiguity:other
RV-6d33d4e252,S1-C07-secondary-100,secondary,S1,B,machine-agent-6,machine,yes,no,na,other,no,medium,cannot_tell,,,no,no,,,True,True,cube sits inside bowl near its center in both exterior views and wrist view; no dominant lateral offset; gripper raised away from bowl,False,relation_not_discernible;ambiguity:other,False,relation_not_discernible;ambiguity:other
RV-6fb8e0b2fc,S1-C05-secondary-50,secondary,S1,L,machine-agent-9,machine,yes,yes,na,none,cannot_tell,high,right,no,no,no,no,False,False,True,True,cube inside open gripper far right of bowl in both views (3D est right 0.43 vs front under 0.07); banana distractor,True,,True,
RV-6fb8e0b2fc,S1-C05-secondary-50,secondary,S1,R,machine-agent-9,machine,yes,yes,na,none,cannot_tell,high,right,yes,yes,yes,yes,False,False,True,True,cube inside open gripper far right of bowl in both views (3D est right 0.43 vs front under 0.07); banana distractor,True,,True,
RV-6fb8e0b2fc,S1-C05-secondary-50,secondary,S1,F,machine-agent-9,machine,yes,yes,na,none,cannot_tell,high,right,no,no,no,no,False,False,True,True,cube inside open gripper far right of bowl in both views (3D est right 0.43 vs front under 0.07); banana distractor,True,,True,
RV-6fb8e0b2fc,S1-C05-secondary-50,secondary,S1,B,machine-agent-9,machine,yes,yes,na,none,cannot_tell,high,right,no,no,no,no,False,False,True,True,cube inside open gripper far right of bowl in both views (3D est right 0.43 vs front under 0.07); banana distractor,True,,True,
RV-712f53d935,S3-C03-secondary-100,secondary,S3,TOP,machine-agent-5,machine,yes,yes,yes,occlusion,no,low,not_on_top,no,no,no,no,False,False,True,True,Butter box small and upright and visible only in the right view (hidden behind gripper and wrist in the left view); right view gives roughly equal right and behind components; raisin box flat below the lifted open gripper,False,ambiguity:occlusion;low_confidence,False,ambiguity:occlusion;low_confidence
RV-712f53d935,S3-C03-secondary-100,secondary,S3,TOP,machine-agent-11,machine,yes,yes,yes,occlusion,no,low,not_on_top,no,no,no,no,False,False,True,True,butter not visible in left view (behind gripper); right view only: butter right and behind raisin near 45 deg; gripper hovering over raisin with visible gap,False,ambiguity:occlusion;low_confidence,False,ambiguity:occlusion;low_confidence
RV-712f53d935,S3-C03-secondary-100,secondary,S3,L,machine-agent-5,machine,yes,no,yes,occlusion,no,low,diagonal_ambiguous,,,no,no,,,True,True,Butter box small and upright and visible only in the right view (hidden behind gripper and wrist in the left view); right view gives roughly equal right and behind components; raisin box flat below the lifted open gripper,False,relation_not_discernible;ambiguity:occlusion;low_confidence,False,relation_not_discernible;ambiguity:occlusion;low_confidence
RV-712f53d935,S3-C03-secondary-100,secondary,S3,L,machine-agent-11,machine,yes,no,yes,occlusion,no,low,diagonal_ambiguous,,,no,no,,,True,True,butter not visible in left view (behind gripper); right view only: butter right and behind raisin near 45 deg; gripper hovering over raisin with visible gap,False,relation_not_discernible;ambiguity:occlusion;low_confidence,False,relation_not_discernible;ambiguity:occlusion;low_confidence
RV-712f53d935,S3-C03-secondary-100,secondary,S3,R,machine-agent-5,machine,yes,no,yes,occlusion,no,low,diagonal_ambiguous,,,no,no,,,False,False,Butter box small and upright and visible only in the right view (hidden behind gripper and wrist in the left view); right view gives roughly equal right and behind components; raisin box flat below the lifted open gripper,False,relation_not_discernible;ambiguity:occlusion;low_confidence,False,relation_not_discernible;ambiguity:occlusion;low_confidence
RV-712f53d935,S3-C03-secondary-100,secondary,S3,R,machine-agent-11,machine,yes,no,yes,occlusion,no,low,diagonal_ambiguous,,,no,no,,,False,False,butter not visible in left view (behind gripper); right view only: butter right and behind raisin near 45 deg; gripper hovering over raisin with visible gap,False,relation_not_discernible;ambiguity:occlusion;low_confidence,False,relation_not_discernible;ambiguity:occlusion;low_confidence
RV-760de6bf58,S3-C07-initial,initial,S3,TOP,machine-agent-6,machine,yes,yes,yes,none,no,high,not_on_top,no,no,no,no,False,False,True,True,start frame; butter box clearly right of raisin box in both views; both on table,True,,True,
RV-760de6bf58,S3-C07-initial,initial,S3,L,machine-agent-6,machine,yes,yes,yes,none,no,high,right,no,no,no,no,False,False,True,True,start frame; butter box clearly right of raisin box in both views; both on table,True,,True,
RV-760de6bf58,S3-C07-initial,initial,S3,R,machine-agent-6,machine,yes,yes,yes,none,no,high,right,yes,yes,yes,yes,False,False,True,True,start frame; butter box clearly right of raisin box in both views; both on table,True,,True,
RV-7a3df03ccc,S3-C03-initial,initial,S3,TOP,machine-agent-9,machine,yes,yes,yes,none,no,high,not_on_top,no,no,no,no,False,False,True,True,start frame; butter box right of raisin box in all 3 views (3D est right 0.18 vs behind 0.02); both boxes flat on table,True,,True,
RV-7a3df03ccc,S3-C03-initial,initial,S3,L,machine-agent-9,machine,yes,yes,yes,none,no,high,right,no,no,no,no,False,False,True,True,start frame; butter box right of raisin box in all 3 views (3D est right 0.18 vs behind 0.02); both boxes flat on table,True,,True,
RV-7a3df03ccc,S3-C03-initial,initial,S3,R,machine-agent-9,machine,yes,yes,yes,none,no,high,right,yes,yes,yes,yes,False,False,True,True,start frame; butter box right of raisin box in all 3 views (3D est right 0.18 vs behind 0.02); both boxes flat on table,True,,True,
RV-7c8c8788d7,S1-C02-secondary-50,secondary,S1,L,machine-agent-5,machine,yes,yes,na,none,yes,high,right,no,no,no,no,False,False,True,True,Cube held by the gripper near table height; both exterior views agree cube is right of the bowl with a small in-front component,True,,False,transit_or_gripper_contact
RV-7c8c8788d7,S1-C02-secondary-50,secondary,S1,L,machine-agent-11,machine,yes,yes,na,other,yes,high,right,no,no,no,no,False,False,True,True,cube grasped and lifted between gripper fingers; both views place it right of bowl with small front-back offset,False,ambiguity:other,False,ambiguity:other;transit_or_gripper_contact
RV-7c8c8788d7,S1-C02-secondary-50,secondary,S1,R,machine-agent-5,machine,yes,yes,na,none,yes,high,right,yes,yes,yes,yes,False,False,True,True,Cube held by the gripper near table height; both exterior views agree cube is right of the bowl with a small in-front component,True,,False,transit_or_gripper_contact
RV-7c8c8788d7,S1-C02-secondary-50,secondary,S1,R,machine-agent-11,machine,yes,yes,na,other,yes,high,right,yes,yes,yes,yes,False,False,True,True,cube grasped and lifted between gripper fingers; both views place it right of bowl with small front-back offset,False,ambiguity:other,False,ambiguity:other;transit_or_gripper_contact
RV-7c8c8788d7,S1-C02-secondary-50,secondary,S1,F,machine-agent-5,machine,yes,yes,na,none,yes,high,right,no,no,no,no,False,False,True,True,Cube held by the gripper near table height; both exterior views agree cube is right of the bowl with a small in-front component,True,,False,transit_or_gripper_contact
RV-7c8c8788d7,S1-C02-secondary-50,secondary,S1,F,machine-agent-11,machine,yes,yes,na,other,yes,high,right,no,no,no,no,False,False,True,True,cube grasped and lifted between gripper fingers; both views place it right of bowl with small front-back offset,False,ambiguity:other,False,ambiguity:other;transit_or_gripper_contact
RV-7c8c8788d7,S1-C02-secondary-50,secondary,S1,B,machine-agent-5,machine,yes,yes,na,none,yes,high,right,no,no,no,no,False,False,True,True,Cube held by the gripper near table height; both exterior views agree cube is right of the bowl with a small in-front component,True,,False,transit_or_gripper_contact
RV-7c8c8788d7,S1-C02-secondary-50,secondary,S1,B,machine-agent-11,machine,yes,yes,na,other,yes,high,right,no,no,no,no,False,False,True,True,cube grasped and lifted between gripper fingers; both views place it right of bowl with small front-back offset,False,ambiguity:other,False,ambiguity:other;transit_or_gripper_contact
RV-81d4bbe4b8,S3-C06-secondary-100,secondary,S3,TOP,machine-agent-6,machine,yes,yes,yes,boundary,cannot_tell,low,not_on_top,no,no,no,no,False,False,True,True,butter box behind-right of raisin box at about 54 deg from right axis (behind about 1.35x right); gripper fingertips at butter top; box at table level,False,ambiguity:boundary;low_confidence,False,ambiguity:boundary;low_confidence
RV-81d4bbe4b8,S3-C06-secondary-100,secondary,S3,L,machine-agent-6,machine,yes,no,yes,boundary,cannot_tell,low,diagonal_ambiguous,,,no,no,,,True,True,butter box behind-right of raisin box at about 54 deg from right axis (behind about 1.35x right); gripper fingertips at butter top; box at table level,False,relation_not_discernible;ambiguity:boundary;low_confidence,False,relation_not_discernible;ambiguity:boundary;low_confidence
RV-81d4bbe4b8,S3-C06-secondary-100,secondary,S3,R,machine-agent-6,machine,yes,no,yes,boundary,cannot_tell,low,diagonal_ambiguous,,,yes,yes,,,True,True,butter box behind-right of raisin box at about 54 deg from right axis (behind about 1.35x right); gripper fingertips at butter top; box at table level,False,relation_not_discernible;ambiguity:boundary;low_confidence,False,relation_not_discernible;ambiguity:boundary;low_confidence
RV-8a66d7d9ad,S1-C01-secondary-50,secondary,S1,L,machine-agent-9,machine,yes,yes,na,none,cannot_tell,high,left,yes,yes,yes,yes,False,False,True,True,cube under open gripper left of bowl in both views (3D est left 0.19 vs front-back under 0.03),True,,True,
RV-8a66d7d9ad,S1-C01-secondary-50,secondary,S1,R,machine-agent-9,machine,yes,yes,na,none,cannot_tell,high,left,no,no,no,no,False,False,True,True,cube under open gripper left of bowl in both views (3D est left 0.19 vs front-back under 0.03),True,,True,
RV-8a66d7d9ad,S1-C01-secondary-50,secondary,S1,F,machine-agent-9,machine,yes,yes,na,none,cannot_tell,high,left,no,no,no,no,False,False,True,True,cube under open gripper left of bowl in both views (3D est left 0.19 vs front-back under 0.03),True,,True,
RV-8a66d7d9ad,S1-C01-secondary-50,secondary,S1,B,machine-agent-9,machine,yes,yes,na,none,cannot_tell,high,left,no,no,no,no,False,False,True,True,cube under open gripper left of bowl in both views (3D est left 0.19 vs front-back under 0.03),True,,True,
RV-9c212f5ec4,S4-C05-secondary-50,secondary,S4,TOP,machine-agent-5,machine,yes,yes,yes,none,cannot_tell,medium,not_on_top,no,no,no,no,False,False,True,True,Mustard upright on the table against the outer side of an open finger; both exterior views give right with a smaller behind component (about 30 deg); contact unresolvable,True,,True,
RV-9c212f5ec4,S4-C05-secondary-50,secondary,S4,TOP,machine-agent-11,machine,yes,yes,yes,boundary,cannot_tell,medium,not_on_top,no,no,no,no,False,False,True,True,mustard lying on its side on table; right and behind raisin near 45 deg (left view leans right and right view leans behind); gripper finger beside mustard contact unclear,False,ambiguity:boundary,False,ambiguity:boundary
RV-9c212f5ec4,S4-C05-secondary-50,secondary,S4,L,machine-agent-5,machine,yes,yes,yes,none,cannot_tell,medium,right,no,no,no,no,False,False,True,True,Mustard upright on the table against the outer side of an open finger; both exterior views give right with a smaller behind component (about 30 deg); contact unresolvable,True,,True,
RV-9c212f5ec4,S4-C05-secondary-50,secondary,S4,L,machine-agent-11,machine,yes,no,yes,boundary,cannot_tell,medium,diagonal_ambiguous,,,no,no,,,True,True,mustard lying on its side on table; right and behind raisin near 45 deg (left view leans right and right view leans behind); gripper finger beside mustard contact unclear,False,relation_not_discernible;ambiguity:boundary,False,relation_not_discernible;ambiguity:boundary
RV-9c212f5ec4,S4-C05-secondary-50,secondary,S4,R,machine-agent-5,machine,yes,yes,yes,none,cannot_tell,medium,right,yes,yes,yes,yes,False,False,True,True,Mustard upright on the table against the outer side of an open finger; both exterior views give right with a smaller behind component (about 30 deg); contact unresolvable,True,,True,
RV-9c212f5ec4,S4-C05-secondary-50,secondary,S4,R,machine-agent-11,machine,yes,no,yes,boundary,cannot_tell,medium,diagonal_ambiguous,,,yes,yes,,,True,True,mustard lying on its side on table; right and behind raisin near 45 deg (left view leans right and right view leans behind); gripper finger beside mustard contact unclear,False,relation_not_discernible;ambiguity:boundary,False,relation_not_discernible;ambiguity:boundary
RV-9c2b672d61,S4-C07-initial,initial,S4,TOP,machine-agent-6,machine,yes,yes,yes,none,no,high,not_on_top,no,no,no,no,False,False,True,True,start frame; mustard stands on table clearly left of raisin box in both views,True,,True,
RV-9c2b672d61,S4-C07-initial,initial,S4,L,machine-agent-6,machine,yes,yes,yes,none,no,high,left,yes,yes,yes,yes,False,False,True,True,start frame; mustard stands on table clearly left of raisin box in both views,True,,True,
RV-9c2b672d61,S4-C07-initial,initial,S4,R,machine-agent-6,machine,yes,yes,yes,none,no,high,left,no,no,no,no,False,False,True,True,start frame; mustard stands on table clearly left of raisin box in both views,True,,True,
RV-a124c9c362,S4-C08-initial,initial,S4,TOP,machine-agent-9,machine,yes,yes,yes,none,no,high,not_on_top,no,no,no,no,False,False,True,True,start frame; upright bottle left of raisin box in all 3 views (3D est left 0.11 vs front 0.04-0.07); slight overlap in left view,True,,True,
RV-a124c9c362,S4-C08-initial,initial,S4,L,machine-agent-9,machine,yes,yes,yes,none,no,high,left,yes,yes,yes,yes,False,False,True,True,start frame; upright bottle left of raisin box in all 3 views (3D est left 0.11 vs front 0.04-0.07); slight overlap in left view,True,,True,
RV-a124c9c362,S4-C08-initial,initial,S4,R,machine-agent-9,machine,yes,yes,yes,none,no,high,left,no,no,no,no,False,False,True,True,start frame; upright bottle left of raisin box in all 3 views (3D est left 0.11 vs front 0.04-0.07); slight overlap in left view,True,,True,
RV-add0667f29,S3-C07-secondary-100,secondary,S3,TOP,machine-agent-5,machine,yes,yes,yes,other,cannot_tell,medium,on_top_supported,yes,yes,yes,yes,False,False,True,True,Butter box lies flat on top of the raisin box shifted toward its far end and slightly overhanging; small horizontal offset; closed fingertips at the butter box end so contact unresolvable,False,ambiguity:other,False,ambiguity:other
RV-add0667f29,S3-C07-secondary-100,secondary,S3,TOP,machine-agent-11,machine,yes,yes,yes,other,cannot_tell,medium,on_top_supported,yes,yes,yes,yes,False,False,True,True,butter lying across top of raisin box with overhang; stacked so no dominant horizontal offset; closed fingertips at butter end contact unclear,False,ambiguity:other,False,ambiguity:other
RV-add0667f29,S3-C07-secondary-100,secondary,S3,L,machine-agent-5,machine,yes,yes,yes,other,cannot_tell,medium,behind,no,no,no,no,False,False,True,True,Butter box lies flat on top of the raisin box shifted toward its far end and slightly overhanging; small horizontal offset; closed fingertips at the butter box end so contact unresolvable,False,ambiguity:other,False,ambiguity:other
RV-add0667f29,S3-C07-secondary-100,secondary,S3,L,machine-agent-11,machine,yes,no,yes,other,cannot_tell,medium,cannot_tell,,,no,no,,,True,True,butter lying across top of raisin box with overhang; stacked so no dominant horizontal offset; closed fingertips at butter end contact unclear,False,relation_not_discernible;ambiguity:other,False,relation_not_discernible;ambiguity:other
RV-add0667f29,S3-C07-secondary-100,secondary,S3,R,machine-agent-5,machine,yes,yes,yes,other,cannot_tell,medium,behind,no,no,no,no,False,False,True,True,Butter box lies flat on top of the raisin box shifted toward its far end and slightly overhanging; small horizontal offset; closed fingertips at the butter box end so contact unresolvable,False,ambiguity:other,False,ambiguity:other
RV-add0667f29,S3-C07-secondary-100,secondary,S3,R,machine-agent-11,machine,yes,no,yes,other,cannot_tell,medium,cannot_tell,,,no,no,,,True,True,butter lying across top of raisin box with overhang; stacked so no dominant horizontal offset; closed fingertips at butter end contact unclear,False,relation_not_discernible;ambiguity:other,False,relation_not_discernible;ambiguity:other
RV-b902896e39,S1-C01-initial,initial,S1,L,machine-agent-6,machine,yes,yes,na,none,no,medium,right,no,no,no,no,False,False,True,True,start frame; cube right of bowl in both views with smaller in-front component (about 2:1),True,,True,
RV-b902896e39,S1-C01-initial,initial,S1,R,machine-agent-6,machine,yes,yes,na,none,no,medium,right,yes,yes,yes,yes,False,False,True,True,start frame; cube right of bowl in both views with smaller in-front component (about 2:1),True,,True,
RV-b902896e39,S1-C01-initial,initial,S1,F,machine-agent-6,machine,yes,yes,na,none,no,medium,right,no,no,no,no,False,False,True,True,start frame; cube right of bowl in both views with smaller in-front component (about 2:1),True,,True,
RV-b902896e39,S1-C01-initial,initial,S1,B,machine-agent-6,machine,yes,yes,na,none,no,medium,right,no,no,no,no,False,False,True,True,start frame; cube right of bowl in both views with smaller in-front component (about 2:1),True,,True,
RV-c0118af5cd,S3-C02-secondary-50,secondary,S3,TOP,machine-agent-9,machine,yes,yes,yes,occlusion,cannot_tell,medium,not_on_top,no,no,no,no,False,False,True,True,butter box inside open gripper and partly hidden by fingers; behind raisin box in both views (3D est behind 0.15-0.19 vs left 0.02-0.03); table contact inferred from open fingers,False,ambiguity:occlusion,False,ambiguity:occlusion
RV-c0118af5cd,S3-C02-secondary-50,secondary,S3,L,machine-agent-9,machine,yes,yes,yes,occlusion,cannot_tell,medium,behind,no,no,no,no,False,False,True,True,butter box inside open gripper and partly hidden by fingers; behind raisin box in both views (3D est behind 0.15-0.19 vs left 0.02-0.03); table contact inferred from open fingers,False,ambiguity:occlusion,False,ambiguity:occlusion
RV-c0118af5cd,S3-C02-secondary-50,secondary,S3,R,machine-agent-9,machine,yes,yes,yes,occlusion,cannot_tell,medium,behind,no,no,no,no,False,False,True,True,butter box inside open gripper and partly hidden by fingers; behind raisin box in both views (3D est behind 0.15-0.19 vs left 0.02-0.03); table contact inferred from open fingers,False,ambiguity:occlusion,False,ambiguity:occlusion
RV-c5f7ac782f,S4-C03-initial,initial,S4,TOP,machine-agent-5,machine,yes,yes,yes,none,no,high,not_on_top,no,no,no,no,False,False,True,True,Start frame; mustard upright on the table next to the raisin box; wrist and both exterior views agree on left; gripper far away,True,,True,
RV-c5f7ac782f,S4-C03-initial,initial,S4,TOP,machine-agent-11,machine,yes,yes,yes,none,no,high,not_on_top,no,no,no,no,False,False,True,True,mustard upright on table adjacent to raisin box; both exterior views and wrist legend agree left; start frame with gripper far above,True,,True,
RV-c5f7ac782f,S4-C03-initial,initial,S4,L,machine-agent-5,machine,yes,yes,yes,none,no,high,left,yes,yes,yes,yes,False,False,True,True,Start frame; mustard upright on the table next to the raisin box; wrist and both exterior views agree on left; gripper far away,True,,True,
RV-c5f7ac782f,S4-C03-initial,initial,S4,L,machine-agent-11,machine,yes,yes,yes,none,no,high,left,yes,yes,yes,yes,False,False,True,True,mustard upright on table adjacent to raisin box; both exterior views and wrist legend agree left; start frame with gripper far above,True,,True,
RV-c5f7ac782f,S4-C03-initial,initial,S4,R,machine-agent-5,machine,yes,yes,yes,none,no,high,left,no,no,no,no,False,False,True,True,Start frame; mustard upright on the table next to the raisin box; wrist and both exterior views agree on left; gripper far away,True,,True,
RV-c5f7ac782f,S4-C03-initial,initial,S4,R,machine-agent-11,machine,yes,yes,yes,none,no,high,left,no,no,no,no,False,False,True,True,mustard upright on table adjacent to raisin box; both exterior views and wrist legend agree left; start frame with gripper far above,True,,True,
RV-d235f1dafd,S3-C04-secondary-50,secondary,S3,TOP,machine-agent-6,machine,yes,yes,yes,none,cannot_tell,medium,not_on_top,no,no,no,no,False,False,True,True,butter box right of raisin box with small behind component; box at table level; gripper finger right next to butter box,True,,True,
RV-d235f1dafd,S3-C04-secondary-50,secondary,S3,L,machine-agent-6,machine,yes,yes,yes,none,cannot_tell,medium,right,no,no,no,no,False,False,True,True,butter box right of raisin box with small behind component; box at table level; gripper finger right next to butter box,True,,True,
RV-d235f1dafd,S3-C04-secondary-50,secondary,S3,R,machine-agent-6,machine,yes,yes,yes,none,cannot_tell,medium,right,yes,yes,yes,yes,False,False,True,True,butter box right of raisin box with small behind component; box at table level; gripper finger right next to butter box,True,,True,
RV-e068e99341,S3-C04-initial,initial,S3,TOP,machine-agent-9,machine,yes,yes,yes,none,no,high,not_on_top,no,no,no,no,False,False,True,True,start frame; butter box right of raisin box in all 3 views (3D est right 0.19 vs front 0.03),True,,True,
RV-e068e99341,S3-C04-initial,initial,S3,L,machine-agent-9,machine,yes,yes,yes,none,no,high,right,no,no,no,no,False,False,True,True,start frame; butter box right of raisin box in all 3 views (3D est right 0.19 vs front 0.03),True,,True,
RV-e068e99341,S3-C04-initial,initial,S3,R,machine-agent-9,machine,yes,yes,yes,none,no,high,right,yes,yes,yes,yes,False,False,True,True,start frame; butter box right of raisin box in all 3 views (3D est right 0.19 vs front 0.03),True,,True,
RV-e60224fe66,S3-C08-secondary-50,secondary,S3,TOP,machine-agent-5,machine,yes,yes,yes,none,no,high,not_on_top,no,no,no,no,False,False,True,True,Both boxes flat on the table; both exterior views give right with a small behind component; open gripper not touching either object,True,,True,
RV-e60224fe66,S3-C08-secondary-50,secondary,S3,TOP,machine-agent-11,machine,yes,yes,yes,none,no,high,not_on_top,no,no,no,no,False,False,True,True,both boxes flat on table well separated; butter label legible in wrist view; both exterior views agree right,True,,True,
RV-e60224fe66,S3-C08-secondary-50,secondary,S3,L,machine-agent-5,machine,yes,yes,yes,none,no,high,right,no,no,no,no,False,False,True,True,Both boxes flat on the table; both exterior views give right with a small behind component; open gripper not touching either object,True,,True,
RV-e60224fe66,S3-C08-secondary-50,secondary,S3,L,machine-agent-11,machine,yes,yes,yes,none,no,high,right,no,no,no,no,False,False,True,True,both boxes flat on table well separated; butter label legible in wrist view; both exterior views agree right,True,,True,
RV-e60224fe66,S3-C08-secondary-50,secondary,S3,R,machine-agent-5,machine,yes,yes,yes,none,no,high,right,yes,yes,yes,yes,False,False,True,True,Both boxes flat on the table; both exterior views give right with a small behind component; open gripper not touching either object,True,,True,
RV-e60224fe66,S3-C08-secondary-50,secondary,S3,R,machine-agent-11,machine,yes,yes,yes,none,no,high,right,yes,yes,yes,yes,False,False,True,True,both boxes flat on table well separated; butter label legible in wrist view; both exterior views agree right,True,,True,
RV-e8be917c3a,S4-C06-secondary-100,secondary,S4,TOP,machine-agent-6,machine,yes,yes,yes,other,yes,medium,not_on_top,no,no,no,no,False,False,True,True,mustard grasped and tilted by gripper; clearly right of raisin box in both views; table contact unclear,False,ambiguity:other,False,ambiguity:other;transit_or_gripper_contact
RV-e8be917c3a,S4-C06-secondary-100,secondary,S4,L,machine-agent-6,machine,yes,yes,no,other,yes,medium,right,no,,no,no,False,,True,True,mustard grasped and tilted by gripper; clearly right of raisin box in both views; table contact unclear,False,ambiguity:other,False,ambiguity:other;required_table_support_not_visible;transit_or_gripper_contact
RV-e8be917c3a,S4-C06-secondary-100,secondary,S4,R,machine-agent-6,machine,yes,yes,no,other,yes,medium,right,yes,,yes,yes,False,,True,True,mustard grasped and tilted by gripper; clearly right of raisin box in both views; table contact unclear,False,ambiguity:other,False,ambiguity:other;required_table_support_not_visible;transit_or_gripper_contact
RV-ee9bc76360,S4-C02-secondary-50,secondary,S4,TOP,machine-agent-9,machine,yes,yes,yes,none,cannot_tell,medium,not_on_top,no,no,no,no,False,False,True,True,bottle standing inside open gripper left of raisin box (3D est left 0.15 vs behind 0.03-0.05); left camera alone looks near-diagonal because of bottle height,True,,True,
RV-ee9bc76360,S4-C02-secondary-50,secondary,S4,L,machine-agent-9,machine,yes,yes,yes,none,cannot_tell,medium,left,yes,yes,yes,yes,False,False,True,True,bottle standing inside open gripper left of raisin box (3D est left 0.15 vs behind 0.03-0.05); left camera alone looks near-diagonal because of bottle height,True,,True,
RV-ee9bc76360,S4-C02-secondary-50,secondary,S4,R,machine-agent-9,machine,yes,yes,yes,none,cannot_tell,medium,left,no,no,no,no,False,False,True,True,bottle standing inside open gripper left of raisin box (3D est left 0.15 vs behind 0.03-0.05); left camera alone looks near-diagonal because of bottle height,True,,True,
RV-f86a769832,S3-C04-secondary-100,secondary,S3,TOP,machine-agent-5,machine,yes,yes,yes,none,no,medium,not_on_top,no,no,no,no,False,False,True,True,Both boxes flat on the table; right dominant in both views but the left view shows a notable behind component (about 33 deg); open gripper adjacent to the butter box without visible contact,True,,True,
RV-f86a769832,S3-C04-secondary-100,secondary,S3,TOP,machine-agent-11,machine,yes,yes,yes,boundary,no,medium,not_on_top,no,no,no,no,False,False,True,True,both boxes flat on table; butter right of raisin with smaller behind component (about 30 deg off lateral); open gripper near butter but not touching,False,ambiguity:boundary,False,ambiguity:boundary
RV-f86a769832,S3-C04-secondary-100,secondary,S3,L,machine-agent-5,machine,yes,yes,yes,none,no,medium,right,no,no,no,no,False,False,True,True,Both boxes flat on the table; right dominant in both views but the left view shows a notable behind component (about 33 deg); open gripper adjacent to the butter box without visible contact,True,,True,
RV-f86a769832,S3-C04-secondary-100,secondary,S3,L,machine-agent-11,machine,yes,yes,yes,boundary,no,medium,right,no,no,no,no,False,False,True,True,both boxes flat on table; butter right of raisin with smaller behind component (about 30 deg off lateral); open gripper near butter but not touching,False,ambiguity:boundary,False,ambiguity:boundary
RV-f86a769832,S3-C04-secondary-100,secondary,S3,R,machine-agent-5,machine,yes,yes,yes,none,no,medium,right,yes,yes,yes,yes,False,False,True,True,Both boxes flat on the table; right dominant in both views but the left view shows a notable behind component (about 33 deg); open gripper adjacent to the butter box without visible contact,True,,True,
RV-f86a769832,S3-C04-secondary-100,secondary,S3,R,machine-agent-11,machine,yes,yes,yes,boundary,no,medium,right,yes,yes,yes,yes,False,False,True,True,both boxes flat on table; butter right of raisin with smaller behind component (about 30 deg off lateral); open gripper near butter but not touching,False,ambiguity:boundary,False,ambiguity:boundary
RV-f9b34ce860,S3-C05-secondary-100,secondary,S3,TOP,machine-agent-6,machine,yes,yes,yes,occlusion,yes,medium,not_on_top,no,no,no,no,False,False,True,True,butter box held edge-on by gripper roughly 20 cm behind raisin box with little lateral offset; largely occluded by fingers,False,ambiguity:occlusion,False,ambiguity:occlusion;transit_or_gripper_contact
RV-f9b34ce860,S3-C05-secondary-100,secondary,S3,L,machine-agent-6,machine,yes,yes,no,occlusion,yes,medium,behind,no,,no,no,False,,True,True,butter box held edge-on by gripper roughly 20 cm behind raisin box with little lateral offset; largely occluded by fingers,False,ambiguity:occlusion,False,ambiguity:occlusion;required_table_support_not_visible;transit_or_gripper_contact
RV-f9b34ce860,S3-C05-secondary-100,secondary,S3,R,machine-agent-6,machine,yes,yes,no,occlusion,yes,medium,behind,no,,no,no,False,,True,True,butter box held edge-on by gripper roughly 20 cm behind raisin box with little lateral offset; largely occluded by fingers,False,ambiguity:occlusion,False,ambiguity:occlusion;required_table_support_not_visible;transit_or_gripper_contact
