frame_id,goal_id,bank,scene_id,reviewers,reviewer_ids,gold_A,gold_C,proposed_relations,relation_agreement,r1_answerable_A,review_answerable_all_A,review_answerable_any_A,answerability_agreement_A,discrepancy_any_A,revised_A,strict_A,exclusion_reasons_A,r1_answerable_C,review_answerable_all_C,review_answerable_any_C,answerability_agreement_C,discrepancy_any_C,revised_C,strict_C,exclusion_reasons_C
S1-C01-initial,B,initial,S1,1,machine-agent-6,no,no,right,True,True,True,True,True,False,True,True,,True,True,True,True,False,True,True,
S1-C01-initial,F,initial,S1,1,machine-agent-6,no,no,right,True,True,True,True,True,False,True,True,,True,True,True,True,False,True,True,
S1-C01-initial,L,initial,S1,1,machine-agent-6,no,no,right,True,True,True,True,True,False,True,True,,True,True,True,True,False,True,True,
S1-C01-initial,R,initial,S1,1,machine-agent-6,yes,yes,right,True,True,True,True,True,False,True,True,,True,True,True,True,False,True,True,
S1-C01-secondary-100,B,secondary,S1,1,machine-agent-6,no,no,left,True,True,False,False,True,False,False,False,ambiguity:occlusion,False,False,False,True,False,False,False,ambiguity:occlusion;transit_or_gripper_contact
S1-C01-secondary-100,F,secondary,S1,1,machine-agent-6,no,no,left,True,True,False,False,True,False,False,False,ambiguity:occlusion,False,False,False,True,False,False,False,ambiguity:occlusion;transit_or_gripper_contact
S1-C01-secondary-100,L,secondary,S1,1,machine-agent-6,yes,yes,left,True,True,False,False,True,False,False,False,ambiguity:occlusion,False,False,False,True,False,False,False,ambiguity:occlusion;transit_or_gripper_contact
S1-C01-secondary-100,R,secondary,S1,1,machine-agent-6,no,no,left,True,True,False,False,True,False,False,False,ambiguity:occlusion,False,False,False,True,False,False,False,ambiguity:occlusion;transit_or_gripper_contact
S1-C01-secondary-50,B,secondary,S1,1,machine-agent-9,no,no,left,True,True,True,True,True,False,True,True,,True,True,True,True,False,True,True,
S1-C01-secondary-50,F,secondary,S1,1,machine-agent-9,no,no,left,True,True,True,True,True,False,True,True,,True,True,True,True,False,True,True,
S1-C01-secondary-50,L,secondary,S1,1,machine-agent-9,yes,yes,left,True,True,True,True,True,False,True,True,,True,True,True,True,False,True,True,
S1-C01-secondary-50,R,secondary,S1,1,machine-agent-9,no,no,left,True,True,True,True,True,False,True,True,,True,True,True,True,False,True,True,
S1-C02-secondary-50,B,secondary,S1,2,machine-agent-11;machine-agent-5,no,no,right;right,True,True,False,True,False,False,False,False,ambiguity:other,True,False,False,True,False,False,False,ambiguity:other;transit_or_gripper_contact
S1-C02-secondary-50,F,secondary,S1,2,machine-agent-11;machine-agent-5,no,no,right;right,True,True,False,True,False,False,False,False,ambiguity:other,True,False,False,True,False,False,False,ambiguity:other;transit_or_gripper_contact
S1-C02-secondary-50,L,secondary,S1,2,machine-agent-11;machine-agent-5,no,no,right;right,True,True,False,True,False,False,False,False,ambiguity:other,True,False,False,True,False,False,False,ambiguity:other;transit_or_gripper_contact
S1-C02-secondary-50,R,secondary,S1,2,machine-agent-11;machine-agent-5,yes,yes,right;right,True,True,False,True,False,False,False,False,ambiguity:other,True,False,False,True,False,False,False,ambiguity:other;transit_or_gripper_contact
S1-C03-secondary-100,B,secondary,S1,1,machine-agent-9,no,no,right,True,True,True,True,True,False,True,True,,True,True,True,True,False,True,True,
S1-C03-secondary-100,F,secondary,S1,1,machine-agent-9,no,no,right,True,True,True,True,True,False,True,True,,True,True,True,True,False,True,True,
S1-C03-secondary-100,L,secondary,S1,1,machine-agent-9,no,no,right,True,True,True,True,True,False,True,True,,True,True,True,True,False,True,True,
S1-C03-secondary-100,R,secondary,S1,1,machine-agent-9,yes,yes,right,True,True,True,True,True,False,True,True,,True,True,True,True,False,True,True,
S1-C04-initial,B,initial,S1,1,machine-agent-9,no,no,right,True,True,True,True,True,False,True,True,,True,True,True,True,False,True,True,
S1-C04-initial,F,initial,S1,1,machine-agent-9,no,no,right,True,True,True,True,True,False,True,True,,True,True,True,True,False,True,True,
S1-C04-initial,L,initial,S1,1,machine-agent-9,no,no,right,True,True,True,True,True,False,True,True,,True,True,True,True,False,True,True,
S1-C04-initial,R,initial,S1,1,machine-agent-9,yes,yes,right,True,True,True,True,True,False,True,True,,True,True,True,True,False,True,True,
S1-C04-secondary-50,B,secondary,S1,2,machine-agent-11;machine-agent-5,yes,yes,cannot_tell;cannot_tell,True,True,False,False,True,False,False,False,ambiguity:other;relation_not_discernible,True,False,False,True,False,False,False,ambiguity:other;relation_not_discernible
S1-C04-secondary-50,F,secondary,S1,2,machine-agent-11;machine-agent-5,no,no,cannot_tell;cannot_tell,True,True,False,False,True,False,False,False,ambiguity:other;relation_not_discernible,True,False,False,True,False,False,False,ambiguity:other;relation_not_discernible
S1-C04-secondary-50,L,secondary,S1,2,machine-agent-11;machine-agent-5,no,no,cannot_tell;cannot_tell,True,True,False,False,True,False,False,False,ambiguity:other;relation_not_discernible,True,False,False,True,False,False,False,ambiguity:other;relation_not_discernible
S1-C04-secondary-50,R,secondary,S1,2,machine-agent-11;machine-agent-5,no,no,cannot_tell;cannot_tell,True,True,False,False,True,False,False,False,ambiguity:other;relation_not_discernible,True,False,False,True,False,False,False,ambiguity:other;relation_not_discernible
S1-C05-secondary-50,B,secondary,S1,1,machine-agent-9,no,no,right,True,True,True,True,True,False,True,True,,True,True,True,True,False,True,True,
S1-C05-secondary-50,F,secondary,S1,1,machine-agent-9,no,no,right,True,True,True,True,True,False,True,True,,True,True,True,True,False,True,True,
S1-C05-secondary-50,L,secondary,S1,1,machine-agent-9,no,no,right,True,True,True,True,True,False,True,True,,True,True,True,True,False,True,True,
S1-C05-secondary-50,R,secondary,S1,1,machine-agent-9,yes,yes,right,True,True,True,True,True,False,True,True,,True,True,True,True,False,True,True,
S1-C07-initial,B,initial,S1,1,machine-agent-9,no,no,right,True,True,True,True,True,False,True,True,,True,True,True,True,False,True,True,
S1-C07-initial,F,initial,S1,1,machine-agent-9,no,no,right,True,True,True,True,True,False,True,True,,True,True,True,True,False,True,True,
S1-C07-initial,L,initial,S1,1,machine-agent-9,no,no,right,True,True,True,True,True,False,True,True,,True,True,True,True,False,True,True,
S1-C07-initial,R,initial,S1,1,machine-agent-9,yes,yes,right,True,True,True,True,True,False,True,True,,True,True,True,True,False,True,True,
S1-C07-secondary-100,B,secondary,S1,1,machine-agent-6,no,no,cannot_tell,True,True,False,False,True,False,False,False,ambiguity:other;relation_not_discernible,True,False,False,True,False,False,False,ambiguity:other;relation_not_discernible
S1-C07-secondary-100,F,secondary,S1,1,machine-agent-6,no,no,cannot_tell,True,True,False,False,True,False,False,False,ambiguity:other;relation_not_discernible,True,False,False,True,False,False,False,ambiguity:other;relation_not_discernible
S1-C07-secondary-100,L,secondary,S1,1,machine-agent-6,no,no,cannot_tell,True,True,False,False,True,False,False,False,ambiguity:other;relation_not_discernible,True,False,False,True,False,False,False,ambiguity:other;relation_not_discernible
S1-C07-secondary-100,R,secondary,S1,1,machine-agent-6,yes,yes,cannot_tell,True,True,False,False,True,False,False,False,ambiguity:other;relation_not_discernible,True,False,False,True,False,False,False,ambiguity:other;relation_not_discernible
S1-C07-secondary-50,B,secondary,S1,1,machine-agent-6,no,no,cannot_tell,True,True,False,False,True,False,False,False,ambiguity:other;relation_not_discernible,True,False,False,True,False,False,False,ambiguity:other;relation_not_discernible
S1-C07-secondary-50,F,secondary,S1,1,machine-agent-6,no,no,cannot_tell,True,True,False,False,True,False,False,False,ambiguity:other;relation_not_discernible,True,False,False,True,False,False,False,ambiguity:other;relation_not_discernible
S1-C07-secondary-50,L,secondary,S1,1,machine-agent-6,no,no,cannot_tell,True,True,False,False,True,False,False,False,ambiguity:other;relation_not_discernible,True,False,False,True,False,False,False,ambiguity:other;relation_not_discernible
S1-C07-secondary-50,R,secondary,S1,1,machine-agent-6,yes,yes,cannot_tell,True,True,False,False,True,False,False,False,ambiguity:other;relation_not_discernible,True,False,False,True,False,False,False,ambiguity:other;relation_not_discernible
S1-C08-secondary-50,B,secondary,S1,2,machine-agent-11;machine-agent-5,no,no,right;right,True,True,False,False,True,False,False,False,ambiguity:other,False,False,False,True,False,False,False,ambiguity:other;transit_or_gripper_contact
S1-C08-secondary-50,F,secondary,S1,2,machine-agent-11;machine-agent-5,no,no,right;right,True,True,False,False,True,False,False,False,ambiguity:other,False,False,False,True,False,False,False,ambiguity:other;transit_or_gripper_contact
S1-C08-secondary-50,L,secondary,S1,2,machine-agent-11;machine-agent-5,no,no,right;right,True,True,False,False,True,False,False,False,ambiguity:other,False,False,False,True,False,False,False,ambiguity:other;transit_or_gripper_contact
S1-C08-secondary-50,R,secondary,S1,2,machine-agent-11;machine-agent-5,yes,yes,right;right,True,True,False,False,True,False,False,False,ambiguity:other,False,False,False,True,False,False,False,ambiguity:other;transit_or_gripper_contact
S3-C02-initial,L,initial,S3,2,machine-agent-11;machine-agent-5,no,no,right;right,True,True,True,True,True,False,True,True,,True,True,True,True,False,True,True,
S3-C02-initial,R,initial,S3,2,machine-agent-11;machine-agent-5,yes,yes,right;right,True,True,True,True,True,False,True,True,,True,True,True,True,False,True,True,
S3-C02-initial,TOP,initial,S3,2,machine-agent-11;machine-agent-5,no,no,not_on_top;not_on_top,True,True,True,True,True,False,True,True,,True,True,True,True,False,True,True,
S3-C02-secondary-50,L,secondary,S3,1,machine-agent-9,no,no,behind,True,True,False,False,True,False,False,False,ambiguity:occlusion,True,False,False,True,False,False,False,ambiguity:occlusion
S3-C02-secondary-50,R,secondary,S3,1,machine-agent-9,no,no,behind,True,True,False,False,True,False,False,False,ambiguity:occlusion,True,False,False,True,False,False,False,ambiguity:occlusion
S3-C02-secondary-50,TOP,secondary,S3,1,machine-agent-9,no,no,not_on_top,True,True,False,False,True,False,False,False,ambiguity:occlusion,True,False,False,True,False,False,False,ambiguity:occlusion
S3-C03-initial,L,initial,S3,1,machine-agent-9,no,no,right,True,True,True,True,True,False,True,True,,True,True,True,True,False,True,True,
S3-C03-initial,R,initial,S3,1,machine-agent-9,yes,yes,right,True,True,True,True,True,False,True,True,,True,True,True,True,False,True,True,
S3-C03-initial,TOP,initial,S3,1,machine-agent-9,no,no,not_on_top,True,True,True,True,True,False,True,True,,True,True,True,True,False,True,True,
S3-C03-secondary-100,L,secondary,S3,2,machine-agent-11;machine-agent-5,no,no,diagonal_ambiguous;diagonal_ambiguous,True,True,False,False,True,False,False,False,ambiguity:occlusion;low_confidence;relation_not_discernible,True,False,False,True,False,False,False,ambiguity:occlusion;low_confidence;relation_not_discernible
S3-C03-secondary-100,R,secondary,S3,2,machine-agent-11;machine-agent-5,no,no,diagonal_ambiguous;diagonal_ambiguous,True,False,False,False,True,False,False,False,ambiguity:occlusion;low_confidence;relation_not_discernible,False,False,False,True,False,False,False,ambiguity:occlusion;low_confidence;relation_not_discernible
S3-C03-secondary-100,TOP,secondary,S3,2,machine-agent-11;machine-agent-5,no,no,not_on_top;not_on_top,True,True,False,False,True,False,False,False,ambiguity:occlusion;low_confidence,True,False,False,True,False,False,False,ambiguity:occlusion;low_confidence
S3-C04-initial,L,initial,S3,1,machine-agent-9,no,no,right,True,True,True,True,True,False,True,True,,True,True,True,True,False,True,True,
S3-C04-initial,R,initial,S3,1,machine-agent-9,yes,yes,right,True,True,True,True,True,False,True,True,,True,True,True,True,False,True,True,
S3-C04-initial,TOP,initial,S3,1,machine-agent-9,no,no,not_on_top,True,True,True,True,True,False,True,True,,True,True,True,True,False,True,True,
S3-C04-secondary-100,L,secondary,S3,2,machine-agent-11;machine-agent-5,no,no,right;right,True,True,False,True,False,False,False,False,ambiguity:boundary,True,False,True,False,False,False,False,ambiguity:boundary
S3-C04-secondary-100,R,secondary,S3,2,machine-agent-11;machine-agent-5,yes,yes,right;right,True,True,False,True,False,False,False,False,ambiguity:boundary,True,False,True,False,False,False,False,ambiguity:boundary
S3-C04-secondary-100,TOP,secondary,S3,2,machine-agent-11;machine-agent-5,no,no,not_on_top;not_on_top,True,True,False,True,False,False,False,False,ambiguity:boundary,True,False,True,False,False,False,False,ambiguity:boundary
S3-C04-secondary-50,L,secondary,S3,1,machine-agent-6,no,no,right,True,True,True,True,True,False,True,True,,True,True,True,True,False,True,True,
S3-C04-secondary-50,R,secondary,S3,1,machine-agent-6,yes,yes,right,True,True,True,True,True,False,True,True,,True,True,True,True,False,True,True,
S3-C04-secondary-50,TOP,secondary,S3,1,machine-agent-6,no,no,not_on_top,True,True,True,True,True,False,True,True,,True,True,True,True,False,True,True,
S3-C05-secondary-100,L,secondary,S3,1,machine-agent-6,no,no,behind,True,True,False,False,True,False,False,False,ambiguity:occlusion,True,False,False,True,False,False,False,ambiguity:occlusion;required_table_support_not_visible;transit_or_gripper_contact
S3-C05-secondary-100,R,secondary,S3,1,machine-agent-6,no,no,behind,True,True,False,False,True,False,False,False,ambiguity:occlusion,True,False,False,True,False,False,False,ambiguity:occlusion;required_table_support_not_visible;transit_or_gripper_contact
S3-C05-secondary-100,TOP,secondary,S3,1,machine-agent-6,no,no,not_on_top,True,True,False,False,True,False,False,False,ambiguity:occlusion,True,False,False,True,False,False,False,ambiguity:occlusion;transit_or_gripper_contact
S3-C06-secondary-100,L,secondary,S3,1,machine-agent-6,no,no,diagonal_ambiguous,True,True,False,False,True,False,False,False,ambiguity:boundary;low_confidence;relation_not_discernible,True,False,False,True,False,False,False,ambiguity:boundary;low_confidence;relation_not_discernible
S3-C06-secondary-100,R,secondary,S3,1,machine-agent-6,yes,yes,diagonal_ambiguous,True,True,False,False,True,False,False,False,ambiguity:boundary;low_confidence;relation_not_discernible,True,False,False,True,False,False,False,ambiguity:boundary;low_confidence;relation_not_discernible
S3-C06-secondary-100,TOP,secondary,S3,1,machine-agent-6,no,no,not_on_top,True,True,False,False,True,False,False,False,ambiguity:boundary;low_confidence,True,False,False,True,False,False,False,ambiguity:boundary;low_confidence
S3-C07-initial,L,initial,S3,1,machine-agent-6,no,no,right,True,True,True,True,True,False,True,True,,True,True,True,True,False,True,True,
S3-C07-initial,R,initial,S3,1,machine-agent-6,yes,yes,right,True,True,True,True,True,False,True,True,,True,True,True,True,False,True,True,
S3-C07-initial,TOP,initial,S3,1,machine-agent-6,no,no,not_on_top,True,True,True,True,True,False,True,True,,True,True,True,True,False,True,True,
S3-C07-secondary-100,L,secondary,S3,2,machine-agent-11;machine-agent-5,no,no,behind;cannot_tell,False,True,False,False,True,False,False,False,ambiguity:other;relation_not_discernible,True,False,False,True,False,False,False,ambiguity:other;relation_not_discernible
S3-C07-secondary-100,R,secondary,S3,2,machine-agent-11;machine-agent-5,no,no,behind;cannot_tell,False,True,False,False,True,False,False,False,ambiguity:other;relation_not_discernible,True,False,False,True,False,False,False,ambiguity:other;relation_not_discernible
S3-C07-secondary-100,TOP,secondary,S3,2,machine-agent-11;machine-agent-5,yes,yes,on_top_supported;on_top_supported,True,True,False,False,True,False,False,False,ambiguity:other,True,False,False,True,False,False,False,ambiguity:other
S3-C08-initial,L,initial,S3,1,machine-agent-6,no,no,right,True,True,True,True,True,False,True,True,,True,True,True,True,False,True,True,
S3-C08-initial,R,initial,S3,1,machine-agent-6,yes,yes,right,True,True,True,True,True,False,True,True,,True,True,True,True,False,True,True,
S3-C08-initial,TOP,initial,S3,1,machine-agent-6,no,no,not_on_top,True,True,True,True,True,False,True,True,,True,True,True,True,False,True,True,
S3-C08-secondary-50,L,secondary,S3,2,machine-agent-11;machine-agent-5,no,no,right;right,True,True,True,True,True,False,True,True,,True,True,True,True,False,True,True,
S3-C08-secondary-50,R,secondary,S3,2,machine-agent-11;machine-agent-5,yes,yes,right;right,True,True,True,True,True,False,True,True,,True,True,True,True,False,True,True,
S3-C08-secondary-50,TOP,secondary,S3,2,machine-agent-11;machine-agent-5,no,no,not_on_top;not_on_top,True,True,True,True,True,False,True,True,,True,True,True,True,False,True,True,
S4-C01-secondary-100,L,secondary,S4,1,machine-agent-9,yes,yes,left,True,False,True,True,True,False,False,False,,False,True,True,True,False,False,False,
S4-C01-secondary-100,R,secondary,S4,1,machine-agent-9,no,no,left,True,True,True,True,True,False,True,True,,True,True,True,True,False,True,True,
S4-C01-secondary-100,TOP,secondary,S4,1,machine-agent-9,no,no,not_on_top,True,True,True,True,True,False,True,True,,True,True,True,True,False,True,True,
S4-C02-secondary-50,L,secondary,S4,1,machine-agent-9,yes,yes,left,True,True,True,True,True,False,True,True,,True,True,True,True,False,True,True,
S4-C02-secondary-50,R,secondary,S4,1,machine-agent-9,no,no,left,True,True,True,True,True,False,True,True,,True,True,True,True,False,True,True,
S4-C02-secondary-50,TOP,secondary,S4,1,machine-agent-9,no,no,not_on_top,True,True,True,True,True,False,True,True,,True,True,True,True,False,True,True,
S4-C03-initial,L,initial,S4,2,machine-agent-11;machine-agent-5,yes,yes,left;left,True,True,True,True,True,False,True,True,,True,True,True,True,False,True,True,
S4-C03-initial,R,initial,S4,2,machine-agent-11;machine-agent-5,no,no,left;left,True,True,True,True,True,False,True,True,,True,True,True,True,False,True,True,
S4-C03-initial,TOP,initial,S4,2,machine-agent-11;machine-agent-5,no,no,not_on_top;not_on_top,True,True,True,True,True,False,True,True,,True,True,True,True,False,True,True,
S4-C03-secondary-100,L,secondary,S4,1,machine-agent-6,no,no,behind,True,True,False,False,True,False,False,False,ambiguity:other,False,False,False,True,False,False,False,ambiguity:other;required_table_support_not_visible;transit_or_gripper_contact
S4-C03-secondary-100,R,secondary,S4,1,machine-agent-6,no,no,behind,True,True,False,False,True,False,False,False,ambiguity:other,False,False,False,True,False,False,False,ambiguity:other;required_table_support_not_visible;transit_or_gripper_contact
S4-C03-secondary-100,TOP,secondary,S4,1,machine-agent-6,no,no,not_on_top,True,True,False,False,True,False,False,False,ambiguity:other,False,False,False,True,False,False,False,ambiguity:other;transit_or_gripper_contact
S4-C03-secondary-50,L,secondary,S4,1,machine-agent-9,no,no,right,True,True,False,False,True,False,False,False,ambiguity:boundary,False,False,False,True,False,False,False,ambiguity:boundary
S4-C03-secondary-50,R,secondary,S4,1,machine-agent-9,yes,no,right,True,True,False,False,True,False,False,False,ambiguity:boundary,False,False,False,True,True,False,False,ambiguity:boundary
S4-C03-secondary-50,TOP,secondary,S4,1,machine-agent-9,no,no,not_on_top,True,True,False,False,True,False,False,False,ambiguity:boundary,False,False,False,True,False,False,False,ambiguity:boundary
S4-C05-initial,L,initial,S4,2,machine-agent-11;machine-agent-5,yes,yes,left;left,True,True,True,True,True,False,True,True,,True,True,True,True,False,True,True,
S4-C05-initial,R,initial,S4,2,machine-agent-11;machine-agent-5,no,no,left;left,True,True,True,True,True,False,True,True,,True,True,True,True,False,True,True,
S4-C05-initial,TOP,initial,S4,2,machine-agent-11;machine-agent-5,no,no,not_on_top;not_on_top,True,True,True,True,True,False,True,True,,True,True,True,True,False,True,True,
S4-C05-secondary-50,L,secondary,S4,2,machine-agent-11;machine-agent-5,no,no,right;diagonal_ambiguous,False,True,False,True,False,False,False,False,ambiguity:boundary;relation_not_discernible,True,False,True,False,False,False,False,ambiguity:boundary;relation_not_discernible
S4-C05-secondary-50,R,secondary,S4,2,machine-agent-11;machine-agent-5,yes,yes,right;diagonal_ambiguous,False,True,False,True,False,False,False,False,ambiguity:boundary;relation_not_discernible,True,False,True,False,False,False,False,ambiguity:boundary;relation_not_discernible
S4-C05-secondary-50,TOP,secondary,S4,2,machine-agent-11;machine-agent-5,no,no,not_on_top;not_on_top,True,True,False,True,False,False,False,False,ambiguity:boundary,True,False,True,False,False,False,False,ambiguity:boundary
S4-C06-secondary-100,L,secondary,S4,1,machine-agent-6,no,no,right,True,True,False,False,True,False,False,False,ambiguity:other,True,False,False,True,False,False,False,ambiguity:other;required_table_support_not_visible;transit_or_gripper_contact
S4-C06-secondary-100,R,secondary,S4,1,machine-agent-6,yes,yes,right,True,True,False,False,True,False,False,False,ambiguity:other,True,False,False,True,False,False,False,ambiguity:other;required_table_support_not_visible;transit_or_gripper_contact
S4-C06-secondary-100,TOP,secondary,S4,1,machine-agent-6,no,no,not_on_top,True,True,False,False,True,False,False,False,ambiguity:other,True,False,False,True,False,False,False,ambiguity:other;transit_or_gripper_contact
S4-C06-secondary-50,L,secondary,S4,2,machine-agent-11;machine-agent-5,no,no,right;right,True,True,True,True,True,False,True,True,,False,True,True,True,False,False,False,
S4-C06-secondary-50,R,secondary,S4,2,machine-agent-11;machine-agent-5,yes,yes,right;right,True,True,True,True,True,False,True,True,,False,True,True,True,False,False,False,
S4-C06-secondary-50,TOP,secondary,S4,2,machine-agent-11;machine-agent-5,no,no,not_on_top;not_on_top,True,True,True,True,True,False,True,True,,False,True,True,True,False,False,False,
S4-C07-initial,L,initial,S4,1,machine-agent-6,yes,yes,left,True,True,True,True,True,False,True,True,,True,True,True,True,False,True,True,
S4-C07-initial,R,initial,S4,1,machine-agent-6,no,no,left,True,True,True,True,True,False,True,True,,True,True,True,True,False,True,True,
S4-C07-initial,TOP,initial,S4,1,machine-agent-6,no,no,not_on_top,True,True,True,True,True,False,True,True,,True,True,True,True,False,True,True,
S4-C08-initial,L,initial,S4,1,machine-agent-9,yes,yes,left,True,True,True,True,True,False,True,True,,True,True,True,True,False,True,True,
S4-C08-initial,R,initial,S4,1,machine-agent-9,no,no,left,True,True,True,True,True,False,True,True,,True,True,True,True,False,True,True,
S4-C08-initial,TOP,initial,S4,1,machine-agent-9,no,no,not_on_top,True,True,True,True,True,False,True,True,,True,True,True,True,False,True,True,
